Price,Close,Close,High,High,Low,Low,Open,Open,Volume,Volume
Ticker,^GSPC,^NDX,^GSPC,^NDX,^GSPC,^NDX,^GSPC,^NDX,^GSPC,^NDX
Date,,,,,,,,,,
2016-01-04,2012.6600341796875,4497.85986328125,2038.199951171875,4497.85986328125,1989.6800537109375,4439.1298828125,2038.199951171875,4485.06005859375,4304880000.0,2218420000.0
2016-01-05,2016.7099609375,4484.18017578125,2021.93994140625,4522.1201171875,2004.1700439453125,4466.0498046875,2013.780029296875,4512.0400390625,3706620000.0,1927380000.0
2016-01-06,1990.260009765625,4443.990234375,2011.7099609375,4467.5498046875,1979.050048828125,4409.490234375,2011.7099609375,4409.77978515625,4336660000.0,2168620000.0
2016-01-07,1943.0899658203125,4305.72021484375,1985.3199462890625,4403.60986328125,1938.8299560546875,4303.66015625,1985.3199462890625,4349.14013671875,5076590000.0,2552590000.0
2016-01-08,1922.030029296875,4270.77978515625,1960.4000244140625,4362.4599609375,1918.4599609375,4264.81005859375,1945.969970703125,4336.1201171875,4664940000.0,2288750000.0
2016-01-11,1923.6700439453125,4283.5498046875,1935.6500244140625,4311.14013671875,1901.0999755859375,4217.6298828125,1926.1199951171875,4300.97021484375,4607290000.0,2391110000.0
2016-01-12,1938.6800537109375,4333.72021484375,1947.3800048828125,4353.18994140625,1914.3499755859375,4273.02001953125,1927.8299560546875,4322.77001953125,4887260000.0,2147470000.0
2016-01-13,1890.280029296875,4183.1201171875,1950.3299560546875,4359.5,1886.4100341796875,4177.2998046875,1940.3399658203125,4352.64013671875,5087030000.0,2533200000.0
2016-01-14,1921.8399658203125,4272.97021484375,1934.469970703125,4308.25,1878.9300537109375,4133.31982421875,1891.6800537109375,4201.22998046875,5241110000.0,2565560000.0
2016-01-15,1880.3299560546875,4141.080078125,1916.6800537109375,4184.68994140625,1857.8299560546875,4085.7900390625,1916.6800537109375,4123.8701171875,5468460000.0,2818630000.0
2016-01-19,1881.3299560546875,4147.06982421875,1901.43994140625,4202.0400390625,1864.5999755859375,4101.0498046875,1888.6600341796875,4199.56005859375,4928350000.0,2394550000.0
2016-01-20,1859.3299560546875,4136.27978515625,1876.1800537109375,4178.64013671875,1812.2900390625,3992.909912109375,1876.1800537109375,4078.22998046875,6416070000.0,3204130000.0
2016-01-21,1868.989990234375,4142.60009765625,1889.8499755859375,4200.35986328125,1848.97998046875,4099.2998046875,1861.4599609375,4146.4501953125,5078810000.0,2447750000.0
2016-01-22,1906.9000244140625,4259.77001953125,1908.8499755859375,4260.5498046875,1877.4000244140625,4209.240234375,1877.4000244140625,4226.43994140625,4901760000.0,2153340000.0
2016-01-25,1877.0799560546875,4196.52978515625,1906.280029296875,4268.10986328125,1875.969970703125,4193.31982421875,1906.280029296875,4245.47021484375,4401380000.0,2028880000.0
2016-01-26,1903.6300048828125,4233.85009765625,1906.72998046875,4250.97021484375,1878.7900390625,4177.85009765625,1878.7900390625,4211.919921875,4357940000.0,1981180000.0
2016-01-27,1882.949951171875,4128.85986328125,1916.989990234375,4226.08984375,1872.699951171875,4111.93017578125,1902.52001953125,4214.93994140625,4754040000.0,2115710000.0
2016-01-28,1893.3599853515625,4186.06005859375,1902.9599609375,4197.47998046875,1873.6500244140625,4116.5,1885.219970703125,4197.2001953125,4693010000.0,2322310000.0
2016-01-29,1940.239990234375,4279.169921875,1940.239990234375,4279.169921875,1894.0,4184.31005859375,1894.0,4186.35009765625,5497570000.0,2607550000.0
2016-02-01,1939.3800048828125,4286.56005859375,1947.199951171875,4301.6298828125,1920.300048828125,4238.2001953125,1936.93994140625,4254.41015625,4322530000.0,1983340000.0
2016-02-02,1903.030029296875,4193.10009765625,1935.260009765625,4265.0400390625,1897.2900390625,4180.56982421875,1935.260009765625,4262.4501953125,4463190000.0,2185180000.0
2016-02-03,1912.530029296875,4171.97021484375,1918.010009765625,4218.16015625,1872.22998046875,4099.240234375,1907.0699462890625,4213.669921875,5172950000.0,2466190000.0
2016-02-04,1915.449951171875,4167.77001953125,1927.3499755859375,4200.990234375,1900.52001953125,4120.580078125,1911.6700439453125,4158.0498046875,5193320000.0,2200930000.0
2016-02-05,1880.050048828125,4024.469970703125,1913.0699462890625,4152.72998046875,1872.6500244140625,4008.449951171875,1913.0699462890625,4150.35009765625,4929940000.0,2479280000.0
2016-02-08,1853.43994140625,3960.669921875,1873.25,3979.090087890625,1828.4599609375,3888.780029296875,1873.25,3947.989990234375,5636460000.0,2702070000.0
2016-02-09,1852.2099609375,3947.800048828125,1868.25,4008.06005859375,1834.93994140625,3902.739990234375,1848.4599609375,3903.929931640625,5183220000.0,2465790000.0
2016-02-10,1851.8599853515625,3966.280029296875,1881.5999755859375,4045.47998046875,1850.3199462890625,3962.699951171875,1857.0999755859375,3996.760009765625,4471170000.0,2448380000.0
2016-02-11,1829.0799560546875,3962.219970703125,1847.0,3988.7099609375,1810.0999755859375,3902.860107421875,1847.0,3910.570068359375,5500800000.0,2812330000.0
2016-02-12,1864.780029296875,4019.18994140625,1864.780029296875,4022.1201171875,1833.4000244140625,3965.739990234375,1833.4000244140625,3996.639892578125,4696920000.0,1983190000.0
2016-02-16,1895.5799560546875,4104.330078125,1895.77001953125,4104.330078125,1871.43994140625,4049.8798828125,1871.43994140625,4077.330078125,4570670000.0,2117920000.0
2016-02-17,1926.8199462890625,4199.10009765625,1930.6800537109375,4204.6201171875,1898.800048828125,4125.830078125,1898.800048828125,4138.43017578125,5011540000.0,2296440000.0
2016-02-18,1917.8299560546875,4151.490234375,1930.0,4212.580078125,1915.0899658203125,4146.10009765625,1927.5699462890625,4212.22021484375,4436490000.0,1955870000.0
2016-02-19,1917.780029296875,4164.08984375,1918.780029296875,4175.080078125,1902.1700439453125,4121.58984375,1916.739990234375,4129.75,4142850000.0,1903770000.0
2016-02-22,1945.5,4231.27001953125,1946.699951171875,4235.1201171875,1924.43994140625,4199.93017578125,1924.43994140625,4203.60009765625,4054710000.0,1794020000.0
2016-02-23,1921.27001953125,4162.5400390625,1942.3800048828125,4217.990234375,1919.43994140625,4158.56005859375,1942.3800048828125,4209.31982421875,3890650000.0,1777750000.0
2016-02-24,1929.800048828125,4200.66015625,1932.0799560546875,4205.97998046875,1891.0,4088.1201171875,1917.56005859375,4116.02001953125,4317250000.0,1978180000.0
2016-02-25,1951.699951171875,4241.06005859375,1951.8299560546875,4241.25,1925.4100341796875,4173.25,1931.8699951171875,4212.47998046875,4118210000.0,1667840000.0
2016-02-26,1948.050048828125,4235.6201171875,1962.9599609375,4275.830078125,1945.780029296875,4227.2900390625,1954.949951171875,4273.58984375,4348510000.0,1814920000.0
2016-02-29,1932.22998046875,4201.1201171875,1958.27001953125,4263.31005859375,1931.81005859375,4200.14990234375,1947.1300048828125,4228.56982421875,4588180000.0,2065260000.0
2016-03-01,1978.3499755859375,4333.60986328125,1978.3499755859375,4333.60986328125,1937.0899658203125,4225.93017578125,1937.0899658203125,4238.080078125,4819750000.0,2080150000.0
2016-03-02,1986.449951171875,4334.39013671875,1986.510009765625,4335.43017578125,1968.800048828125,4301.08984375,1976.5999755859375,4328.72021484375,4666610000.0,1912510000.0
2016-03-03,1993.4000244140625,4325.85986328125,1993.68994140625,4331.490234375,1977.3699951171875,4296.31982421875,1985.5999755859375,4330.39990234375,5081700000.0,1936290000.0
2016-03-04,1999.989990234375,4329.0,2009.1300048828125,4356.33984375,1986.77001953125,4301.35009765625,1994.010009765625,4334.02978515625,6049930000.0,2171230000.0
2016-03-07,2001.760009765625,4303.330078125,2006.1199951171875,4330.27978515625,1989.3800048828125,4271.56005859375,1996.1099853515625,4303.81005859375,4968180000.0,2084390000.0
2016-03-08,1979.260009765625,4265.509765625,1996.8800048828125,4308.83984375,1977.4300537109375,4258.81982421875,1996.8800048828125,4272.72021484375,4641650000.0,1993060000.0
2016-03-09,1989.260009765625,4293.22998046875,1992.68994140625,4293.22998046875,1979.8399658203125,4258.080078125,1981.43994140625,4281.10009765625,4038120000.0,1789550000.0
2016-03-10,1989.5699462890625,4286.97021484375,2005.0799560546875,4335.330078125,1969.25,4232.080078125,1990.969970703125,4307.8701171875,4376790000.0,1936470000.0
2016-03-11,2022.18994140625,4361.830078125,2022.3699951171875,4361.830078125,1994.7099609375,4320.5498046875,1994.7099609375,4337.1201171875,4078620000.0,1801790000.0
2016-03-14,2019.6400146484375,4367.330078125,2024.5699462890625,4378.35009765625,2012.050048828125,4347.5498046875,2019.27001953125,4347.93994140625,3487850000.0,1615100000.0
2016-03-15,2015.9300537109375,4367.080078125,2015.93994140625,4371.2900390625,2005.22998046875,4339.85986328125,2015.27001953125,4354.3798828125,3560280000.0,1692420000.0
2016-03-16,2027.219970703125,4404.2001953125,2032.02001953125,4416.10986328125,2010.0400390625,4357.740234375,2014.239990234375,4359.669921875,4057020000.0,1781060000.0
2016-03-17,2040.5899658203125,4400.259765625,2046.239990234375,4413.080078125,2022.1600341796875,4376.8701171875,2026.9000244140625,4390.06005859375,4530480000.0,1907190000.0
2016-03-18,2049.580078125,4410.830078125,2052.360107421875,4420.8798828125,2041.1600341796875,4387.7998046875,2041.1600341796875,4408.81982421875,6503140000.0,2829040000.0
2016-03-21,2051.60009765625,4426.97998046875,2053.909912109375,4430.43994140625,2043.1400146484375,4400.35009765625,2047.8800048828125,4403.08984375,3376600000.0,1609230000.0
2016-03-22,2049.800048828125,4437.6201171875,2056.60009765625,4450.759765625,2040.5699462890625,4401.259765625,2048.639892578125,4403.47021484375,3418460000.0,1596200000.0
2016-03-23,2036.7099609375,4402.56005859375,2048.550048828125,4434.759765625,2034.8599853515625,4394.9599609375,2048.550048828125,4431.81982421875,3639510000.0,1732630000.0
2016-03-24,2035.93994140625,4405.52978515625,2036.0400390625,4405.990234375,2022.489990234375,4374.7099609375,2032.47998046875,4380.22998046875,3407720000.0,1590990000.0
2016-03-28,2037.050048828125,4398.06982421875,2042.6700439453125,4417.56982421875,2031.9599609375,4393.080078125,2037.8900146484375,4415.0400390625,2809090000.0,1381000000.0
2016-03-29,2055.010009765625,4467.72021484375,2055.909912109375,4471.77001953125,2028.31005859375,4384.27001953125,2035.75,4391.18994140625,3822330000.0,1806490000.0
2016-03-30,2063.949951171875,4490.8798828125,2072.2099609375,4518.18017578125,2058.27001953125,4481.83984375,2058.27001953125,4494.7001953125,3590310000.0,1717820000.0
2016-03-31,2059.739990234375,4483.66015625,2067.919921875,4504.240234375,2057.4599609375,4478.1298828125,2063.77001953125,4491.009765625,3715280000.0,1774270000.0
2016-04-01,2072.780029296875,4532.080078125,2075.070068359375,4534.31982421875,2043.97998046875,4452.10986328125,2056.6201171875,4461.77001953125,3749990000.0,1812250000.0
2016-04-04,2066.1298828125,4511.7001953125,2074.02001953125,4533.43017578125,2062.570068359375,4503.64990234375,2073.18994140625,4526.39013671875,3485710000.0,1705730000.0
2016-04-05,2045.1700439453125,4470.75,2062.5,4494.7099609375,2042.56005859375,4465.0400390625,2062.5,4479.10986328125,4154920000.0,1726010000.0
2016-04-06,2066.659912109375,4543.77978515625,2067.330078125,4544.58984375,2043.0899658203125,4476.35009765625,2045.56005859375,4476.35009765625,3750800000.0,1761770000.0
2016-04-07,2041.9100341796875,4475.2900390625,2063.010009765625,4525.68994140625,2033.800048828125,4459.72021484375,2063.010009765625,4519.02001953125,3801250000.0,1908940000.0
2016-04-08,2047.5999755859375,4474.93017578125,2060.6298828125,4515.91015625,2041.68994140625,4459.56005859375,2045.5400390625,4506.97021484375,3359530000.0,1588830000.0
2016-04-11,2041.989990234375,4458.7099609375,2062.929931640625,4516.10009765625,2041.8800048828125,4458.47021484375,2050.22998046875,4496.259765625,3567840000.0,1545540000.0
2016-04-12,2061.719970703125,4496.0400390625,2065.050048828125,4503.89013671875,2039.739990234375,4435.0498046875,2043.719970703125,4464.06982421875,4239740000.0,1759280000.0
2016-04-13,2082.419921875,4554.72021484375,2083.179931640625,4560.10986328125,2065.919921875,4524.259765625,2065.919921875,4526.919921875,4191830000.0,1936450000.0
2016-04-14,2082.780029296875,4554.6298828125,2087.840087890625,4569.72998046875,2078.1298828125,4541.66015625,2082.889892578125,4554.66015625,3765870000.0,1645810000.0
2016-04-15,2080.72998046875,4543.16015625,2083.219970703125,4558.919921875,2076.31005859375,4531.0,2083.10009765625,4550.31005859375,3701450000.0,1684790000.0
2016-04-18,2094.340087890625,4569.31005859375,2094.659912109375,4570.580078125,2073.64990234375,4531.10986328125,2078.830078125,4535.2099609375,3316880000.0,1672260000.0
2016-04-19,2100.800048828125,4537.08984375,2104.050048828125,4574.3798828125,2091.679931640625,4515.97998046875,2096.050048828125,4573.580078125,3896830000.0,1824250000.0
2016-04-20,2102.39990234375,4540.43994140625,2111.050048828125,4562.33984375,2096.320068359375,4523.89990234375,2101.52001953125,4539.2001953125,4184880000.0,1781340000.0
2016-04-21,2091.47998046875,4540.7998046875,2103.780029296875,4558.669921875,2088.52001953125,4522.85009765625,2102.090087890625,4540.7099609375,4175290000.0,1758190000.0
2016-04-22,2091.580078125,4474.18994140625,2094.320068359375,4502.39013671875,2081.199951171875,4440.14013671875,2091.489990234375,4478.4501953125,3790580000.0,2018930000.0
2016-04-25,2087.7900390625,4474.1298828125,2089.3701171875,4474.77001953125,2077.52001953125,4452.8701171875,2089.3701171875,4459.669921875,3319740000.0,1582270000.0
2016-04-26,2091.699951171875,4452.97021484375,2096.8701171875,4490.06005859375,2085.800048828125,4439.3798828125,2089.840087890625,4480.60009765625,3557190000.0,1825020000.0
2016-04-27,2095.14990234375,4416.6298828125,2099.889892578125,4426.27978515625,2082.31005859375,4381.169921875,2092.330078125,4412.81982421875,4100110000.0,1938780000.0
2016-04-28,2075.81005859375,4363.990234375,2099.300048828125,4447.2001953125,2071.6201171875,4355.2998046875,2090.929931640625,4419.1201171875,4309840000.0,2161400000.0
2016-04-29,2065.300048828125,4341.2998046875,2073.85009765625,4372.97021484375,2052.280029296875,4307.10009765625,2071.820068359375,4367.58984375,4704720000.0,2376460000.0
2016-05-02,2081.429931640625,4381.2998046875,2083.419921875,4386.97998046875,2066.110107421875,4334.58984375,2067.169921875,4350.830078125,3841110000.0,1880460000.0
2016-05-03,2063.3701171875,4341.39013671875,2077.179931640625,4368.759765625,2054.889892578125,4329.759765625,2077.179931640625,4349.080078125,4173390000.0,1984340000.0
2016-05-04,2051.1201171875,4312.009765625,2060.300048828125,4328.22021484375,2045.550048828125,4301.06982421875,2060.300048828125,4314.5,4058560000.0,1950800000.0
2016-05-05,2050.6298828125,4309.47998046875,2060.22998046875,4333.1201171875,2045.77001953125,4299.60986328125,2052.949951171875,4326.91015625,4008530000.0,1888350000.0
2016-05-06,2057.139892578125,4330.169921875,2057.719970703125,4330.240234375,2039.449951171875,4282.0,2047.77001953125,4290.35986328125,3796350000.0,1860800000.0
2016-05-09,2058.68994140625,4341.22998046875,2064.14990234375,4361.8701171875,2054.31005859375,4329.89990234375,2057.550048828125,4331.66015625,3788620000.0,1625100000.0
2016-05-10,2084.389892578125,4402.0400390625,2084.8701171875,4404.08984375,2062.6298828125,4351.16015625,2062.6298828125,4360.72998046875,3600200000.0,1760120000.0
2016-05-11,2064.4599609375,4361.02978515625,2083.2900390625,4407.93017578125,2064.4599609375,4360.72998046875,2083.2900390625,4395.8798828125,3821980000.0,1859110000.0
2016-05-12,2064.110107421875,4342.81005859375,2073.989990234375,4377.85986328125,2053.1298828125,4312.8798828125,2067.169921875,4376.08984375,3782390000.0,1930450000.0
2016-05-13,2046.6099853515625,4326.52978515625,2066.7900390625,4364.240234375,2043.1300048828125,4318.7001953125,2062.5,4337.830078125,3579880000.0,1698030000.0
2016-05-16,2066.659912109375,4380.47998046875,2071.8798828125,4395.7001953125,2046.530029296875,4329.89013671875,2046.530029296875,4335.330078125,3501360000.0,1741510000.0
2016-05-17,2047.2099609375,4322.56005859375,2065.68994140625,4385.06005859375,2040.8199462890625,4311.18017578125,2065.0400390625,4376.5498046875,4108960000.0,1925230000.0
2016-05-18,2047.6300048828125,4338.22998046875,2060.610107421875,4360.91015625,2034.489990234375,4305.72998046875,2044.3800048828125,4314.33984375,4101320000.0,1934100000.0
2016-05-19,2040.0400390625,4315.580078125,2044.2099609375,4331.580078125,2025.9100341796875,4284.3701171875,2044.2099609375,4319.85986328125,3846770000.0,1805890000.0
2016-05-20,2052.320068359375,4362.89990234375,2058.35009765625,4379.97998046875,2041.8800048828125,4329.56982421875,2041.8800048828125,4330.06982421875,3507650000.0,1970520000.0
2016-05-23,2048.0400390625,4355.10009765625,2055.580078125,4382.39990234375,2047.260009765625,4353.35986328125,2052.22998046875,4364.72998046875,3055480000.0,1865110000.0
2016-05-24,2076.06005859375,4444.2998046875,2079.669921875,4449.2099609375,2052.64990234375,4380.4599609375,2052.64990234375,4381.33984375,3627340000.0,1942280000.0
2016-05-25,2090.5400390625,4476.43017578125,2094.72998046875,4488.52001953125,2078.929931640625,4453.0498046875,2078.929931640625,4459.259765625,3859160000.0,1784420000.0
2016-05-26,2090.10009765625,4487.9599609375,2094.300048828125,4494.02978515625,2087.080078125,4469.759765625,2091.43994140625,4478.56982421875,3230990000.0,1606250000.0
2016-05-27,2099.06005859375,4512.5400390625,2099.06005859375,4512.5400390625,2090.06005859375,4489.16015625,2090.06005859375,4490.9599609375,3079150000.0,1505020000.0
2016-05-31,2096.949951171875,4523.89013671875,2103.47998046875,4526.83984375,2088.659912109375,4497.64990234375,2100.1298828125,4513.85009765625,4514410000.0,2285350000.0
2016-06-01,2099.330078125,4520.06982421875,2100.969970703125,4530.39013671875,2085.10009765625,4502.77978515625,2093.93994140625,4507.18017578125,3525170000.0,1797090000.0
2016-06-02,2105.260009765625,4531.35009765625,2105.260009765625,4531.35009765625,2088.590087890625,4488.080078125,2097.7099609375,4510.81005859375,3632720000.0,1729050000.0
2016-06-03,2099.1298828125,4509.7900390625,2104.070068359375,4523.35986328125,2085.360107421875,4480.7998046875,2104.070068359375,4520.97998046875,3627780000.0,1697840000.0
2016-06-06,2109.409912109375,4523.6298828125,2113.360107421875,4536.5498046875,2100.830078125,4510.330078125,2100.830078125,4517.8798828125,3442020000.0,1663840000.0
2016-06-07,2112.1298828125,4513.08984375,2119.219970703125,4532.2998046875,2110.179931640625,4511.419921875,2110.179931640625,4527.85986328125,3534730000.0,1747760000.0
2016-06-08,2119.1201171875,4520.6298828125,2120.550048828125,4529.08984375,2112.7099609375,4505.39013671875,2112.7099609375,4521.10009765625,3562060000.0,1692640000.0
2016-06-09,2115.47998046875,4512.68994140625,2117.639892578125,4518.5,2107.72998046875,4494.759765625,2115.64990234375,4501.14990234375,3290320000.0,1632340000.0
2016-06-10,2096.070068359375,4461.0498046875,2109.570068359375,4480.47998046875,2089.9599609375,4447.330078125,2109.570068359375,4473.080078125,3515010000.0,1822200000.0
2016-06-13,2079.06005859375,4422.759765625,2098.1201171875,4461.27001953125,2078.4599609375,4419.72998046875,2091.75,4436.1201171875,3392030000.0,1888300000.0
2016-06-14,2075.320068359375,4424.91015625,2081.300048828125,4439.72998046875,2064.10009765625,4392.43017578125,2076.64990234375,4413.7099609375,3759770000.0,1919710000.0
2016-06-15,2071.5,4409.509765625,2085.64990234375,4439.60986328125,2069.800048828125,4404.580078125,2077.60009765625,4433.68017578125,3544720000.0,1802200000.0
2016-06-16,2077.989990234375,4424.22998046875,2079.6201171875,4428.27001953125,2050.3701171875,4362.16015625,2066.360107421875,4387.89990234375,3628280000.0,1851770000.0
2016-06-17,2071.219970703125,4374.3798828125,2078.199951171875,4409.75,2062.840087890625,4363.6298828125,2078.199951171875,4409.75,4952630000.0,2638220000.0
2016-06-20,2083.25,4400.16015625,2100.659912109375,4444.06005859375,2075.580078125,4397.35986328125,2075.580078125,4424.10986328125,3467440000.0,1779560000.0
2016-06-21,2088.89990234375,4413.39990234375,2093.659912109375,4422.669921875,2083.02001953125,4398.64013671875,2085.18994140625,4408.02978515625,3232880000.0,1698080000.0
2016-06-22,2085.449951171875,4404.72998046875,2099.7099609375,4442.02001953125,2084.360107421875,4400.8798828125,2089.75,4415.4599609375,3168160000.0,1682220000.0
2016-06-23,2113.320068359375,4467.47998046875,2113.320068359375,4467.47998046875,2092.800048828125,4420.16015625,2092.800048828125,4437.60986328125,3297940000.0,1738570000.0
2016-06-24,2037.4100341796875,4285.7001953125,2103.81005859375,4373.14990234375,2032.5699462890625,4274.5400390625,2103.81005859375,4294.7998046875,7597450000.0,4411040000.0
2016-06-27,2000.5400390625,4201.0498046875,2031.449951171875,4249.0,1991.6800537109375,4179.740234375,2031.449951171875,4247.7099609375,5431220000.0,2659650000.0
2016-06-28,2036.0899658203125,4290.47021484375,2036.0899658203125,4291.43017578125,2006.6700439453125,4245.2900390625,2006.6700439453125,4245.31982421875,4385810000.0,2074090000.0
2016-06-29,2070.77001953125,4364.740234375,2073.1298828125,4373.9599609375,2042.68994140625,4322.35986328125,2042.68994140625,4323.330078125,4241740000.0,2116550000.0
2016-06-30,2098.860107421875,4417.7001953125,2098.93994140625,4417.9599609375,2070.0,4359.56982421875,2073.169921875,4378.75,4622820000.0,2171180000.0
2016-07-01,2102.949951171875,4437.4501953125,2108.7099609375,4453.85986328125,2097.89990234375,4411.759765625,2099.340087890625,4411.77001953125,3458890000.0,1745130000.0
2016-07-05,2088.550048828125,4410.75,2095.050048828125,4418.0400390625,2080.860107421875,4386.56005859375,2095.050048828125,4414.35009765625,3658380000.0,1690340000.0
2016-07-06,2099.72998046875,4444.7001953125,2100.719970703125,4447.22998046875,2074.02001953125,4375.72021484375,2084.429931640625,4388.43017578125,3909380000.0,1876090000.0
2016-07-07,2097.89990234375,4459.580078125,2109.080078125,4468.31005859375,2089.389892578125,4438.7998046875,2100.419921875,4451.14990234375,3604550000.0,1672770000.0
2016-07-08,2129.89990234375,4528.35986328125,2131.7099609375,4529.72021484375,2106.969970703125,4476.5,2106.969970703125,4484.919921875,3607500000.0,1947260000.0
2016-07-11,2137.159912109375,4554.7099609375,2143.159912109375,4569.97021484375,2131.719970703125,4544.330078125,2131.719970703125,4544.330078125,3253340000.0,1718450000.0
2016-07-12,2152.139892578125,4577.60986328125,2155.39990234375,4588.240234375,2139.5,4570.56005859375,2139.5,4579.85009765625,4097820000.0,1866280000.0
2016-07-13,2152.429931640625,4565.77001953125,2156.449951171875,4589.9501953125,2146.2099609375,4565.7001953125,2153.81005859375,4589.1298828125,3502320000.0,1650820000.0
2016-07-14,2163.75,4596.490234375,2168.989990234375,4604.759765625,2157.8798828125,4585.7001953125,2157.8798828125,4597.18994140625,3465610000.0,1641170000.0
2016-07-15,2161.739990234375,4589.830078125,2169.050048828125,4607.18017578125,2155.7900390625,4579.830078125,2165.1298828125,4602.0,3122600000.0,1610300000.0
2016-07-18,2166.889892578125,4619.68017578125,2168.35009765625,4627.56982421875,2159.6298828125,4591.830078125,2162.0400390625,4595.06005859375,3009310000.0,1585570000.0
2016-07-19,2163.780029296875,4603.27978515625,2164.6298828125,4617.47021484375,2159.010009765625,4595.3798828125,2163.7900390625,4601.68017578125,2968340000.0,1694740000.0
2016-07-20,2173.02001953125,4657.2001953125,2175.6298828125,4665.669921875,2164.889892578125,4623.93017578125,2166.10009765625,4630.85009765625,3211860000.0,1877330000.0
2016-07-21,2165.169921875,4647.02001953125,2174.56005859375,4669.52978515625,2159.75,4634.06982421875,2172.909912109375,4662.9501953125,3438900000.0,1880310000.0
2016-07-22,2175.030029296875,4666.06982421875,2175.110107421875,4670.5400390625,2163.239990234375,4635.22021484375,2166.469970703125,4650.97998046875,3023280000.0,1639000000.0
2016-07-25,2168.47998046875,4665.93017578125,2173.7099609375,4667.08984375,2161.949951171875,4650.5,2173.7099609375,4662.89990234375,3057240000.0,1770620000.0
2016-07-26,2169.179931640625,4672.10986328125,2173.5400390625,4687.89990234375,2160.179931640625,4648.919921875,2168.969970703125,4664.10009765625,3442350000.0,2038060000.0
2016-07-27,2166.580078125,4702.8798828125,2174.97998046875,4716.06982421875,2159.070068359375,4685.10986328125,2169.81005859375,4711.10986328125,3995500000.0,2122250000.0
2016-07-28,2170.06005859375,4721.41015625,2172.85009765625,4725.77978515625,2159.739990234375,4696.080078125,2166.050048828125,4710.22998046875,3664240000.0,1950910000.0
2016-07-29,2173.60009765625,4730.22998046875,2177.090087890625,4743.25,2163.489990234375,4715.77001953125,2168.830078125,4734.7001953125,4038840000.0,2072640000.0
2016-08-01,2170.840087890625,4756.0400390625,2178.2900390625,4767.240234375,2166.2099609375,4728.72998046875,2173.14990234375,4734.43994140625,3505990000.0,1866590000.0
2016-08-02,2157.030029296875,4719.2099609375,2170.199951171875,4752.2900390625,2147.580078125,4689.5498046875,2169.93994140625,4748.419921875,3848750000.0,2142010000.0
2016-08-03,2163.7900390625,4734.330078125,2163.7900390625,4734.330078125,2152.56005859375,4712.10009765625,2156.81005859375,4716.580078125,3786530000.0,1909470000.0
2016-08-04,2164.25,4743.81005859375,2168.18994140625,4749.08984375,2159.070068359375,4719.009765625,2163.510009765625,4731.5400390625,3709200000.0,1930000000.0
2016-08-05,2182.8701171875,4791.2099609375,2182.8701171875,4799.85986328125,2168.7900390625,4763.580078125,2168.7900390625,4769.169921875,3663070000.0,2017720000.0
2016-08-08,2180.889892578125,4784.740234375,2185.43994140625,4794.14013671875,2177.85009765625,4770.22021484375,2183.760009765625,4791.10009765625,3327550000.0,1624450000.0
2016-08-09,2181.739990234375,4795.75,2187.659912109375,4811.02001953125,2178.610107421875,4786.3798828125,2182.239990234375,4787.919921875,3334300000.0,1664320000.0
2016-08-10,2175.489990234375,4783.39013671875,2183.409912109375,4799.8798828125,2172.0,4771.97998046875,2182.81005859375,4799.830078125,3254950000.0,1651240000.0
2016-08-11,2185.7900390625,4803.31005859375,2188.449951171875,4813.35986328125,2177.969970703125,4790.64990234375,2177.969970703125,4800.58984375,3423160000.0,1511670000.0
2016-08-12,2184.050048828125,4807.080078125,2186.280029296875,4807.52978515625,2179.419921875,4790.490234375,2183.739990234375,4794.35009765625,3000660000.0,1501620000.0
2016-08-15,2190.14990234375,4827.1201171875,2193.81005859375,4837.669921875,2186.080078125,4812.4501953125,2186.080078125,4814.77001953125,3078530000.0,1533170000.0
2016-08-16,2178.14990234375,4797.18994140625,2186.239990234375,4814.9599609375,2178.139892578125,4796.919921875,2186.239990234375,4814.2099609375,3196400000.0,1698390000.0
2016-08-17,2182.219970703125,4805.4501953125,2183.080078125,4807.0498046875,2168.5,4772.43017578125,2177.840087890625,4799.02978515625,3388910000.0,1747890000.0
2016-08-18,2187.02001953125,4808.68017578125,2187.030029296875,4814.5400390625,2180.4599609375,4794.2900390625,2181.89990234375,4802.330078125,3300570000.0,1659080000.0
2016-08-19,2183.8701171875,4806.14013671875,2185.0,4816.0,2175.1298828125,4786.27001953125,2184.239990234375,4800.2001953125,3084800000.0,1632740000.0
2016-08-22,2182.639892578125,4808.56005859375,2185.14990234375,4817.35986328125,2175.9599609375,4791.06005859375,2181.580078125,4797.9501953125,2777550000.0,1560210000.0
2016-08-23,2186.89990234375,4818.47998046875,2193.419921875,4836.4501953125,2186.800048828125,4816.759765625,2187.81005859375,4828.7900390625,3041490000.0,1547050000.0
2016-08-24,2175.43994140625,4783.490234375,2186.659912109375,4821.2998046875,2171.25,4770.72998046875,2185.090087890625,4812.490234375,3148280000.0,1714780000.0
2016-08-25,2172.469970703125,4775.43017578125,2179.0,4792.47021484375,2169.739990234375,4768.0,2173.2900390625,4773.68017578125,2969310000.0,1511890000.0
2016-08-26,2169.0400390625,4783.68994140625,2187.93994140625,4815.580078125,2160.389892578125,4758.10009765625,2175.10009765625,4782.4599609375,3342340000.0,1591060000.0
2016-08-29,2180.3798828125,4791.08984375,2183.47998046875,4804.419921875,2170.18994140625,4784.6298828125,2170.18994140625,4787.93017578125,2654780000.0,1416640000.0
2016-08-30,2176.1201171875,4775.990234375,2182.27001953125,4797.6201171875,2170.409912109375,4760.27978515625,2179.449951171875,4787.77001953125,3006800000.0,1561020000.0
2016-08-31,2170.949951171875,4771.0498046875,2173.7900390625,4775.18994140625,2161.35009765625,4751.68994140625,2173.56005859375,4770.22998046875,3766390000.0,1761770000.0
2016-09-01,2170.860107421875,4783.93994140625,2173.56005859375,4787.93994140625,2157.090087890625,4750.240234375,2171.330078125,4774.81005859375,3392120000.0,1592520000.0
2016-09-02,2179.97998046875,4798.740234375,2184.8701171875,4816.7001953125,2173.590087890625,4781.60986328125,2177.489990234375,4806.14013671875,3091120000.0,1474200000.0
2016-09-06,2186.47998046875,4829.509765625,2186.570068359375,4829.509765625,2175.10009765625,4797.33984375,2181.610107421875,4806.66015625,3447650000.0,1777940000.0
2016-09-07,2186.159912109375,4831.85986328125,2187.8701171875,4839.58984375,2179.070068359375,4813.990234375,2185.169921875,4829.91015625,3319420000.0,1878460000.0
2016-09-08,2181.300048828125,4804.0,2184.93994140625,4816.47998046875,2177.489990234375,4791.22021484375,2182.760009765625,4816.47998046875,3727840000.0,1839790000.0
2016-09-09,2127.81005859375,4681.5400390625,2169.080078125,4773.77001953125,2127.81005859375,4681.5400390625,2169.080078125,4763.0400390625,4233960000.0,2208690000.0
2016-09-12,2159.0400390625,4764.64990234375,2163.300048828125,4772.4501953125,2119.1201171875,4656.509765625,2120.860107421875,4656.58984375,4010480000.0,2007610000.0
2016-09-13,2127.02001953125,4722.85009765625,2150.469970703125,4756.2001953125,2120.27001953125,4701.7900390625,2150.469970703125,4740.0,4141670000.0,2071460000.0
2016-09-14,2125.77001953125,4746.06005859375,2141.330078125,4770.39013671875,2119.89990234375,4726.75,2127.860107421875,4726.75,3664100000.0,1902680000.0
2016-09-15,2147.260009765625,4819.89990234375,2151.31005859375,4826.02001953125,2122.360107421875,4748.669921875,2125.360107421875,4749.7099609375,3373720000.0,1950940000.0
2016-09-16,2139.159912109375,4818.0498046875,2146.47998046875,4821.85009765625,2131.199951171875,4794.2001953125,2146.47998046875,4811.7900390625,5014360000.0,3013860000.0
2016-09-19,2139.1201171875,4796.06982421875,2153.610107421875,4843.759765625,2135.909912109375,4787.43994140625,2143.989990234375,4833.83984375,3141820000.0,1792650000.0
2016-09-20,2139.760009765625,4805.22021484375,2150.800048828125,4824.2099609375,2139.169921875,4797.77978515625,2145.93994140625,4813.77978515625,3117380000.0,1697530000.0
2016-09-21,2163.1201171875,4853.75,2165.110107421875,4858.56982421875,2139.570068359375,4797.89990234375,2144.580078125,4826.580078125,3685450000.0,2001890000.0
2016-09-22,2177.179931640625,4891.35986328125,2179.989990234375,4895.5,2170.93994140625,4876.3701171875,2170.93994140625,4879.27978515625,3523860000.0,1914550000.0
2016-09-23,2164.68994140625,4858.91015625,2173.75,4882.419921875,2163.969970703125,4853.41015625,2173.2900390625,4881.4501953125,3289860000.0,1762700000.0
2016-09-26,2146.10009765625,4817.169921875,2158.5400390625,4837.33984375,2145.0400390625,4812.31982421875,2158.5400390625,4830.169921875,3199910000.0,1672190000.0
2016-09-27,2159.929931640625,4866.7099609375,2161.1298828125,4868.3798828125,2141.550048828125,4811.27978515625,2146.0400390625,4813.89013671875,3414090000.0,1754700000.0
2016-09-28,2171.3701171875,4875.27001953125,2172.39990234375,4877.2998046875,2151.7900390625,4850.0400390625,2161.85009765625,4871.83984375,3860390000.0,1788240000.0
2016-09-29,2151.1298828125,4838.2998046875,2172.669921875,4875.52001953125,2145.199951171875,4819.02001953125,2168.89990234375,4868.4599609375,4215620000.0,1946150000.0
2016-09-30,2168.27001953125,4875.7001953125,2175.300048828125,4889.22998046875,2156.510009765625,4846.89990234375,2156.510009765625,4856.10009765625,4158800000.0,2063260000.0
2016-10-03,2161.199951171875,4866.6298828125,2164.409912109375,4872.14013671875,2154.77001953125,4848.2099609375,2164.330078125,4864.6298828125,3113850000.0,1606460000.0
2016-10-04,2150.489990234375,4859.47021484375,2165.4599609375,4891.5,2144.010009765625,4841.72021484375,2163.3701171875,4880.56982421875,3716100000.0,1711810000.0
2016-10-05,2159.72998046875,4877.75,2163.949951171875,4891.35009765625,2155.14990234375,4870.81005859375,2155.14990234375,4872.97998046875,3883710000.0,1755640000.0
2016-10-06,2160.77001953125,4873.919921875,2162.929931640625,4883.97021484375,2150.280029296875,4851.52978515625,2158.219970703125,4871.9501953125,3438040000.0,1655480000.0
2016-10-07,2153.739990234375,4864.52001953125,2165.860107421875,4884.7001953125,2144.85009765625,4840.93017578125,2164.18994140625,4883.93994140625,3578770000.0,1647330000.0
2016-10-10,2163.659912109375,4893.77001953125,2169.60009765625,4904.72021484375,2160.389892578125,4885.58984375,2160.389892578125,4887.72998046875,2881970000.0,1365600000.0
2016-10-11,2136.72998046875,4821.91015625,2161.56005859375,4890.169921875,2128.840087890625,4804.240234375,2161.35009765625,4890.169921875,3393060000.0,1822980000.0
2016-10-12,2139.179931640625,4819.64013671875,2145.360107421875,4836.5498046875,2132.77001953125,4806.330078125,2137.669921875,4824.27001953125,2959510000.0,1567930000.0
2016-10-13,2132.550048828125,4803.10009765625,2138.18994140625,4816.330078125,2114.719970703125,4760.06982421875,2130.260009765625,4785.58984375,3538030000.0,1737720000.0
2016-10-14,2132.97998046875,4808.47998046875,2149.18994140625,4845.990234375,2132.97998046875,4806.72998046875,2139.679931640625,4828.89990234375,3187910000.0,1593610000.0
2016-10-17,2126.5,4796.169921875,2135.610107421875,4814.8798828125,2124.429931640625,4790.4501953125,2132.949951171875,4808.47021484375,2832440000.0,1427060000.0
2016-10-18,2139.60009765625,4839.72021484375,2144.3798828125,4860.68017578125,2135.489990234375,4837.31005859375,2138.31005859375,4849.91015625,3172940000.0,1476970000.0
2016-10-19,2144.2900390625,4836.60986328125,2148.43994140625,4845.06982421875,2138.14990234375,4830.68017578125,2140.81005859375,4833.81005859375,3364990000.0,1548910000.0
2016-10-20,2141.340087890625,4832.7099609375,2147.179931640625,4842.31982421875,2133.43994140625,4805.83984375,2142.510009765625,4831.31005859375,3339320000.0,1745270000.0
2016-10-21,2141.159912109375,4851.85986328125,2142.6298828125,4853.60986328125,2130.090087890625,4822.77978515625,2139.429931640625,4836.5400390625,3456390000.0,1651490000.0
2016-10-24,2151.330078125,4909.97021484375,2154.7900390625,4911.58984375,2146.909912109375,4880.77001953125,2148.5,4884.16015625,3359950000.0,1533370000.0
2016-10-25,2143.159912109375,4891.4501953125,2151.43994140625,4911.759765625,2141.929931640625,4885.89990234375,2149.719970703125,4908.18017578125,3756200000.0,1580830000.0
2016-10-26,2139.429931640625,4860.58984375,2145.72998046875,4886.31982421875,2131.590087890625,4846.43994140625,2136.969970703125,4863.52001953125,3778120000.0,1732300000.0
2016-10-27,2133.0400390625,4836.4501953125,2147.1298828125,4885.830078125,2132.52001953125,4831.68994140625,2144.06005859375,4883.06982421875,4209400000.0,1926820000.0
2016-10-28,2126.409912109375,4805.58984375,2140.719970703125,4848.5498046875,2119.360107421875,4794.06982421875,2132.22998046875,4820.5,4028270000.0,1911810000.0
2016-10-31,2126.14990234375,4801.27001953125,2133.25,4823.919921875,2125.530029296875,4801.16015625,2129.780029296875,4821.31005859375,3926560000.0,1709060000.0
2016-11-01,2111.719970703125,4766.93994140625,2131.449951171875,4811.02001953125,2097.85009765625,4726.35009765625,2128.679931640625,4810.2998046875,4539190000.0,1880920000.0
2016-11-02,2097.93994140625,4726.91015625,2111.760009765625,4773.64990234375,2094.0,4717.56005859375,2109.429931640625,4764.830078125,4289120000.0,2124990000.0
2016-11-03,2088.659912109375,4679.10009765625,2102.56005859375,4732.2001953125,2085.22998046875,4673.0498046875,2098.800048828125,4718.52978515625,3892100000.0,2113730000.0
2016-11-04,2085.179931640625,4660.4599609375,2099.070068359375,4697.93994140625,2083.7900390625,4647.58984375,2083.7900390625,4647.58984375,3841910000.0,2020130000.0
2016-11-07,2131.52001953125,4773.72998046875,2132.0,4777.06005859375,2100.590087890625,4731.7900390625,2100.590087890625,4737.97998046875,3739720000.0,1916620000.0
2016-11-08,2139.56005859375,4804.919921875,2146.8701171875,4824.97021484375,2123.56005859375,4757.25,2129.919921875,4766.47998046875,3921850000.0,1739440000.0
2016-11-09,2163.260009765625,4825.18017578125,2170.10009765625,4832.9501953125,2125.35009765625,4747.35009765625,2131.56005859375,4748.91015625,6267590000.0,2827570000.0
2016-11-10,2167.47998046875,4747.02978515625,2182.300048828125,4855.7900390625,2151.169921875,4685.740234375,2167.489990234375,4849.7099609375,6458450000.0,2986760000.0
2016-11-11,2164.449951171875,4751.9501953125,2165.919921875,4759.830078125,2152.489990234375,4711.9599609375,2162.7099609375,4729.14013671875,4993990000.0,2290080000.0
2016-11-14,2164.199951171875,4702.0400390625,2171.360107421875,4753.27001953125,2156.080078125,4677.41015625,2165.639892578125,4752.60986328125,5373670000.0,2371900000.0
2016-11-15,2180.389892578125,4764.47021484375,2180.840087890625,4778.64990234375,2166.3798828125,4727.97998046875,2168.2900390625,4733.56982421875,4548110000.0,2159180000.0
2016-11-16,2176.93994140625,4792.27001953125,2179.219970703125,4794.56982421875,2172.199951171875,4742.9501953125,2177.530029296875,4745.02978515625,3847900000.0,2066130000.0
2016-11-17,2187.1201171875,4826.58984375,2188.06005859375,4826.75,2176.64990234375,4781.72021484375,2178.610107421875,4789.7900390625,3811730000.0,2084710000.0
2016-11-18,2181.89990234375,4808.0400390625,2189.889892578125,4840.81005859375,2180.3798828125,4804.43994140625,2186.85009765625,4832.81005859375,3580900000.0,1865770000.0
2016-11-21,2198.179931640625,4859.0,2198.699951171875,4862.22998046875,2186.429931640625,4819.56982421875,2186.429931640625,4822.02978515625,3611500000.0,1748170000.0
2016-11-22,2202.93994140625,4873.83984375,2204.800048828125,4884.6298828125,2194.510009765625,4861.080078125,2201.56005859375,4876.919921875,3960520000.0,1890410000.0
2016-11-23,2204.719970703125,4853.85986328125,2204.719970703125,4859.669921875,2194.510009765625,4832.58984375,2198.550048828125,4856.72021484375,3419850000.0,1617700000.0
2016-11-25,2213.35009765625,4870.02001953125,2213.35009765625,4870.89990234375,2206.27001953125,4853.0400390625,2206.27001953125,4861.47021484375,1584590000.0,768080000.0
2016-11-28,2201.719970703125,4857.02001953125,2211.139892578125,4878.8701171875,2200.360107421875,4852.7099609375,2210.2099609375,4861.72998046875,3515100000.0,1630150000.0
2016-11-29,2204.659912109375,4873.2099609375,2210.4599609375,4896.56982421875,2198.14990234375,4848.89013671875,2200.760009765625,4859.85009765625,3709190000.0,1791760000.0
2016-11-30,2198.81005859375,4810.81005859375,2214.10009765625,4880.759765625,2198.81005859375,4810.81005859375,2204.969970703125,4876.2998046875,5538400000.0,2056060000.0
2016-12-01,2191.080078125,4734.10009765625,2202.60009765625,4810.43994140625,2187.43994140625,4723.56982421875,2200.169921875,4806.77001953125,5067470000.0,2269790000.0
2016-12-02,2191.949951171875,4739.3701171875,2197.949951171875,4759.02978515625,2188.3701171875,4721.41015625,2191.1201171875,4734.3798828125,3782370000.0,1851030000.0
2016-12-05,2204.7099609375,4778.14013671875,2209.419921875,4795.27978515625,2199.969970703125,4743.52978515625,2200.64990234375,4762.33984375,3898530000.0,1800570000.0
2016-12-06,2212.22998046875,4788.669921875,2212.780029296875,4796.580078125,2202.2099609375,4769.39013671875,2207.260009765625,4786.06005859375,3857290000.0,1977480000.0
2016-12-07,2241.35009765625,4851.93994140625,2241.6298828125,4854.31982421875,2208.929931640625,4765.43994140625,2210.719970703125,4778.85986328125,4504070000.0,2125370000.0
2016-12-08,2246.18994140625,4859.18994140625,2251.68994140625,4869.56005859375,2237.570068359375,4843.0400390625,2241.1298828125,4849.75,4203270000.0,2236580000.0
2016-12-09,2259.530029296875,4895.89990234375,2259.800048828125,4897.240234375,2249.22998046875,4877.18017578125,2249.72998046875,4878.5400390625,3886460000.0,2042340000.0
2016-12-12,2256.9599609375,4874.2998046875,2264.030029296875,4882.97998046875,2252.3701171875,4854.27001953125,2258.830078125,4878.0400390625,4038850000.0,1931840000.0
2016-12-13,2271.719970703125,4935.83984375,2277.530029296875,4960.47998046875,2263.320068359375,4890.14990234375,2263.320068359375,4893.64990234375,3875630000.0,2094860000.0
2016-12-14,2253.280029296875,4921.22021484375,2276.199951171875,4955.25,2248.43994140625,4910.759765625,2268.35009765625,4943.64013671875,4409670000.0,1976570000.0
2016-12-15,2262.030029296875,4933.41015625,2272.1201171875,4959.89990234375,2253.77001953125,4919.81005859375,2253.77001953125,4925.64990234375,4173360000.0,2101320000.0
2016-12-16,2258.070068359375,4914.85986328125,2268.050048828125,4952.14013671875,2254.239990234375,4904.3798828125,2266.81005859375,4945.0400390625,5928980000.0,3281480000.0
2016-12-19,2262.530029296875,4934.85009765625,2267.469970703125,4963.0,2258.2099609375,4911.75,2259.239990234375,4919.16015625,3252840000.0,1688680000.0
2016-12-20,2270.760009765625,4953.7998046875,2272.56005859375,4961.5498046875,2266.139892578125,4944.31982421875,2266.5,4948.33984375,3306250000.0,1679630000.0
2016-12-21,2265.179931640625,4948.91015625,2271.22998046875,4957.4501953125,2265.14990234375,4938.240234375,2270.5400390625,4952.06982421875,2854880000.0,1496850000.0
2016-12-22,2260.9599609375,4934.39013671875,2263.179931640625,4948.35986328125,2256.080078125,4917.330078125,2262.929931640625,4948.35986328125,2880670000.0,1585470000.0
2016-12-23,2263.7900390625,4940.02001953125,2263.7900390625,4940.0400390625,2258.840087890625,4922.9501953125,2260.25,4927.52978515625,2021230000.0,1144900000.0
2016-12-27,2268.8798828125,4965.81005859375,2273.820068359375,4992.080078125,2266.14990234375,4947.58984375,2266.22998046875,4948.919921875,1989730000.0,1219050000.0
2016-12-28,2249.919921875,4926.2900390625,2271.31005859375,4978.43017578125,2249.110107421875,4922.08984375,2270.22998046875,4976.419921875,2402750000.0,1326660000.0
2016-12-29,2249.260009765625,4918.27978515625,2254.510009765625,4933.7099609375,2244.56005859375,4903.27978515625,2249.5,4923.93017578125,2338700000.0,1266350000.0
2016-12-30,2238.830078125,4863.6201171875,2253.580078125,4927.16015625,2233.6201171875,4853.93017578125,2251.610107421875,4925.35986328125,2671550000.0,1551690000.0
2017-01-03,2257.830078125,4911.330078125,2263.8798828125,4928.490234375,2245.1298828125,4884.52001953125,2251.570068359375,4900.85009765625,3773010000.0,1887670000.0
2017-01-04,2270.75,4937.2099609375,2272.820068359375,4944.740234375,2261.60009765625,4919.7998046875,2261.60009765625,4920.7900390625,3768890000.0,1885490000.0
2017-01-05,2269.0,4964.9501953125,2271.5,4967.89990234375,2260.449951171875,4935.33984375,2268.179931640625,4936.35009765625,3785080000.0,1799170000.0
2017-01-06,2276.97998046875,5007.080078125,2282.10009765625,5020.7001953125,2264.06005859375,4957.81982421875,2271.139892578125,4973.8701171875,3342080000.0,1711870000.0
2017-01-09,2268.89990234375,5024.89990234375,2275.489990234375,5033.31982421875,2268.89990234375,5009.4501953125,2273.590087890625,5013.81982421875,3219730000.0,1887740000.0
2017-01-10,2268.89990234375,5035.169921875,2279.27001953125,5049.830078125,2265.27001953125,5016.18994140625,2269.719970703125,5027.5,3640560000.0,1798610000.0
2017-01-11,2275.320068359375,5050.2099609375,2275.320068359375,5050.2099609375,2260.830078125,5012.64990234375,2268.60009765625,5033.8798828125,3625080000.0,1960830000.0
2017-01-12,2270.43994140625,5041.43017578125,2271.780029296875,5044.3701171875,2254.25,4995.06982421875,2271.139892578125,5029.27978515625,3466220000.0,1805840000.0
2017-01-13,2274.639892578125,5059.509765625,2278.679931640625,5066.9501953125,2271.510009765625,5045.919921875,2272.739990234375,5047.56005859375,3090680000.0,1611260000.0
2017-01-17,2267.889892578125,5044.64990234375,2272.080078125,5053.2001953125,2262.81005859375,5029.60986328125,2269.139892578125,5043.06982421875,3586950000.0,1759440000.0
2017-01-18,2271.889892578125,5055.85009765625,2272.010009765625,5058.2001953125,2263.35009765625,5039.18017578125,2269.139892578125,5050.259765625,3317670000.0,1686260000.0
2017-01-19,2263.68994140625,5051.169921875,2274.330078125,5078.41015625,2258.409912109375,5041.2099609375,2271.89990234375,5061.10009765625,3168390000.0,1809900000.0
2017-01-20,2271.31005859375,5063.2001953125,2276.9599609375,5085.33984375,2265.010009765625,5050.02001953125,2269.9599609375,5070.14990234375,3536850000.0,1750340000.0
2017-01-23,2265.199951171875,5065.7001953125,2271.780029296875,5073.240234375,2257.02001953125,5035.490234375,2267.780029296875,5055.97021484375,3155240000.0,1652370000.0
2017-01-24,2280.070068359375,5101.06005859375,2284.6298828125,5108.22021484375,2266.679931640625,5068.3701171875,2267.8798828125,5079.60986328125,3816950000.0,1808560000.0
2017-01-25,2298.3701171875,5151.47021484375,2299.550048828125,5153.18017578125,2288.8798828125,5129.0,2288.8798828125,5132.8701171875,3849340000.0,1964040000.0
2017-01-26,2296.679931640625,5156.919921875,2300.989990234375,5168.2001953125,2294.080078125,5148.85009765625,2298.6298828125,5164.1201171875,3611510000.0,1837020000.0
2017-01-27,2294.68994140625,5168.06005859375,2299.02001953125,5172.43017578125,2291.6201171875,5150.18017578125,2299.02001953125,5169.490234375,3137420000.0,1669190000.0
2017-01-30,2280.89990234375,5129.330078125,2286.010009765625,5146.8798828125,2268.0400390625,5098.33984375,2286.010009765625,5146.41015625,3595040000.0,1782380000.0
2017-01-31,2278.8701171875,5116.77001953125,2279.090087890625,5116.7998046875,2267.2099609375,5086.330078125,2274.02001953125,5107.47021484375,4089730000.0,2047460000.0
2017-02-01,2279.550048828125,5152.68994140625,2289.139892578125,5162.4599609375,2272.43994140625,5128.89990234375,2285.590087890625,5157.830078125,3919190000.0,2239570000.0
2017-02-02,2280.85009765625,5147.7001953125,2283.969970703125,5162.56005859375,2271.64990234375,5128.759765625,2276.68994140625,5141.27001953125,3809760000.0,2077010000.0
2017-02-03,2297.419921875,5161.60009765625,2298.31005859375,5165.47021484375,2287.8798828125,5147.580078125,2288.5400390625,5153.60986328125,3605970000.0,1792330000.0
2017-02-06,2292.56005859375,5167.9599609375,2296.179931640625,5167.9599609375,2288.570068359375,5148.06005859375,2294.280029296875,5154.18017578125,3112390000.0,1736140000.0
2017-02-07,2293.080078125,5185.8798828125,2299.39990234375,5196.27001953125,2290.159912109375,5174.33984375,2295.8701171875,5178.85009765625,3452460000.0,1922030000.0
2017-02-08,2294.669921875,5196.580078125,2295.909912109375,5201.56982421875,2285.3798828125,5168.97998046875,2289.550048828125,5176.5,3611950000.0,1947100000.0
2017-02-09,2307.8701171875,5212.16015625,2311.080078125,5221.6201171875,2296.610107421875,5196.06982421875,2296.699951171875,5200.169921875,3681600000.0,1948120000.0
2017-02-10,2316.10009765625,5226.68994140625,2319.22998046875,5234.27001953125,2311.10009765625,5212.83984375,2312.27001953125,5219.81005859375,3496600000.0,1867270000.0
2017-02-13,2328.25,5256.81982421875,2331.580078125,5262.419921875,2321.419921875,5241.0,2321.719970703125,5242.490234375,3352370000.0,1843480000.0
2017-02-14,2337.580078125,5271.06982421875,2337.580078125,5271.10009765625,2322.169921875,5238.68994140625,2326.1201171875,5251.35986328125,3528040000.0,1952370000.0
2017-02-15,2349.25,5302.39013671875,2351.300048828125,5304.33984375,2334.81005859375,5264.43994140625,2335.580078125,5266.1201171875,3785870000.0,2094140000.0
2017-02-16,2347.219970703125,5300.64013671875,2351.31005859375,5316.7900390625,2338.8701171875,5287.5400390625,2349.639892578125,5306.3798828125,3675900000.0,1945600000.0
2017-02-17,2351.159912109375,5324.72021484375,2351.159912109375,5324.72021484375,2339.580078125,5291.7001953125,2343.010009765625,5295.490234375,3516830000.0,1879030000.0
2017-02-21,2365.3798828125,5350.72998046875,2366.7099609375,5353.16015625,2354.909912109375,5330.47021484375,2354.909912109375,5334.56982421875,3587520000.0,1940110000.0
2017-02-22,2362.820068359375,5352.1298828125,2365.1298828125,5354.72998046875,2358.340087890625,5335.7998046875,2361.110107421875,5345.18017578125,3473170000.0,1874710000.0
2017-02-23,2363.81005859375,5332.3701171875,2368.260009765625,5358.52978515625,2355.090087890625,5309.990234375,2367.5,5358.02978515625,4021770000.0,1881490000.0
2017-02-24,2367.340087890625,5343.31005859375,2367.340087890625,5343.31005859375,2352.8701171875,5304.009765625,2355.72998046875,5305.22998046875,3832410000.0,1684650000.0
2017-02-27,2369.75,5347.5498046875,2371.5400390625,5347.8798828125,2361.8701171875,5322.14013671875,2365.22998046875,5330.56005859375,3584680000.0,1882610000.0
2017-02-28,2363.639892578125,5330.31005859375,2367.7900390625,5347.47021484375,2358.9599609375,5316.7001953125,2366.080078125,5344.18017578125,4212460000.0,2303390000.0
2017-03-01,2395.9599609375,5390.990234375,2400.97998046875,5398.43017578125,2380.1298828125,5355.3798828125,2380.1298828125,5368.64990234375,4347630000.0,2220350000.0
2017-03-02,2381.919921875,5363.259765625,2394.75,5387.72998046875,2380.169921875,5355.52978515625,2394.75,5386.33984375,3824030000.0,2043610000.0
2017-03-03,2383.1201171875,5373.47998046875,2383.889892578125,5373.47998046875,2375.389892578125,5344.47998046875,2380.919921875,5355.2099609375,3556670000.0,1853600000.0
2017-03-06,2375.31005859375,5360.31005859375,2378.800048828125,5368.27001953125,2367.97998046875,5338.60986328125,2375.22998046875,5352.60986328125,3251800000.0,1774040000.0
2017-03-07,2368.389892578125,5351.27978515625,2375.1201171875,5373.259765625,2365.510009765625,5341.43017578125,2370.739990234375,5348.2001953125,3526300000.0,1825510000.0
2017-03-08,2362.97998046875,5359.81005859375,2373.090087890625,5375.77001953125,2361.010009765625,5348.72998046875,2369.81005859375,5351.35009765625,3814080000.0,1813080000.0
2017-03-09,2364.8701171875,5363.97998046875,2369.080078125,5370.66015625,2354.5400390625,5336.080078125,2363.489990234375,5355.77978515625,3718450000.0,1886780000.0
2017-03-10,2372.60009765625,5385.89990234375,2376.860107421875,5394.66015625,2363.0400390625,5364.10009765625,2372.52001953125,5390.4599609375,3434400000.0,1999440000.0
2017-03-13,2373.469970703125,5394.56982421875,2374.419921875,5396.39013671875,2368.52001953125,5382.02001953125,2371.56005859375,5387.72998046875,3166650000.0,1812460000.0
2017-03-14,2365.449951171875,5382.169921875,2368.550048828125,5384.8798828125,2358.179931640625,5360.7001953125,2368.550048828125,5382.7900390625,3173760000.0,1664870000.0
2017-03-15,2385.260009765625,5416.25,2390.010009765625,5426.83984375,2368.93994140625,5375.8798828125,2370.340087890625,5392.47998046875,3909490000.0,1955400000.0
2017-03-16,2381.3798828125,5412.080078125,2388.10009765625,5423.66015625,2377.179931640625,5399.27001953125,2387.7099609375,5421.4599609375,3368880000.0,1770640000.0
2017-03-17,2378.25,5408.759765625,2385.7099609375,5423.27978515625,2377.639892578125,5406.81005859375,2383.7099609375,5413.47021484375,5179820000.0,3189970000.0
2017-03-20,2373.469970703125,5413.31005859375,2379.550048828125,5426.47021484375,2369.659912109375,5400.16015625,2378.239990234375,5406.02001953125,3061560000.0,1736790000.0
2017-03-21,2344.02001953125,5332.52978515625,2381.929931640625,5439.580078125,2341.89990234375,5328.7099609375,2379.320068359375,5433.27978515625,4278890000.0,2199920000.0
2017-03-22,2348.449951171875,5367.5498046875,2351.81005859375,5372.27001953125,2336.449951171875,5327.25,2343.0,5332.64013671875,3575160000.0,1860290000.0
2017-03-23,2345.9599609375,5355.14013671875,2358.919921875,5375.43017578125,2342.1298828125,5346.2998046875,2345.969970703125,5356.7099609375,3262400000.0,1746990000.0
2017-03-24,2343.97998046875,5364.0,2356.219970703125,5392.27978515625,2335.739990234375,5345.93994140625,2350.419921875,5376.740234375,2978530000.0,1855040000.0
2017-03-27,2341.590087890625,5374.27001953125,2344.89990234375,5383.22021484375,2322.25,5316.02001953125,2329.110107421875,5320.9599609375,3242300000.0,1673060000.0
2017-03-28,2358.570068359375,5407.2099609375,2363.780029296875,5422.25,2337.6298828125,5363.2900390625,2339.7900390625,5371.89990234375,3369120000.0,1823600000.0
2017-03-29,2361.1298828125,5430.27001953125,2363.360107421875,5433.35986328125,2352.93994140625,5405.10009765625,2356.5400390625,5410.14013671875,3107670000.0,1722190000.0
2017-03-30,2368.06005859375,5439.740234375,2370.419921875,5446.509765625,2358.580078125,5425.2998046875,2361.31005859375,5430.31005859375,3159680000.0,1732100000.0
2017-03-31,2362.719970703125,5436.22998046875,2370.35009765625,5451.5,2362.60009765625,5427.5,2364.820068359375,5430.990234375,3356740000.0,1905150000.0
2017-04-03,2358.840087890625,5432.2001953125,2365.8701171875,5453.43994140625,2344.72998046875,5403.31005859375,2362.340087890625,5440.2001953125,3418730000.0,1852990000.0
2017-04-04,2360.159912109375,5440.41015625,2360.530029296875,5441.33984375,2350.719970703125,5415.2998046875,2354.760009765625,5415.52978515625,3208340000.0,1795260000.0
2017-04-05,2352.949951171875,5418.52001953125,2378.360107421875,5479.85986328125,2350.52001953125,5409.0400390625,2366.590087890625,5447.27001953125,3780650000.0,2208600000.0
2017-04-06,2357.489990234375,5420.8798828125,2364.159912109375,5435.06005859375,2348.89990234375,5407.8701171875,2353.7900390625,5423.64990234375,3203250000.0,1849790000.0
2017-04-07,2355.5400390625,5418.3701171875,2363.760009765625,5434.18017578125,2350.739990234375,5400.080078125,2356.590087890625,5420.93994140625,3054700000.0,1703730000.0
2017-04-10,2357.159912109375,5421.68017578125,2366.3701171875,5442.7099609375,2351.5,5406.580078125,2357.159912109375,5423.56982421875,2792570000.0,1633190000.0
2017-04-11,2353.780029296875,5398.39990234375,2355.219970703125,5422.7900390625,2337.25,5359.14013671875,2353.919921875,5413.91015625,3120900000.0,1830760000.0
2017-04-12,2344.929931640625,5377.02978515625,2352.719970703125,5399.5498046875,2341.179931640625,5370.240234375,2352.14990234375,5394.60986328125,3201300000.0,1666570000.0
2017-04-13,2328.949951171875,5353.58984375,2348.260009765625,5398.990234375,2328.949951171875,5353.58984375,2341.97998046875,5370.68994140625,3146380000.0,1587150000.0
2017-04-17,2349.010009765625,5399.2001953125,2349.139892578125,5399.2001953125,2332.510009765625,5367.58984375,2332.6201171875,5369.2099609375,2826890000.0,1383550000.0
2017-04-18,2342.18994140625,5391.66015625,2348.35009765625,5405.5400390625,2334.5400390625,5377.91015625,2342.530029296875,5383.740234375,3272210000.0,1610230000.0
2017-04-19,2338.169921875,5399.64013671875,2352.6298828125,5431.0,2335.050048828125,5392.27978515625,2346.7900390625,5416.2998046875,3521160000.0,1754240000.0
2017-04-20,2355.840087890625,5443.52978515625,2361.3701171875,5455.8798828125,2340.909912109375,5413.31982421875,2342.68994140625,5422.47021484375,3648990000.0,1751490000.0
2017-04-21,2348.68994140625,5442.0498046875,2356.179931640625,5450.81005859375,2344.510009765625,5430.22021484375,2354.739990234375,5447.27978515625,3524160000.0,1736420000.0
2017-04-24,2374.14990234375,5508.02978515625,2376.97998046875,5513.56982421875,2369.18994140625,5494.4599609375,2370.330078125,5503.27001953125,3711170000.0,1842880000.0
2017-04-25,2388.610107421875,5548.18994140625,2392.47998046875,5557.93017578125,2381.14990234375,5521.52001953125,2381.510009765625,5523.47998046875,4005820000.0,1898120000.0
2017-04-26,2387.449951171875,5541.08984375,2398.159912109375,5563.97021484375,2386.780029296875,5537.990234375,2388.97998046875,5553.60009765625,4111350000.0,1899570000.0
2017-04-27,2388.77001953125,5571.27978515625,2392.10009765625,5573.259765625,2382.679931640625,5551.5498046875,2389.699951171875,5555.27001953125,4099940000.0,1883610000.0
2017-04-28,2384.199951171875,5583.52978515625,2393.679931640625,5600.0,2382.360107421875,5575.2099609375,2393.679931640625,5598.47021484375,3721350000.0,2005870000.0
2017-05-01,2388.330078125,5629.6298828125,2394.489990234375,5640.47998046875,2384.830078125,5600.31005859375,2388.5,5602.43994140625,3201500000.0,1763100000.0
2017-05-02,2391.169921875,5644.06982421875,2392.929931640625,5645.080078125,2385.820068359375,5625.490234375,2391.050048828125,5642.41015625,3861360000.0,2162610000.0
2017-05-03,2388.1298828125,5625.16015625,2389.820068359375,5629.77978515625,2379.75,5608.16015625,2386.5,5624.8798828125,3896760000.0,2152850000.0
2017-05-04,2389.52001953125,5626.31982421875,2391.429931640625,5633.490234375,2380.35009765625,5606.0498046875,2389.7900390625,5623.56982421875,4367860000.0,2059820000.0
2017-05-05,2399.2900390625,5646.08984375,2399.2900390625,5646.08984375,2389.3798828125,5619.60009765625,2392.3701171875,5640.77978515625,3543240000.0,1903040000.0
2017-05-08,2399.3798828125,5659.06982421875,2401.360107421875,5659.06982421875,2393.919921875,5638.0,2399.93994140625,5649.18017578125,3429990000.0,1912030000.0
2017-05-09,2396.919921875,5678.31005859375,2403.8701171875,5691.2099609375,2392.43994140625,5664.0,2401.580078125,5667.97998046875,3657840000.0,2005820000.0
2017-05-10,2399.6298828125,5681.68017578125,2399.739990234375,5683.64013671875,2392.7900390625,5661.43994140625,2396.7900390625,5681.330078125,3649370000.0,2111850000.0
2017-05-11,2394.43994140625,5674.22021484375,2395.719970703125,5675.5,2381.739990234375,5637.39990234375,2394.840087890625,5662.58984375,3727710000.0,1952650000.0
2017-05-12,2390.89990234375,5686.81005859375,2392.43994140625,5687.419921875,2387.18994140625,5672.0400390625,2392.43994140625,5683.580078125,3304620000.0,1749010000.0
2017-05-15,2402.320068359375,5704.47998046875,2404.050048828125,5706.60986328125,2393.93994140625,5683.10009765625,2393.97998046875,5687.97021484375,3490080000.0,1865450000.0
2017-05-16,2400.669921875,5724.43994140625,2405.77001953125,5724.7099609375,2396.050048828125,5699.41015625,2404.550048828125,5715.14990234375,3421810000.0,2006980000.0
2017-05-17,2357.030029296875,5580.5498046875,2384.8701171875,5688.740234375,2356.2099609375,5578.16015625,2382.949951171875,5673.6201171875,4164760000.0,2355460000.0
2017-05-18,2365.719970703125,5626.31005859375,2375.739990234375,5645.080078125,2352.719970703125,5568.47021484375,2354.68994140625,5569.81005859375,4319440000.0,2134610000.0
2017-05-19,2381.72998046875,5651.56005859375,2389.06005859375,5673.6298828125,2370.429931640625,5640.68017578125,2371.3701171875,5640.7099609375,3831700000.0,1908030000.0
2017-05-22,2394.02001953125,5699.39990234375,2395.4599609375,5701.0498046875,2386.919921875,5661.58984375,2387.2099609375,5662.9501953125,3176580000.0,1728190000.0
2017-05-23,2398.419921875,5703.35009765625,2400.85009765625,5716.5498046875,2393.8798828125,5690.2001953125,2397.0400390625,5714.93994140625,3216560000.0,1709140000.0
2017-05-24,2404.389892578125,5730.2998046875,2405.580078125,5732.56982421875,2397.989990234375,5705.169921875,2401.409912109375,5720.830078125,3389240000.0,1672380000.0
2017-05-25,2415.070068359375,5778.3701171875,2418.7099609375,5793.1298828125,2408.010009765625,5738.81982421875,2409.5400390625,5748.2900390625,3538210000.0,1775750000.0
2017-05-26,2415.820068359375,5788.35986328125,2416.679931640625,5790.2001953125,2412.199951171875,5771.7099609375,2414.5,5782.169921875,2806930000.0,1573200000.0
2017-05-30,2412.909912109375,5794.6298828125,2415.260009765625,5799.990234375,2409.429931640625,5781.3701171875,2411.669921875,5785.3798828125,3205860000.0,1690930000.0
2017-05-31,2411.800048828125,5788.7998046875,2415.989990234375,5813.259765625,2403.590087890625,5762.56005859375,2415.6298828125,5812.97021484375,4518040000.0,2212130000.0
2017-06-01,2430.06005859375,5816.509765625,2430.06005859375,5816.60009765625,2413.5400390625,5779.89013671875,2415.64990234375,5804.169921875,3860620000.0,1946000000.0
2017-06-02,2439.070068359375,5881.4599609375,2440.22998046875,5881.4599609375,2427.7099609375,5825.740234375,2431.280029296875,5834.41015625,3465500000.0,1825450000.0
2017-06-05,2436.10009765625,5878.1201171875,2439.550048828125,5888.919921875,2434.320068359375,5871.08984375,2437.830078125,5881.22021484375,2916720000.0,1742160000.0
2017-06-06,2429.330078125,5856.77001953125,2436.2099609375,5890.8798828125,2428.1201171875,5848.31982421875,2431.919921875,5869.47998046875,3376750000.0,1893110000.0
2017-06-07,2433.139892578125,5877.58984375,2435.280029296875,5883.18994140625,2424.75,5845.9599609375,2432.030029296875,5871.77001953125,3576220000.0,1827220000.0
2017-06-08,2433.7900390625,5885.2998046875,2439.27001953125,5895.18017578125,2427.93994140625,5852.64990234375,2434.27001953125,5894.75,3735980000.0,2134350000.0
2017-06-09,2431.77001953125,5741.93994140625,2446.199951171875,5897.68994140625,2415.699951171875,5657.759765625,2436.389892578125,5891.669921875,4029860000.0,3154590000.0
2017-06-12,2429.389892578125,5708.18017578125,2430.3798828125,5716.2001953125,2419.969970703125,5633.33984375,2425.8798828125,5677.16015625,4031840000.0,2588860000.0
2017-06-13,2440.35009765625,5751.81982421875,2441.489990234375,5760.5400390625,2431.280029296875,5709.169921875,2434.14990234375,5740.2099609375,3278240000.0,2063930000.0
2017-06-14,2437.919921875,5727.06982421875,2443.75,5774.2001953125,2428.340087890625,5682.35009765625,2443.75,5774.1201171875,3558640000.0,1949040000.0
2017-06-15,2432.4599609375,5700.89013671875,2433.949951171875,5707.3701171875,2418.530029296875,5634.580078125,2424.139892578125,5661.35986328125,3371980000.0,1870010000.0
2017-06-16,2433.14990234375,5681.47998046875,2433.14990234375,5695.740234375,2422.8798828125,5656.6201171875,2431.239990234375,5694.2099609375,5299380000.0,3133000000.0
2017-06-19,2453.4599609375,5772.22021484375,2453.820068359375,5776.3701171875,2441.7900390625,5724.490234375,2442.550048828125,5729.5400390625,3271480000.0,1989290000.0
2017-06-20,2437.030029296875,5726.31005859375,2450.659912109375,5772.169921875,2436.60009765625,5725.009765625,2450.659912109375,5763.0,3422700000.0,2580440000.0
2017-06-21,2435.610107421875,5782.39013671875,2442.22998046875,5784.919921875,2430.739990234375,5737.009765625,2439.31005859375,5740.580078125,3599190000.0,2408800000.0
2017-06-22,2434.5,5779.8701171875,2441.6201171875,5802.4599609375,2433.27001953125,5767.8701171875,2437.39990234375,5787.43994140625,3477250000.0,2177430000.0
2017-06-23,2438.300048828125,5803.10986328125,2441.39990234375,5810.31005859375,2431.110107421875,5759.7001953125,2434.64990234375,5775.02978515625,5282460000.0,4164310000.0
2017-06-26,2439.070068359375,5777.58984375,2450.419921875,5845.14990234375,2437.030029296875,5765.8701171875,2443.320068359375,5832.31005859375,3243660000.0,2155460000.0
2017-06-27,2419.3798828125,5671.60009765625,2440.14990234375,5761.0400390625,2419.3798828125,5671.60009765625,2436.340087890625,5752.72021484375,3564770000.0,2189250000.0
2017-06-28,2440.68994140625,5753.02978515625,2442.969970703125,5757.22998046875,2428.02001953125,5660.52978515625,2428.699951171875,5693.47998046875,3479980000.0,2077390000.0
2017-06-29,2419.699951171875,5653.02001953125,2442.72998046875,5723.66015625,2405.699951171875,5599.43994140625,2442.3798828125,5723.31005859375,3869560000.0,2410510000.0
2017-06-30,2423.409912109375,5646.919921875,2432.7099609375,5681.89990234375,2421.64990234375,5637.740234375,2429.199951171875,5676.39990234375,3366030000.0,2011720000.0
2017-07-03,2429.010009765625,5596.9599609375,2439.169921875,5684.97998046875,2428.68994140625,5592.52978515625,2431.389892578125,5680.35986328125,1901480000.0,1091030000.0
2017-07-05,2432.5400390625,5648.81982421875,2434.89990234375,5663.60009765625,2422.050048828125,5593.66015625,2430.780029296875,5611.0,3368150000.0,1874040000.0
2017-07-06,2409.75,5597.89990234375,2424.280029296875,5628.83984375,2407.699951171875,5579.64013671875,2423.43994140625,5606.419921875,3368710000.0,1993290000.0
2017-07-07,2425.179931640625,5656.47021484375,2426.919921875,5673.02001953125,2413.52001953125,5618.85009765625,2413.52001953125,5618.85009765625,2929390000.0,1712490000.0
2017-07-10,2427.429931640625,5694.14990234375,2432.0,5708.6201171875,2422.27001953125,5650.259765625,2424.510009765625,5662.7099609375,3009880000.0,1681270000.0
2017-07-11,2425.530029296875,5709.7998046875,2429.300048828125,5717.91015625,2412.7900390625,5667.27001953125,2427.35009765625,5687.02978515625,3108800000.0,1812560000.0
2017-07-12,2443.25,5778.9501953125,2445.760009765625,5785.0,2435.75,5749.64990234375,2435.75,5757.2001953125,3176900000.0,1827740000.0
2017-07-13,2447.830078125,5793.35986328125,2449.320068359375,5806.18017578125,2441.68994140625,5776.6201171875,2444.989990234375,5785.31982421875,3068510000.0,1806160000.0
2017-07-14,2459.27001953125,5838.080078125,2463.5400390625,5844.7998046875,2446.68994140625,5799.85009765625,2449.159912109375,5815.0400390625,2738460000.0,1615440000.0
2017-07-17,2459.139892578125,5839.740234375,2462.820068359375,5860.64013671875,2457.159912109375,5830.25,2459.5,5845.81982421875,2800580000.0,1563390000.0
2017-07-18,2460.610107421875,5880.10009765625,2460.919921875,5880.5498046875,2450.340087890625,5818.2001953125,2455.8798828125,5832.919921875,2974090000.0,1773220000.0
2017-07-19,2473.830078125,5916.16015625,2473.830078125,5922.3701171875,2463.85009765625,5895.5400390625,2463.85009765625,5898.39990234375,3063810000.0,1867470000.0
2017-07-20,2473.449951171875,5921.22021484375,2477.6201171875,5932.60986328125,2468.429931640625,5896.60986328125,2475.56005859375,5929.580078125,3223820000.0,1850000000.0
2017-07-21,2472.5400390625,5921.52978515625,2472.5400390625,5921.52978515625,2465.06005859375,5890.25,2467.39990234375,5905.60009765625,3066880000.0,1807110000.0
2017-07-24,2469.909912109375,5941.3701171875,2473.10009765625,5950.580078125,2466.320068359375,5912.740234375,2472.0400390625,5920.93017578125,3019920000.0,1748140000.0
2017-07-25,2477.1298828125,5930.64990234375,2481.239990234375,5945.06005859375,2474.909912109375,5916.2900390625,2477.8798828125,5927.10009765625,4116360000.0,1930840000.0
2017-07-26,2477.830078125,5950.72998046875,2481.68994140625,5954.3798828125,2474.93994140625,5939.169921875,2479.969970703125,5944.16015625,3597830000.0,1996680000.0
2017-07-27,2475.419921875,5917.02978515625,2484.0400390625,5995.77001953125,2459.929931640625,5847.0498046875,2482.760009765625,5994.02001953125,4035740000.0,2501400000.0
2017-07-28,2472.10009765625,5908.919921875,2473.530029296875,5918.31005859375,2464.659912109375,5868.919921875,2469.1201171875,5883.7001953125,3302850000.0,1877100000.0
2017-07-31,2470.300048828125,5880.330078125,2477.9599609375,5932.3701171875,2468.530029296875,5871.7900390625,2475.93994140625,5928.68017578125,3475930000.0,1898830000.0
2017-08-01,2476.35009765625,5895.169921875,2478.510009765625,5905.2900390625,2471.139892578125,5880.4501953125,2477.10009765625,5900.64013671875,3470260000.0,1821780000.0
2017-08-02,2477.570068359375,5914.22998046875,2480.3798828125,5936.14990234375,2466.47998046875,5859.6201171875,2480.3798828125,5934.06982421875,3487150000.0,2115870000.0
2017-08-03,2472.159912109375,5891.2001953125,2476.030029296875,5917.47021484375,2468.85009765625,5879.72021484375,2476.030029296875,5915.72998046875,3662410000.0,2124100000.0
2017-08-04,2476.830078125,5899.91015625,2480.0,5912.56005859375,2472.080078125,5877.06005859375,2476.8798828125,5899.68994140625,3239980000.0,1908930000.0
2017-08-07,2480.909912109375,5934.72998046875,2480.949951171875,5936.7900390625,2475.8798828125,5903.75,2477.139892578125,5909.4501953125,2935130000.0,1704010000.0
2017-08-08,2474.919921875,5926.35009765625,2490.8701171875,5972.93017578125,2470.320068359375,5910.5,2478.35009765625,5922.64013671875,3347480000.0,1931490000.0
2017-08-09,2474.02001953125,5919.39013671875,2474.409912109375,5920.9599609375,2462.080078125,5866.169921875,2465.35009765625,5879.5498046875,3310960000.0,2037810000.0
2017-08-10,2438.2099609375,5788.18994140625,2465.3798828125,5887.27001953125,2437.75,5783.35986328125,2465.3798828125,5880.14013671875,3635820000.0,2214990000.0
2017-08-11,2441.320068359375,5831.52978515625,2448.090087890625,5844.60986328125,2437.85009765625,5785.259765625,2441.0400390625,5792.31982421875,3161830000.0,1799780000.0
2017-08-14,2465.840087890625,5908.169921875,2468.219970703125,5916.330078125,2454.9599609375,5878.0,2454.9599609375,5878.64013671875,2824320000.0,1702570000.0
2017-08-15,2464.610107421875,5907.72998046875,2468.89990234375,5919.75,2461.610107421875,5893.85009765625,2468.659912109375,5917.2900390625,2922430000.0,1582560000.0
2017-08-16,2468.110107421875,5917.419921875,2474.929931640625,5944.97998046875,2463.860107421875,5899.56005859375,2468.6298828125,5920.68017578125,2956570000.0,1809070000.0
2017-08-17,2430.010009765625,5796.31982421875,2465.02001953125,5903.8701171875,2430.010009765625,5796.31982421875,2462.949951171875,5896.31982421875,3164950000.0,2052940000.0
2017-08-18,2425.550048828125,5790.91015625,2440.27001953125,5831.080078125,2420.68994140625,5770.14013671875,2427.639892578125,5803.89990234375,3426970000.0,1968470000.0
2017-08-21,2428.3701171875,5786.5400390625,2430.580078125,5804.2998046875,2417.35009765625,5750.5,2425.5,5791.0400390625,2803650000.0,1582990000.0
2017-08-22,2452.510009765625,5873.330078125,2454.77001953125,5879.0,2433.669921875,5817.02001953125,2433.75,5817.2900390625,2780990000.0,1599760000.0
2017-08-23,2444.0400390625,5851.77978515625,2448.909912109375,5864.77978515625,2441.419921875,5840.7099609375,2444.8798828125,5842.16015625,2796950000.0,1535320000.0
2017-08-24,2438.969970703125,5834.43994140625,2450.389892578125,5871.8701171875,2436.18994140625,5802.77001953125,2447.909912109375,5863.990234375,2849680000.0,1618660000.0
2017-08-25,2443.050048828125,5822.52978515625,2453.9599609375,5870.47021484375,2442.219970703125,5815.60009765625,2444.719970703125,5854.31005859375,2593350000.0,1445590000.0
2017-08-28,2444.239990234375,5838.080078125,2449.1201171875,5852.7998046875,2439.030029296875,5821.8701171875,2447.35009765625,5839.27001953125,2682920000.0,1565110000.0
2017-08-29,2446.300048828125,5862.14013671875,2449.18994140625,5871.7900390625,2428.199951171875,5785.22021484375,2431.93994140625,5785.2900390625,2739460000.0,1639810000.0
2017-08-30,2457.590087890625,5932.89990234375,2460.31005859375,5940.56982421875,2443.77001953125,5865.33984375,2446.06005859375,5870.8798828125,2637780000.0,1717060000.0
2017-08-31,2471.64990234375,5988.60009765625,2475.010009765625,5995.4501953125,2462.64990234375,5945.9501953125,2462.64990234375,5948.740234375,3353860000.0,1889500000.0
2017-09-01,2476.550048828125,5987.89990234375,2480.3798828125,6009.60986328125,2473.85009765625,5972.27001953125,2474.419921875,6001.81982421875,2712780000.0,1489120000.0
2017-09-05,2457.85009765625,5932.72998046875,2471.969970703125,5980.91015625,2446.550048828125,5890.25,2470.35009765625,5966.64013671875,3502190000.0,1889620000.0
2017-09-06,2465.5400390625,5951.1298828125,2469.639892578125,5964.3798828125,2459.199951171875,5909.919921875,2463.830078125,5949.5400390625,3400200000.0,1902720000.0
2017-09-07,2465.10009765625,5964.31005859375,2468.6201171875,5980.14990234375,2460.2900390625,5943.89013671875,2468.06005859375,5960.43994140625,3365780000.0,2000910000.0
2017-09-08,2461.429931640625,5913.3701171875,2467.110107421875,5958.81005859375,2459.39990234375,5907.9599609375,2462.25,5957.18994140625,3308360000.0,1786070000.0
2017-09-11,2488.110107421875,5980.52978515625,2488.949951171875,5990.8701171875,2474.52001953125,5960.8701171875,2474.52001953125,5962.35009765625,3293460000.0,1819310000.0
2017-09-12,2496.47998046875,5995.64013671875,2496.77001953125,6002.97021484375,2490.3701171875,5968.08984375,2491.93994140625,5998.75,3234280000.0,1747620000.0
2017-09-13,2498.3701171875,6004.3798828125,2498.3701171875,6004.47021484375,2492.139892578125,5974.8798828125,2493.889892578125,5982.85009765625,3371370000.0,1944630000.0
2017-09-14,2495.6201171875,5968.81982421875,2498.429931640625,5997.22998046875,2491.35009765625,5965.06005859375,2494.56005859375,5981.85009765625,3422470000.0,1817840000.0
2017-09-15,2500.22998046875,5988.0,2500.22998046875,6009.4501953125,2493.159912109375,5957.85009765625,2495.669921875,5965.66015625,4862970000.0,2827910000.0
2017-09-18,2503.8701171875,5981.1201171875,2508.320068359375,6012.9501953125,2499.919921875,5963.169921875,2502.510009765625,5997.509765625,3204700000.0,1881900000.0
2017-09-19,2506.64990234375,5991.080078125,2507.840087890625,5998.240234375,2503.18994140625,5971.169921875,2506.2900390625,5991.93017578125,3253760000.0,1816080000.0
2017-09-20,2508.239990234375,5973.60986328125,2508.85009765625,5994.52978515625,2496.669921875,5927.7001953125,2506.840087890625,5987.72021484375,3584570000.0,2083580000.0
2017-09-21,2500.60009765625,5934.91015625,2507.159912109375,5965.60009765625,2499.0,5915.740234375,2507.159912109375,5965.60009765625,2965590000.0,1779600000.0
2017-09-22,2502.219970703125,5932.31982421875,2503.469970703125,5937.58984375,2496.5400390625,5911.47998046875,2497.260009765625,5912.2001953125,2877980000.0,1648690000.0
2017-09-25,2496.659912109375,5867.35009765625,2502.5400390625,5908.56982421875,2488.030029296875,5839.89013671875,2499.389892578125,5904.06005859375,3314530000.0,2061150000.0
2017-09-26,2496.840087890625,5881.33984375,2503.510009765625,5908.47021484375,2495.1201171875,5862.990234375,2501.0400390625,5893.18017578125,3070770000.0,1935990000.0
2017-09-27,2507.0400390625,5937.7900390625,2511.75,5957.75,2495.909912109375,5900.35009765625,2503.300048828125,5912.9599609375,3485070000.0,2068400000.0
2017-09-28,2510.06005859375,5933.06982421875,2510.81005859375,5939.22021484375,2502.929931640625,5908.6201171875,2503.409912109375,5920.64990234375,3173030000.0,1882790000.0
2017-09-29,2519.360107421875,5979.2998046875,2519.43994140625,5980.22021484375,2507.989990234375,5930.81982421875,2509.9599609375,5941.77978515625,3220260000.0,1970720000.0
2017-10-02,2529.1201171875,5981.919921875,2529.22998046875,6005.2001953125,2520.39990234375,5955.830078125,2521.199951171875,5988.9599609375,3226370000.0,1984400000.0
2017-10-03,2534.580078125,5995.06005859375,2535.1298828125,5999.18994140625,2528.85009765625,5976.64990234375,2530.340087890625,5986.85009765625,3073480000.0,1972760000.0
2017-10-04,2537.739990234375,5998.83984375,2540.530029296875,6009.81005859375,2531.800048828125,5976.1201171875,2533.47998046875,5983.31005859375,3020770000.0,1941470000.0
2017-10-05,2552.070068359375,6057.14013671875,2552.510009765625,6059.2099609375,2540.02001953125,6014.77001953125,2540.860107421875,6018.27001953125,3059730000.0,1888970000.0
2017-10-06,2549.330078125,6064.56982421875,2549.409912109375,6064.669921875,2543.7900390625,6037.02001953125,2547.43994140625,6037.43994140625,2898270000.0,1752170000.0
2017-10-09,2544.72998046875,6058.52978515625,2551.820068359375,6078.81005859375,2541.60009765625,6051.330078125,2551.389892578125,6071.9599609375,2486940000.0,1494160000.0
2017-10-10,2550.639892578125,6063.52001953125,2555.22998046875,6084.14013671875,2544.860107421875,6036.72021484375,2549.989990234375,6078.27001953125,2962610000.0,1802480000.0
2017-10-11,2555.239990234375,6081.25,2555.239990234375,6082.25,2547.949951171875,6052.43994140625,2550.6201171875,6062.72998046875,2991320000.0,1837860000.0
2017-10-12,2550.929931640625,6069.990234375,2555.330078125,6093.759765625,2548.31005859375,6063.47021484375,2552.8798828125,6072.2099609375,3157280000.0,2020330000.0
2017-10-13,2553.169921875,6092.4501953125,2557.64990234375,6100.06005859375,2552.090087890625,6087.02978515625,2555.659912109375,6094.72021484375,3150470000.0,1761700000.0
2017-10-16,2557.639892578125,6114.52978515625,2559.469970703125,6115.52978515625,2552.639892578125,6095.6298828125,2555.570068359375,6108.66015625,2918030000.0,1632240000.0
2017-10-17,2559.360107421875,6122.60986328125,2559.7099609375,6122.81982421875,2554.68994140625,6103.66015625,2557.169921875,6111.31982421875,2901890000.0,1653160000.0
2017-10-18,2561.260009765625,6114.35009765625,2564.110107421875,6129.490234375,2559.669921875,6106.85009765625,2562.8701171875,6128.91015625,2999320000.0,1738060000.0
2017-10-19,2562.10009765625,6092.6201171875,2562.360107421875,6092.8701171875,2547.919921875,6051.47021484375,2553.389892578125,6074.27978515625,3019520000.0,1847020000.0
2017-10-20,2575.2099609375,6108.81982421875,2575.43994140625,6122.56005859375,2567.56005859375,6102.16015625,2567.56005859375,6114.4599609375,3394450000.0,1812220000.0
2017-10-23,2564.97998046875,6067.830078125,2578.2900390625,6122.240234375,2564.330078125,6061.080078125,2578.080078125,6122.240234375,3214470000.0,1813080000.0
2017-10-24,2569.1298828125,6080.22021484375,2572.179931640625,6090.89013671875,2565.580078125,6057.68994140625,2568.659912109375,6078.02001953125,3435660000.0,1852610000.0
2017-10-25,2557.14990234375,6055.0400390625,2567.39990234375,6087.580078125,2544.0,6011.240234375,2566.52001953125,6069.35009765625,3885470000.0,2205790000.0
2017-10-26,2560.39990234375,6037.8701171875,2567.070068359375,6066.60986328125,2559.800048828125,6035.9599609375,2560.080078125,6056.0498046875,3891750000.0,2125640000.0
2017-10-27,2581.070068359375,6213.47021484375,2582.97998046875,6223.52001953125,2565.93994140625,6129.7998046875,2570.260009765625,6138.22998046875,3896100000.0,2414520000.0
2017-10-30,2572.830078125,6227.58984375,2580.030029296875,6250.85009765625,2568.25,6202.52978515625,2577.75,6209.7998046875,3660230000.0,2015920000.0
2017-10-31,2575.260009765625,6248.56005859375,2578.2900390625,6258.419921875,2572.14990234375,6229.14990234375,2575.989990234375,6241.8798828125,3844420000.0,2054220000.0
2017-11-01,2579.360107421875,6248.64990234375,2588.39990234375,6276.669921875,2574.919921875,6224.580078125,2583.2099609375,6274.259765625,3841200000.0,2074230000.0
2017-11-02,2579.85009765625,6236.39013671875,2581.110107421875,6243.740234375,2566.169921875,6194.580078125,2579.4599609375,6238.2900390625,4050140000.0,2282300000.0
2017-11-03,2587.840087890625,6295.580078125,2588.419921875,6297.6201171875,2576.77001953125,6237.64990234375,2581.929931640625,6266.18994140625,3568710000.0,2203880000.0
2017-11-06,2591.1298828125,6313.60986328125,2593.3798828125,6318.580078125,2585.659912109375,6291.83984375,2587.469970703125,6292.14990234375,3541970000.0,2173120000.0
2017-11-07,2590.639892578125,6320.77978515625,2597.02001953125,6328.580078125,2584.35009765625,6299.52978515625,2592.110107421875,6314.68994140625,3815190000.0,2209280000.0
2017-11-08,2594.3798828125,6345.81005859375,2595.469970703125,6346.97998046875,2585.02001953125,6308.6201171875,2588.7099609375,6319.02978515625,3898450000.0,2121340000.0
2017-11-09,2584.6201171875,6312.2099609375,2586.5,6315.16015625,2566.330078125,6248.2900390625,2584.0,6295.2900390625,3844100000.0,2243500000.0
2017-11-10,2582.300048828125,6309.06982421875,2583.81005859375,6313.169921875,2575.570068359375,6284.22021484375,2580.179931640625,6297.14990234375,3489740000.0,1979120000.0
2017-11-13,2584.840087890625,6316.18017578125,2587.659912109375,6325.18017578125,2574.47998046875,6285.97021484375,2576.530029296875,6286.009765625,3405200000.0,1976460000.0
2017-11-14,2578.8701171875,6293.64013671875,2579.659912109375,6300.4599609375,2566.56005859375,6263.77001953125,2577.75,6293.330078125,3643580000.0,1988230000.0
2017-11-15,2564.6201171875,6258.35986328125,2572.840087890625,6276.7998046875,2557.449951171875,6227.990234375,2569.449951171875,6261.27001953125,3586590000.0,1923730000.0
2017-11-16,2585.639892578125,6339.14013671875,2590.090087890625,6352.47021484375,2572.949951171875,6293.4599609375,2572.949951171875,6293.4599609375,3329730000.0,2020380000.0
2017-11-17,2578.85009765625,6314.509765625,2583.9599609375,6345.56005859375,2577.6201171875,6308.47998046875,2582.93994140625,6343.64013671875,3309800000.0,2009220000.0
2017-11-20,2582.139892578125,6308.60986328125,2584.639892578125,6324.58984375,2578.239990234375,6301.8798828125,2579.489990234375,6319.56982421875,3023940000.0,1811750000.0
2017-11-21,2599.030029296875,6378.6298828125,2601.18994140625,6380.06982421875,2589.169921875,6336.259765625,2589.169921875,6336.91015625,3351230000.0,1891960000.0
2017-11-22,2597.080078125,6386.1201171875,2600.93994140625,6391.16015625,2595.22998046875,6371.75,2600.31005859375,6384.1298828125,2764110000.0,1589150000.0
2017-11-24,2602.419921875,6409.2900390625,2604.2099609375,6410.77001953125,2600.419921875,6389.39990234375,2600.419921875,6393.330078125,1385890000.0,872110000.0
2017-11-27,2601.419921875,6405.97021484375,2606.409912109375,6420.2099609375,2598.8701171875,6392.009765625,2602.659912109375,6409.52001953125,3017720000.0,1781550000.0
2017-11-28,2627.0400390625,6422.56005859375,2627.68994140625,6426.0400390625,2605.43994140625,6385.31982421875,2605.93994140625,6419.47998046875,3493340000.0,2003840000.0
2017-11-29,2626.070068359375,6311.3798828125,2634.889892578125,6412.68994140625,2620.320068359375,6279.3701171875,2627.820068359375,6412.68994140625,4090630000.0,2456990000.0
2017-11-30,2647.580078125,6365.56005859375,2657.739990234375,6374.18994140625,2633.929931640625,6321.43017578125,2633.929931640625,6337.33984375,4965700000.0,2468530000.0
2017-12-01,2642.219970703125,6337.8701171875,2650.6201171875,6365.2998046875,2605.52001953125,6244.83984375,2645.10009765625,6325.60986328125,3950930000.0,2302140000.0
2017-12-04,2639.43994140625,6263.7001953125,2665.18994140625,6380.77001953125,2639.030029296875,6256.81005859375,2657.18994140625,6380.68017578125,4025840000.0,2427170000.0
2017-12-05,2629.570068359375,6265.10986328125,2648.719970703125,6337.06005859375,2627.72998046875,6235.77001953125,2639.780029296875,6242.47021484375,3547570000.0,2085760000.0
2017-12-06,2629.27001953125,6293.0498046875,2634.409912109375,6304.10009765625,2624.75,6234.22021484375,2626.239990234375,6243.72021484375,3253080000.0,1901770000.0
2017-12-07,2636.97998046875,6316.27978515625,2640.989990234375,6333.2900390625,2626.530029296875,6290.64990234375,2628.3798828125,6300.64013671875,3297060000.0,1953740000.0
2017-12-08,2651.5,6344.56982421875,2651.64990234375,6377.5498046875,2644.10009765625,6335.22998046875,2646.2099609375,6364.60009765625,3126750000.0,1825640000.0
2017-12-11,2659.989990234375,6393.89013671875,2660.330078125,6394.43017578125,2651.469970703125,6347.91015625,2652.18994140625,6351.240234375,3141480000.0,1836780000.0
2017-12-12,2664.110107421875,6383.64990234375,2669.719970703125,6403.5,2659.780029296875,6371.68994140625,2661.72998046875,6389.47021484375,3568910000.0,1872810000.0
2017-12-13,2662.85009765625,6394.669921875,2671.8798828125,6416.830078125,2662.85009765625,6388.41015625,2667.590087890625,6405.41015625,3568360000.0,1931090000.0
2017-12-14,2652.010009765625,6389.91015625,2668.090087890625,6423.68017578125,2652.010009765625,6386.25,2665.8701171875,6407.259765625,3442760000.0,1990090000.0
2017-12-15,2675.81005859375,6466.31982421875,2679.6298828125,6470.919921875,2659.139892578125,6405.02978515625,2660.6298828125,6405.14990234375,5736910000.0,3529590000.0
2017-12-18,2690.159912109375,6513.27001953125,2694.969970703125,6522.7001953125,2685.919921875,6495.18017578125,2685.919921875,6504.89013671875,3727770000.0,2150580000.0
2017-12-19,2681.469970703125,6480.669921875,2694.43994140625,6510.8701171875,2680.739990234375,6462.7900390625,2692.7099609375,6505.35986328125,3407680000.0,2084190000.0
2017-12-20,2679.25,6472.47998046875,2691.010009765625,6504.5498046875,2676.110107421875,6447.93017578125,2688.179931640625,6504.5498046875,3246230000.0,1888140000.0
2017-12-21,2684.570068359375,6472.68994140625,2692.639892578125,6501.52001953125,2682.39990234375,6467.77978515625,2683.02001953125,6481.080078125,3293130000.0,1827410000.0
2017-12-22,2683.340087890625,6465.169921875,2685.35009765625,6467.830078125,2678.1298828125,6449.0,2684.219970703125,6462.5498046875,2401030000.0,1541880000.0
2017-12-26,2680.5,6433.16015625,2682.739990234375,6438.240234375,2677.9599609375,6407.990234375,2679.090087890625,6427.31982421875,1970660000.0,1301000000.0
2017-12-27,2682.6201171875,6435.14990234375,2685.639892578125,6448.93994140625,2678.909912109375,6425.919921875,2682.10009765625,6437.06005859375,2202900000.0,1411010000.0
2017-12-28,2687.5400390625,6441.419921875,2687.659912109375,6452.06982421875,2682.68994140625,6432.68017578125,2686.10009765625,6449.52978515625,2174890000.0,1319870000.0
2017-12-29,2673.610107421875,6396.419921875,2692.1201171875,6442.52978515625,2673.610107421875,6396.419921875,2689.14990234375,6439.91015625,2447760000.0,1575290000.0
2018-01-02,2695.81005859375,6511.33984375,2695.889892578125,6513.02001953125,2682.360107421875,6417.75,2683.72998046875,6431.58984375,3397430000.0,1929700000.0
2018-01-03,2713.06005859375,6575.7998046875,2714.3701171875,6579.25,2697.77001953125,6519.259765625,2697.85009765625,6520.02978515625,3544030000.0,2173130000.0
2018-01-04,2723.989990234375,6584.580078125,2729.2900390625,6603.169921875,2719.070068359375,6576.919921875,2719.31005859375,6595.75,3697340000.0,2103220000.0
2018-01-05,2743.14990234375,6653.2900390625,2743.449951171875,6654.97998046875,2727.919921875,6605.02978515625,2731.330078125,6613.1298828125,3239280000.0,2024000000.0
2018-01-08,2747.7099609375,6676.6298828125,2748.510009765625,6680.31982421875,2737.60009765625,6649.2001953125,2742.669921875,6651.68017578125,3246160000.0,2055010000.0
2018-01-09,2751.2900390625,6677.93994140625,2759.139892578125,6696.1201171875,2747.860107421875,6658.27001953125,2751.14990234375,6692.8701171875,3467460000.0,2155810000.0
2018-01-10,2748.22998046875,6662.66015625,2750.800048828125,6663.509765625,2736.06005859375,6619.35009765625,2745.550048828125,6640.66015625,3579900000.0,2132430000.0
2018-01-11,2767.56005859375,6708.490234375,2767.56005859375,6708.490234375,2752.780029296875,6664.740234375,2752.969970703125,6675.68994140625,3645690000.0,2015170000.0
2018-01-12,2786.239990234375,6758.5400390625,2787.85009765625,6763.97998046875,2769.639892578125,6695.52001953125,2770.179931640625,6699.31982421875,3587220000.0,1986600000.0
2018-01-16,2776.419921875,6737.14013671875,2807.5400390625,6835.7900390625,2768.639892578125,6719.10986328125,2798.9599609375,6807.85009765625,4362880000.0,2399790000.0
2018-01-17,2802.56005859375,6810.27978515625,2807.0400390625,6820.0400390625,2778.3798828125,6738.4501953125,2784.989990234375,6767.85009765625,3790340000.0,2245910000.0
2018-01-18,2798.030029296875,6811.3798828125,2805.830078125,6826.7900390625,2792.56005859375,6784.72021484375,2802.39990234375,6804.58984375,3703300000.0,2037410000.0
2018-01-19,2810.300048828125,6834.330078125,2810.330078125,6843.240234375,2798.080078125,6801.58984375,2802.60009765625,6829.0400390625,3724230000.0,2005470000.0
2018-01-22,2832.969970703125,6906.27978515625,2833.030029296875,6906.27978515625,2808.1201171875,6822.85009765625,2809.159912109375,6829.5498046875,3489480000.0,2118310000.0
2018-01-23,2839.1298828125,6963.4599609375,2842.239990234375,6969.39990234375,2830.590087890625,6926.3701171875,2835.050048828125,6928.27001953125,3541140000.0,2135840000.0
2018-01-24,2837.5400390625,6919.35009765625,2852.969970703125,6992.91015625,2824.81005859375,6880.68017578125,2845.419921875,6975.3798828125,4079270000.0,2287320000.0
2018-01-25,2839.25,6916.2998046875,2848.56005859375,6967.60009765625,2830.93994140625,6894.83984375,2846.239990234375,6965.009765625,3873100000.0,2081380000.0
2018-01-26,2872.8701171875,7022.97021484375,2872.8701171875,7022.97021484375,2846.179931640625,6941.47998046875,2847.47998046875,6956.66015625,3474680000.0,2080700000.0
2018-01-29,2853.530029296875,6988.31982421875,2870.6201171875,7020.64013671875,2851.47998046875,6974.7001953125,2867.22998046875,7000.68017578125,3587420000.0,2114420000.0
2018-01-30,2822.429931640625,6930.72998046875,2837.75,6958.7900390625,2818.27001953125,6894.6298828125,2832.739990234375,6910.39013671875,4012070000.0,2183420000.0
2018-01-31,2823.81005859375,6949.990234375,2839.260009765625,6983.60986328125,2813.0400390625,6915.47998046875,2832.409912109375,6972.81005859375,4276270000.0,2428990000.0
2018-02-01,2821.97998046875,6901.5,2835.9599609375,6970.77001953125,2812.699951171875,6879.02001953125,2816.449951171875,6910.56982421875,3977380000.0,2311180000.0
2018-02-02,2762.1298828125,6760.2900390625,2808.919921875,6889.06982421875,2759.969970703125,6756.5400390625,2808.919921875,6866.3798828125,4340220000.0,2607160000.0
2018-02-05,2648.93994140625,6495.919921875,2763.389892578125,6807.9599609375,2638.169921875,6495.39013671875,2741.06005859375,6687.47021484375,5310840000.0,3143210000.0
2018-02-06,2695.139892578125,6665.97998046875,2701.0400390625,6673.41015625,2593.070068359375,6370.47998046875,2614.780029296875,6378.60009765625,5917350000.0,3148270000.0
2018-02-07,2681.659912109375,6582.02001953125,2727.669921875,6716.25,2681.330078125,6581.3798828125,2690.949951171875,6632.97998046875,4646300000.0,2380020000.0
2018-02-08,2581.0,6306.10009765625,2685.27001953125,6606.0498046875,2580.56005859375,6304.18017578125,2685.010009765625,6595.81005859375,5333840000.0,2730740000.0
2018-02-09,2619.550048828125,6412.68017578125,2638.669921875,6453.43017578125,2532.68994140625,6164.43017578125,2601.780029296875,6395.16015625,5690110000.0,3165330000.0
2018-02-12,2656.0,6523.85009765625,2672.610107421875,6565.27978515625,2622.449951171875,6424.2998046875,2636.75,6477.0400390625,4069220000.0,2250650000.0
2018-02-13,2662.93994140625,6553.85986328125,2668.840087890625,6567.6201171875,2637.080078125,6478.41015625,2646.27001953125,6482.77001953125,3503540000.0,1830320000.0
2018-02-14,2698.6298828125,6675.02978515625,2702.10009765625,6684.14990234375,2648.8701171875,6520.39013671875,2651.2099609375,6523.259765625,4011940000.0,2217630000.0
2018-02-15,2731.199951171875,6794.919921875,2731.510009765625,6795.919921875,2689.820068359375,6665.919921875,2713.4599609375,6734.33984375,3696140000.0,2124060000.0
2018-02-16,2732.219970703125,6770.66015625,2754.419921875,6840.60009765625,2725.110107421875,6758.509765625,2727.139892578125,6778.27978515625,3646920000.0,2037710000.0
2018-02-20,2716.260009765625,6779.68994140625,2737.60009765625,6838.0,2706.760009765625,6740.47998046875,2722.989990234375,6742.14990234375,3646920000.0,1921870000.0
2018-02-21,2701.330078125,6759.259765625,2747.75,6879.47021484375,2701.2900390625,6759.22021484375,2720.530029296875,6808.60009765625,3789040000.0,1956120000.0
2018-02-22,2703.9599609375,6761.85009765625,2731.260009765625,6826.009765625,2697.77001953125,6744.0498046875,2710.419921875,6793.080078125,3720620000.0,1927580000.0
2018-02-23,2747.300048828125,6896.60009765625,2747.760009765625,6897.52978515625,2713.739990234375,6789.02978515625,2715.800048828125,6816.43017578125,3200360000.0,1887540000.0
2018-02-26,2779.60009765625,6989.10009765625,2780.639892578125,6989.35986328125,2753.780029296875,6927.4599609375,2757.3701171875,6933.81982421875,3436590000.0,1876560000.0
2018-02-27,2744.280029296875,6900.35009765625,2789.14990234375,7003.1298828125,2744.219970703125,6900.35009765625,2780.449951171875,6984.830078125,3752070000.0,2162250000.0
2018-02-28,2713.830078125,6854.419921875,2761.52001953125,6964.16015625,2713.5400390625,6854.419921875,2753.780029296875,6945.2001953125,4244570000.0,2384940000.0
2018-03-01,2677.669921875,6750.5400390625,2730.889892578125,6892.3798828125,2659.64990234375,6687.43994140625,2715.219970703125,6862.93994140625,4514490000.0,2499010000.0
2018-03-02,2691.25,6811.0400390625,2696.25,6820.3701171875,2647.320068359375,6645.02978515625,2658.889892578125,6661.91015625,3891250000.0,2291480000.0
2018-03-05,2720.93994140625,6881.27978515625,2728.090087890625,6901.6298828125,2675.75,6753.830078125,2681.06005859375,6777.6298828125,3733640000.0,2076870000.0
2018-03-06,2728.1201171875,6913.02001953125,2732.080078125,6937.02978515625,2711.260009765625,6872.06005859375,2730.179931640625,6919.7900390625,3389030000.0,2132920000.0
2018-03-07,2726.800048828125,6929.39013671875,2730.60009765625,6935.47998046875,2701.739990234375,6850.91015625,2710.179931640625,6855.56982421875,3406690000.0,2198610000.0
2018-03-08,2738.969970703125,6966.43017578125,2740.449951171875,6971.0,2722.64990234375,6931.35009765625,2732.75,6955.85009765625,3206040000.0,2277740000.0
2018-03-09,2786.570068359375,7101.18017578125,2786.570068359375,7101.31005859375,2751.5400390625,7007.2998046875,2752.909912109375,7014.83984375,3376870000.0,2310050000.0
2018-03-12,2783.02001953125,7131.1201171875,2796.97998046875,7156.25,2779.260009765625,7108.0400390625,2790.5400390625,7122.47021484375,3216960000.0,2314480000.0
2018-03-13,2765.31005859375,7046.509765625,2801.89990234375,7186.08984375,2758.679931640625,7025.830078125,2792.31005859375,7172.25,3324290000.0,2459220000.0
2018-03-14,2749.47998046875,7040.97998046875,2777.110107421875,7084.06982421875,2744.3798828125,7012.56982421875,2774.06005859375,7077.85009765625,3394630000.0,2112950000.0
2018-03-15,2747.330078125,7030.97021484375,2763.030029296875,7075.5498046875,2741.469970703125,7010.009765625,2754.27001953125,7050.66015625,3543710000.0,2008290000.0
2018-03-16,2752.010009765625,7019.9501953125,2761.85009765625,7061.669921875,2749.969970703125,7011.68994140625,2750.570068359375,7058.1201171875,5429140000.0,3089970000.0
2018-03-19,2712.919921875,6864.8798828125,2741.3798828125,6949.02001953125,2694.590087890625,6806.16015625,2741.3798828125,6945.97021484375,3327460000.0,2352810000.0
2018-03-20,2716.93994140625,6885.919921875,2724.219970703125,6902.22998046875,2710.050048828125,6845.85009765625,2715.050048828125,6871.08984375,3272590000.0,1976000000.0
2018-03-21,2711.929931640625,6853.4501953125,2739.139892578125,6930.7001953125,2709.7900390625,6828.8798828125,2714.989990234375,6863.2900390625,3434780000.0,1999230000.0
2018-03-22,2643.68994140625,6682.259765625,2695.679931640625,6809.93994140625,2641.590087890625,6679.35009765625,2691.360107421875,6763.93994140625,3765460000.0,2370970000.0
2018-03-23,2588.260009765625,6508.08984375,2657.669921875,6708.580078125,2585.889892578125,6507.83984375,2646.7099609375,6683.18994140625,3829380000.0,2455760000.0
2018-03-26,2658.550048828125,6753.830078125,2661.360107421875,6760.64990234375,2601.81005859375,6538.7900390625,2619.35009765625,6644.39990234375,3538080000.0,2341370000.0
2018-03-27,2612.6201171875,6529.83984375,2674.780029296875,6793.5,2596.1201171875,6479.56005859375,2667.570068359375,6791.39013671875,3761320000.0,2347480000.0
2018-03-28,2605.0,6460.81005859375,2632.64990234375,6559.8798828125,2593.06005859375,6410.0400390625,2611.300048828125,6488.02001953125,3875720000.0,2551950000.0
2018-03-29,2640.8701171875,6581.1298828125,2659.070068359375,6640.759765625,2609.719970703125,6435.669921875,2614.409912109375,6493.509765625,3572360000.0,2593390000.0
2018-04-02,2581.8798828125,6390.83984375,2638.300048828125,6560.9599609375,2553.800048828125,6322.60009765625,2633.449951171875,6528.22998046875,3635780000.0,2402670000.0
2018-04-03,2614.449951171875,6458.830078125,2619.139892578125,6485.27001953125,2575.489990234375,6343.89990234375,2592.169921875,6448.0498046875,3395840000.0,2330900000.0
2018-04-04,2644.68994140625,6560.06005859375,2649.860107421875,6578.56005859375,2573.610107421875,6326.5400390625,2584.0400390625,6326.5400390625,3369230000.0,2261580000.0
2018-04-05,2662.840087890625,6594.83984375,2672.080078125,6632.2099609375,2649.580078125,6550.27978515625,2657.360107421875,6619.22021484375,3230430000.0,2153030000.0
2018-04-06,2604.469970703125,6433.2099609375,2656.8798828125,6587.35986328125,2586.27001953125,6402.02978515625,2645.820068359375,6514.47998046875,3312390000.0,2359780000.0
2018-04-09,2613.159912109375,6472.33984375,2653.550048828125,6604.259765625,2610.7900390625,6466.0400390625,2617.179931640625,6488.47998046875,3076140000.0,2089220000.0
2018-04-10,2656.8701171875,6615.8701171875,2665.449951171875,6639.97021484375,2635.780029296875,6534.89013671875,2638.409912109375,6585.52978515625,3579130000.0,2252020000.0
2018-04-11,2642.18994140625,6583.43994140625,2661.429931640625,6650.2900390625,2639.25,6574.8798828125,2643.889892578125,6578.83984375,3054520000.0,1882090000.0
2018-04-12,2663.989990234375,6656.259765625,2674.719970703125,6682.68994140625,2653.830078125,6618.81005859375,2653.830078125,6627.31982421875,3045330000.0,2027080000.0
2018-04-13,2656.300048828125,6628.33984375,2680.260009765625,6703.31005859375,2645.050048828125,6598.33984375,2676.89990234375,6696.02001953125,2988540000.0,1768160000.0
2018-04-16,2677.840087890625,6675.18017578125,2686.489990234375,6699.759765625,2665.159912109375,6633.080078125,2670.10009765625,6675.919921875,3020740000.0,1800450000.0
2018-04-17,2706.389892578125,6816.3701171875,2713.340087890625,6834.31005859375,2692.050048828125,6729.7900390625,2692.739990234375,6738.64990234375,3286190000.0,1935380000.0
2018-04-18,2708.639892578125,6833.2099609375,2717.489990234375,6856.9599609375,2703.6298828125,6788.31982421875,2710.110107421875,6824.580078125,3412030000.0,1908700000.0
2018-04-19,2693.1298828125,6774.89013671875,2702.840087890625,6815.0400390625,2681.89990234375,6749.06982421875,2701.159912109375,6793.080078125,3375120000.0,1982090000.0
2018-04-20,2670.139892578125,6667.75,2693.93994140625,6757.68017578125,2660.610107421875,6642.830078125,2692.56005859375,6754.68017578125,3428260000.0,1935160000.0
2018-04-23,2670.2900390625,6648.7998046875,2682.860107421875,6721.64990234375,2657.989990234375,6613.5498046875,2675.39990234375,6699.16015625,3030390000.0,1744480000.0
2018-04-24,2634.56005859375,6509.0498046875,2683.550048828125,6688.89013671875,2617.320068359375,6464.740234375,2680.800048828125,6680.8798828125,3716020000.0,2154270000.0
2018-04-25,2639.39990234375,6513.93994140625,2645.300048828125,6540.759765625,2612.669921875,6426.56982421875,2634.919921875,6514.330078125,3563680000.0,2055840000.0
2018-04-26,2666.93994140625,6649.64990234375,2676.47998046875,6673.64990234375,2647.159912109375,6579.1201171875,2651.64990234375,6606.60986328125,3690920000.0,2141220000.0
2018-04-27,2669.909912109375,6656.35009765625,2677.35009765625,6750.77978515625,2659.010009765625,6619.259765625,2675.469970703125,6748.58984375,3234510000.0,2050350000.0
2018-04-30,2648.050048828125,6605.56982421875,2682.8701171875,6712.5,2648.0400390625,6593.60009765625,2682.510009765625,6669.43994140625,3749510000.0,1998570000.0
2018-05-01,2654.800048828125,6681.9599609375,2655.27001953125,6685.41015625,2625.409912109375,6578.259765625,2642.9599609375,6592.93017578125,3562820000.0,1932660000.0
2018-05-02,2635.669921875,6644.47998046875,2660.8701171875,6715.9599609375,2631.699951171875,6637.9599609375,2654.239990234375,6694.52001953125,4047020000.0,2157860000.0
2018-05-03,2629.72998046875,6643.47998046875,2637.139892578125,6667.2900390625,2594.6201171875,6539.8701171875,2628.080078125,6608.7001953125,3867530000.0,2355780000.0
2018-05-04,2663.419921875,6769.1201171875,2670.929931640625,6783.35986328125,2615.320068359375,6612.39013671875,2621.449951171875,6618.7001953125,3335260000.0,2040520000.0
2018-05-07,2672.6298828125,6821.8701171875,2683.35009765625,6846.4599609375,2664.699951171875,6796.0498046875,2680.340087890625,6803.4501953125,3266810000.0,1950650000.0
2018-05-08,2671.919921875,6815.47998046875,2676.340087890625,6830.8701171875,2655.199951171875,6770.2998046875,2670.260009765625,6813.91015625,3745100000.0,2070970000.0
2018-05-09,2697.7900390625,6893.2099609375,2701.27001953125,6895.93017578125,2674.139892578125,6807.39990234375,2678.1201171875,6830.5498046875,3913650000.0,2250260000.0
2018-05-10,2723.070068359375,6963.5498046875,2726.110107421875,6966.93017578125,2704.5400390625,6906.77001953125,2705.02001953125,6909.18017578125,3380640000.0,2250450000.0
2018-05-11,2727.719970703125,6952.56005859375,2732.860107421875,6969.2998046875,2717.449951171875,6923.60986328125,2722.699951171875,6948.8701171875,2874850000.0,2085350000.0
2018-05-14,2730.1298828125,6964.3701171875,2742.10009765625,7008.259765625,2725.469970703125,6954.64013671875,2738.469970703125,6977.35009765625,2994360000.0,2085850000.0
2018-05-15,2711.449951171875,6888.5400390625,2718.590087890625,6912.0400390625,2701.909912109375,6852.72998046875,2718.590087890625,6909.31982421875,3291190000.0,2120380000.0
2018-05-16,2722.4599609375,6929.97021484375,2727.760009765625,6944.5400390625,2712.169921875,6891.64990234375,2712.6201171875,6892.89013671875,3248480000.0,2103060000.0
2018-05-17,2720.1298828125,6901.6298828125,2731.9599609375,6952.97998046875,2711.360107421875,6869.39013671875,2719.7099609375,6905.75,3478150000.0,1958970000.0
2018-05-18,2712.969970703125,6866.25,2719.5,6897.91015625,2709.179931640625,6857.580078125,2717.35009765625,6876.64990234375,3383270000.0,1982190000.0
2018-05-21,2733.010009765625,6905.52978515625,2739.18994140625,6948.27001953125,2725.699951171875,6876.35009765625,2735.389892578125,6920.31982421875,3053480000.0,1997220000.0
2018-05-22,2724.43994140625,6893.6201171875,2742.239990234375,6947.43017578125,2721.8798828125,6883.75,2738.340087890625,6934.7001953125,3384140000.0,1927420000.0
2018-05-23,2733.2900390625,6953.6298828125,2733.330078125,6954.7001953125,2709.5400390625,6846.93994140625,2713.97998046875,6847.27001953125,3333160000.0,1997090000.0
2018-05-24,2727.760009765625,6949.7001953125,2731.969970703125,6963.68017578125,2707.3798828125,6882.56982421875,2730.93994140625,6951.52001953125,3285750000.0,2035460000.0
2018-05-25,2721.330078125,6960.919921875,2727.360107421875,6982.52001953125,2714.989990234375,6941.85009765625,2723.60009765625,6951.47021484375,3015260000.0,1771950000.0
2018-05-29,2689.860107421875,6926.5400390625,2710.669921875,6964.64990234375,2676.81005859375,6887.1201171875,2705.110107421875,6928.5,3743310000.0,2095380000.0
2018-05-30,2724.010009765625,6976.3701171875,2729.340087890625,6987.6298828125,2702.429931640625,6938.02001953125,2702.429931640625,6955.58984375,3566490000.0,2058300000.0
2018-05-31,2705.27001953125,6967.72998046875,2722.5,7016.419921875,2700.679931640625,6955.990234375,2720.97998046875,6969.93017578125,4241100000.0,2533360000.0
2018-06-01,2734.6201171875,7083.93017578125,2736.929931640625,7084.83984375,2718.699951171875,7008.02001953125,2718.699951171875,7010.080078125,3694310000.0,2212330000.0
2018-06-04,2746.8701171875,7143.56982421875,2749.159912109375,7146.77001953125,2740.5400390625,7099.08984375,2741.669921875,7099.5,3410090000.0,2152170000.0
2018-06-05,2748.800048828125,7166.75,2752.610107421875,7179.81982421875,2739.510009765625,7137.1298828125,2748.4599609375,7162.41015625,3523550000.0,2063270000.0
2018-06-06,2772.35009765625,7210.080078125,2772.389892578125,7212.4501953125,2748.4599609375,7140.919921875,2753.25,7180.240234375,3662780000.0,2198100000.0
2018-06-07,2770.3701171875,7152.830078125,2779.89990234375,7212.43017578125,2760.159912109375,7115.85986328125,2774.840087890625,7212.43017578125,3742080000.0,2339720000.0
2018-06-08,2779.030029296875,7152.6201171875,2779.389892578125,7161.919921875,2763.590087890625,7100.72998046875,2765.840087890625,7121.759765625,3138850000.0,1949810000.0
2018-06-11,2782.0,7168.47998046875,2790.2099609375,7187.4501953125,2780.169921875,7146.08984375,2780.179931640625,7149.64990234375,3262130000.0,1959360000.0
2018-06-12,2786.85009765625,7209.18017578125,2789.800048828125,7214.490234375,2778.780029296875,7173.759765625,2785.60009765625,7181.669921875,3435700000.0,2019890000.0
2018-06-13,2775.6298828125,7205.259765625,2791.469970703125,7261.169921875,2774.64990234375,7193.02001953125,2787.93994140625,7219.580078125,3820770000.0,2197830000.0
2018-06-14,2782.489990234375,7279.58984375,2789.06005859375,7291.31005859375,2776.52001953125,7233.7001953125,2783.2099609375,7233.7001953125,3540930000.0,2193630000.0
2018-06-15,2779.659912109375,7255.759765625,2782.81005859375,7268.83984375,2761.72998046875,7220.97021484375,2777.780029296875,7245.16015625,5451990000.0,3049870000.0
2018-06-18,2773.75,7251.41015625,2774.989990234375,7256.43017578125,2757.1201171875,7186.16015625,2765.7900390625,7201.18017578125,3316120000.0,2102660000.0
2018-06-19,2762.590087890625,7228.0400390625,2765.050048828125,7229.990234375,2743.18994140625,7138.02001953125,2752.010009765625,7158.7998046875,3671160000.0,2283340000.0
2018-06-20,2767.320068359375,7280.7001953125,2774.860107421875,7309.990234375,2763.909912109375,7256.8701171875,2769.72998046875,7264.85009765625,3332140000.0,2316420000.0
2018-06-21,2749.760009765625,7217.490234375,2769.280029296875,7308.259765625,2744.389892578125,7203.93017578125,2769.280029296875,7304.0498046875,3336580000.0,2349640000.0
2018-06-22,2754.8798828125,7197.509765625,2764.169921875,7239.75,2752.679931640625,7177.4599609375,2760.7900390625,7239.72021484375,5468110000.0,3956300000.0
2018-06-25,2717.070068359375,7038.169921875,2742.93994140625,7144.2900390625,2698.669921875,6976.9599609375,2742.93994140625,7131.0498046875,3663280000.0,2423190000.0
2018-06-26,2723.06005859375,7068.2001953125,2732.909912109375,7108.4501953125,2715.60009765625,7040.06005859375,2722.1201171875,7061.22998046875,3568900000.0,2068870000.0
2018-06-27,2699.6298828125,6969.669921875,2746.090087890625,7128.77001953125,2699.3798828125,6968.2998046875,2728.449951171875,7096.60009765625,3803990000.0,2319650000.0
2018-06-28,2716.31005859375,7031.60009765625,2724.340087890625,7055.25,2691.989990234375,6950.22998046875,2698.68994140625,6963.3701171875,3461100000.0,2208870000.0
2018-06-29,2718.3701171875,7040.7998046875,2743.260009765625,7101.830078125,2718.030029296875,7031.39990234375,2727.1298828125,7071.490234375,3586800000.0,2208820000.0
2018-07-02,2726.7099609375,7097.81982421875,2727.260009765625,7099.27001953125,2698.949951171875,6969.16015625,2704.949951171875,6979.5400390625,3095040000.0,1777880000.0
2018-07-03,2713.219970703125,7014.5498046875,2736.580078125,7122.4501953125,2711.159912109375,7009.509765625,2733.27001953125,7121.7099609375,1911460000.0,1171420000.0
2018-07-05,2736.610107421875,7101.0498046875,2737.830078125,7105.5400390625,2716.02001953125,7025.25,2724.18994140625,7064.0,2980160000.0,1754690000.0
2018-07-06,2759.820068359375,7207.330078125,2764.409912109375,7217.0,2733.52001953125,7106.10009765625,2737.679931640625,7114.169921875,2590250000.0,1718600000.0
2018-07-09,2784.169921875,7276.0,2784.64990234375,7277.580078125,2770.72998046875,7221.31982421875,2775.6201171875,7251.18017578125,3070060000.0,1844440000.0
2018-07-10,2793.840087890625,7282.60009765625,2795.580078125,7297.7900390625,2786.239990234375,7257.490234375,2788.56005859375,7287.0498046875,3080140000.0,1735230000.0
2018-07-11,2774.02001953125,7243.97998046875,2785.909912109375,7271.1201171875,2770.77001953125,7220.22998046875,2779.820068359375,7221.66015625,2986180000.0,1768480000.0
2018-07-12,2798.2900390625,7366.25,2799.219970703125,7368.72021484375,2781.530029296875,7274.16015625,2783.139892578125,7276.3798828125,2834230000.0,1930830000.0
2018-07-13,2801.31005859375,7375.81982421875,2804.530029296875,7387.740234375,2791.68994140625,7348.9599609375,2796.929931640625,7372.27978515625,2619790000.0,1727500000.0
2018-07-16,2798.429931640625,7357.89990234375,2801.18994140625,7390.64013671875,2793.389892578125,7346.33984375,2797.360107421875,7381.02978515625,2819860000.0,1739360000.0
2018-07-17,2809.550048828125,7403.89013671875,2814.18994140625,7418.43017578125,2789.239990234375,7288.2998046875,2789.340087890625,7291.47998046875,3064920000.0,1752210000.0
2018-07-18,2815.6201171875,7390.1298828125,2816.760009765625,7411.25,2805.889892578125,7368.35986328125,2811.35009765625,7407.25,3111560000.0,1881110000.0
2018-07-19,2804.489990234375,7352.35986328125,2812.050048828125,7388.990234375,2799.77001953125,7344.330078125,2809.3701171875,7364.66015625,3278360000.0,1886300000.0
2018-07-20,2801.830078125,7350.22998046875,2809.699951171875,7398.58984375,2800.010009765625,7343.3701171875,2804.550048828125,7379.1298828125,3243250000.0,1796530000.0
2018-07-23,2806.97998046875,7371.77978515625,2808.610107421875,7376.81982421875,2795.139892578125,7301.33984375,2799.169921875,7335.419921875,2928490000.0,1668270000.0
2018-07-24,2820.39990234375,7406.25,2829.989990234375,7475.990234375,2811.1201171875,7375.740234375,2820.679931640625,7455.509765625,3430410000.0,2021890000.0
2018-07-25,2846.070068359375,7508.58984375,2848.030029296875,7511.39013671875,2817.72998046875,7405.64013671875,2817.72998046875,7406.10009765625,3584400000.0,1943820000.0
2018-07-26,2837.43994140625,7400.75,2845.570068359375,7430.1201171875,2835.260009765625,7385.72021484375,2835.489990234375,7404.56005859375,3667290000.0,2289370000.0
2018-07-27,2818.820068359375,7296.77978515625,2843.169921875,7443.240234375,2808.340087890625,7255.31982421875,2842.35009765625,7443.240234375,3434370000.0,2193410000.0
2018-07-30,2802.60009765625,7193.10009765625,2821.739990234375,7299.080078125,2798.110107421875,7158.77978515625,2819.0,7292.72021484375,3261190000.0,2154140000.0
2018-07-31,2816.2900390625,7231.97998046875,2824.4599609375,7272.9599609375,2808.06005859375,7179.41015625,2809.72998046875,7219.669921875,3906890000.0,2208610000.0
2018-08-01,2813.360107421875,7272.89013671875,2825.830078125,7294.7998046875,2805.85009765625,7234.64013671875,2821.169921875,7269.2001953125,3501350000.0,2228950000.0
2018-08-02,2827.219970703125,7372.14990234375,2829.909912109375,7380.56005859375,2796.340087890625,7221.35009765625,2800.47998046875,7221.35009765625,3501380000.0,2115490000.0
2018-08-03,2840.35009765625,7395.490234375,2840.3798828125,7395.490234375,2827.3701171875,7356.330078125,2829.6201171875,7389.35986328125,3043690000.0,2035870000.0
2018-08-06,2850.39990234375,7438.990234375,2853.2900390625,7439.5498046875,2835.97998046875,7381.580078125,2840.2900390625,7390.81982421875,2879020000.0,2245300000.0
2018-08-07,2858.449951171875,7462.64990234375,2863.429931640625,7478.9599609375,2855.919921875,7443.8798828125,2855.919921875,7459.31982421875,3185440000.0,2206400000.0
2018-08-08,2857.699951171875,7469.5498046875,2862.43994140625,7486.2099609375,2853.090087890625,7435.77001953125,2856.7900390625,7454.419921875,2978070000.0,2098100000.0
2018-08-09,2853.580078125,7466.9599609375,2862.47998046875,7498.3701171875,2851.97998046875,7458.56982421875,2857.18994140625,7467.509765625,3066180000.0,2048170000.0
2018-08-10,2833.280029296875,7408.2998046875,2842.199951171875,7436.68994140625,2825.81005859375,7382.830078125,2838.89990234375,7409.0498046875,3265590000.0,2107530000.0
2018-08-13,2821.929931640625,7401.169921875,2843.39990234375,7468.81982421875,2819.8798828125,7398.52978515625,2835.4599609375,7420.18017578125,3173630000.0,1934100000.0
2018-08-14,2839.9599609375,7447.169921875,2843.110107421875,7455.419921875,2826.580078125,7390.0,2827.8798828125,7430.4501953125,2986500000.0,1938840000.0
2018-08-15,2818.3701171875,7354.66015625,2827.949951171875,7409.47998046875,2802.489990234375,7308.52001953125,2827.949951171875,7385.669921875,3656680000.0,2294100000.0
2018-08-16,2840.68994140625,7374.2900390625,2850.489990234375,7422.830078125,2831.43994140625,7361.8798828125,2831.43994140625,7409.60986328125,3232000000.0,1991410000.0
2018-08-17,2850.1298828125,7377.5400390625,2855.6298828125,7394.93994140625,2833.72998046875,7312.64990234375,2838.320068359375,7352.6298828125,3037640000.0,1850770000.0
2018-08-20,2857.050048828125,7371.419921875,2859.760009765625,7395.75,2850.6201171875,7343.47021484375,2853.929931640625,7393.580078125,2757150000.0,1709500000.0
2018-08-21,2862.9599609375,7397.22998046875,2873.22998046875,7441.419921875,2861.320068359375,7388.3701171875,2861.510009765625,7393.4599609375,3174010000.0,1788860000.0
2018-08-22,2861.820068359375,7424.60009765625,2867.5400390625,7434.47998046875,2856.050048828125,7374.68994140625,2860.989990234375,7379.83984375,2701250000.0,1669240000.0
2018-08-23,2856.97998046875,7413.83984375,2868.780029296875,7465.8701171875,2854.030029296875,7405.39990234375,2860.2900390625,7420.31005859375,2724450000.0,1888600000.0
2018-08-24,2874.68994140625,7485.39990234375,2876.159912109375,7489.5400390625,2862.35009765625,7442.990234375,2862.35009765625,7443.7099609375,2603010000.0,1892990000.0
2018-08-27,2896.739990234375,7559.1298828125,2898.25,7560.759765625,2884.68994140625,7512.02001953125,2884.68994140625,7527.3701171875,2865070000.0,2333790000.0
2018-08-28,2897.52001953125,7570.25,2903.77001953125,7588.72021484375,2893.5,7556.7099609375,2901.449951171875,7580.85009765625,2687770000.0,1980270000.0
2018-08-29,2914.0400390625,7660.18017578125,2916.5,7661.9501953125,2898.39990234375,7583.52001953125,2900.6201171875,7585.1298828125,2805520000.0,1909880000.0
2018-08-30,2901.1298828125,7642.669921875,2912.4599609375,7691.10009765625,2895.219970703125,7619.72998046875,2908.93994140625,7645.10986328125,2810450000.0,2022720000.0
2018-08-31,2901.52001953125,7654.5498046875,2906.320068359375,7676.4599609375,2891.72998046875,7628.5400390625,2898.3701171875,7634.43994140625,2887220000.0,1906900000.0
2018-09-04,2896.719970703125,7622.31982421875,2900.179931640625,7643.4501953125,2885.1298828125,7581.35009765625,2896.9599609375,7629.33984375,3087420000.0,2238710000.0
2018-09-05,2888.60009765625,7523.259765625,2894.2099609375,7607.18017578125,2876.919921875,7498.3798828125,2891.590087890625,7600.9501953125,3248780000.0,2602810000.0
2018-09-06,2878.050048828125,7453.169921875,2892.050048828125,7532.2998046875,2867.2900390625,7405.31982421875,2888.639892578125,7527.22021484375,3144240000.0,2375380000.0
2018-09-07,2871.679931640625,7430.259765625,2883.81005859375,7489.39990234375,2864.1201171875,7400.990234375,2868.260009765625,7402.18994140625,2976580000.0,2158930000.0
2018-09-10,2877.1298828125,7447.68017578125,2886.929931640625,7473.75,2875.93994140625,7410.740234375,2881.389892578125,7466.759765625,2751100000.0,2055430000.0
2018-09-11,2887.889892578125,7507.8701171875,2892.52001953125,7519.4501953125,2866.780029296875,7401.72021484375,2871.570068359375,7415.08984375,2904500000.0,2345080000.0
2018-09-12,2888.919921875,7488.06005859375,2894.64990234375,7501.240234375,2879.199951171875,7422.91015625,2888.2900390625,7493.3798828125,3341280000.0,2372320000.0
2018-09-13,2904.179931640625,7561.68994140625,2906.760009765625,7578.759765625,2896.389892578125,7531.66015625,2896.85009765625,7535.22998046875,3274090000.0,2332930000.0
2018-09-14,2904.97998046875,7545.5,2908.300048828125,7581.2998046875,2895.77001953125,7515.0400390625,2906.3798828125,7575.3798828125,3179410000.0,2069380000.0
2018-09-17,2888.800048828125,7434.72998046875,2904.64990234375,7533.919921875,2886.159912109375,7427.7900390625,2903.830078125,7522.58984375,2967980000.0,2303600000.0
2018-09-18,2904.31005859375,7494.39990234375,2911.169921875,7531.2001953125,2890.429931640625,7436.52978515625,2890.739990234375,7440.85986328125,3091190000.0,2328260000.0
2018-09-19,2907.949951171875,7490.31982421875,2912.360107421875,7513.33984375,2903.820068359375,7441.56005859375,2906.60009765625,7498.240234375,3302460000.0,2167720000.0
2018-09-20,2930.75,7569.02978515625,2934.800048828125,7582.43017578125,2919.72998046875,7523.8701171875,2919.72998046875,7534.02001953125,3406520000.0,2306580000.0
2018-09-21,2929.669921875,7531.06982421875,2940.909912109375,7603.85986328125,2927.110107421875,7522.1201171875,2936.760009765625,7587.39013671875,5652470000.0,3729890000.0
2018-09-24,2919.3701171875,7548.75,2923.7900390625,7554.9501953125,2912.6298828125,7447.22998046875,2921.830078125,7477.4501953125,3392030000.0,2433260000.0
2018-09-25,2915.56005859375,7563.18994140625,2923.949951171875,7568.169921875,2913.699951171875,7525.18994140625,2921.75,7552.02001953125,3330880000.0,2328660000.0
2018-09-26,2905.969970703125,7563.08984375,2931.14990234375,7637.6201171875,2903.280029296875,7553.259765625,2916.97998046875,7563.9599609375,3417540000.0,2342370000.0
2018-09-27,2914.0,7629.56982421875,2927.219970703125,7657.7998046875,2909.27001953125,7596.9599609375,2911.64990234375,7600.35009765625,3101360000.0,2073930000.0
2018-09-28,2913.97998046875,7627.64990234375,2920.530029296875,7649.2998046875,2907.5,7598.68994140625,2910.030029296875,7612.64990234375,3461680000.0,2342120000.0
2018-10-01,2924.590087890625,7645.4501953125,2937.06005859375,7700.56005859375,2917.909912109375,7627.47021484375,2926.2900390625,7673.0,3375890000.0,2299520000.0
2018-10-02,2923.429931640625,7628.27978515625,2931.419921875,7685.35986328125,2919.3701171875,7610.25,2923.800048828125,7632.3701171875,3432620000.0,2416800000.0
2018-10-03,2925.510009765625,7637.43017578125,2939.860107421875,7676.89990234375,2921.360107421875,7625.60009765625,2931.68994140625,7663.08984375,3625510000.0,3095630000.0
2018-10-04,2901.610107421875,7490.0,2919.780029296875,7608.240234375,2883.919921875,7436.259765625,2919.35009765625,7603.009765625,3510370000.0,3302690000.0
2018-10-05,2885.570068359375,7399.009765625,2909.639892578125,7510.4501953125,2869.2900390625,7327.43994140625,2902.5400390625,7482.0400390625,3340820000.0,2699370000.0
2018-10-08,2884.429931640625,7352.81982421875,2889.449951171875,7415.5400390625,2862.080078125,7267.02001953125,2877.530029296875,7356.5400390625,3381820000.0,2259300000.0
2018-10-09,2880.340087890625,7371.6201171875,2894.830078125,7430.35986328125,2874.27001953125,7339.85986328125,2882.510009765625,7352.43994140625,3531690000.0,2466440000.0
2018-10-10,2785.679931640625,7044.5,2874.02001953125,7329.240234375,2784.860107421875,7042.06005859375,2873.89990234375,7319.81005859375,4554260000.0,3111680000.0
2018-10-11,2728.3701171875,6964.02978515625,2795.139892578125,7120.10009765625,2710.510009765625,6892.89013671875,2776.8701171875,7013.47998046875,4914090000.0,3154520000.0
2018-10-12,2767.1298828125,7157.2099609375,2775.77001953125,7179.0400390625,2729.43994140625,7019.89013671875,2770.5400390625,7150.2099609375,4024010000.0,2674210000.0
2018-10-15,2750.7900390625,7068.669921875,2775.989990234375,7144.16015625,2749.030029296875,7047.47021484375,2763.830078125,7129.31005859375,3327160000.0,2167000000.0
2018-10-16,2809.919921875,7276.43017578125,2813.4599609375,7291.259765625,2766.909912109375,7133.2900390625,2767.050048828125,7141.669921875,3460260000.0,2639760000.0
2018-10-17,2809.2099609375,7278.6298828125,2816.93994140625,7311.85009765625,2781.81005859375,7205.759765625,2811.669921875,7310.0,3347090000.0,2385070000.0
2018-10-18,2768.780029296875,7116.08984375,2806.0400390625,7251.5400390625,2755.179931640625,7081.89013671875,2802.0,7250.919921875,3639300000.0,2567980000.0
2018-10-19,2767.780029296875,7107.22998046875,2797.77001953125,7227.9599609375,2760.27001953125,7080.740234375,2775.659912109375,7169.4501953125,3593940000.0,2547790000.0
2018-10-22,2755.8798828125,7141.2099609375,2778.93994140625,7193.72021484375,2749.219970703125,7088.89990234375,2773.93994140625,7146.02978515625,3331270000.0,2301010000.0
2018-10-23,2740.68994140625,7118.669921875,2753.590087890625,7149.1298828125,2691.429931640625,6933.56005859375,2721.030029296875,7002.68994140625,4373710000.0,2752010000.0
2018-10-24,2656.10009765625,6789.14990234375,2742.590087890625,7117.33984375,2651.889892578125,6777.47021484375,2737.8701171875,7101.85009765625,4738670000.0,2959560000.0
2018-10-25,2705.570068359375,7016.39013671875,2722.699951171875,7063.919921875,2667.840087890625,6866.75,2674.8798828125,6891.27001953125,4663930000.0,2788090000.0
2018-10-26,2658.68994140625,6852.39990234375,2692.3798828125,6976.93994140625,2628.159912109375,6743.77978515625,2667.860107421875,6804.68994140625,4804330000.0,2971530000.0
2018-10-29,2641.25,6713.89990234375,2706.85009765625,6973.18994140625,2603.5400390625,6574.75,2682.64990234375,6954.68994140625,4701260000.0,2711900000.0
2018-10-30,2682.6298828125,6810.1201171875,2685.429931640625,6816.27001953125,2635.340087890625,6652.52978515625,2640.679931640625,6673.83984375,5125600000.0,2699220000.0
2018-10-31,2711.739990234375,6967.10009765625,2736.68994140625,7030.509765625,2705.60009765625,6924.08984375,2705.60009765625,6933.10986328125,5133380000.0,2918880000.0
2018-11-01,2740.3701171875,7069.169921875,2741.669921875,7071.83984375,2708.85009765625,6932.2099609375,2717.580078125,6980.7900390625,4730250000.0,2728760000.0
2018-11-02,2723.06005859375,6965.2900390625,2756.550048828125,7085.27001953125,2700.43994140625,6909.06982421875,2745.449951171875,7042.2998046875,4261230000.0,2899670000.0
2018-11-05,2738.31005859375,6937.08984375,2744.27001953125,6952.93017578125,2717.93994140625,6859.7998046875,2726.3701171875,6946.14990234375,3650910000.0,2186310000.0
2018-11-06,2755.449951171875,6988.85009765625,2756.820068359375,7024.77978515625,2737.080078125,6928.0,2738.39990234375,6939.1298828125,3543800000.0,2300920000.0
2018-11-07,2813.889892578125,7203.1298828125,2815.14990234375,7205.9599609375,2774.1298828125,7057.7099609375,2774.1298828125,7068.5,3929080000.0,2687410000.0
2018-11-08,2806.830078125,7158.58984375,2814.75,7192.31982421875,2794.989990234375,7125.14013671875,2806.3798828125,7176.18994140625,3673550000.0,2475160000.0
2018-11-09,2781.010009765625,7039.14990234375,2794.10009765625,7104.39013671875,2764.239990234375,6982.89013671875,2794.10009765625,7095.4501953125,4029030000.0,2426750000.0
2018-11-12,2726.219970703125,6829.10009765625,2775.989990234375,6998.7998046875,2722.0,6819.3798828125,2773.929931640625,6990.3701171875,3701570000.0,2305340000.0
2018-11-13,2722.179931640625,6830.91015625,2754.60009765625,6951.43994140625,2714.97998046875,6811.68017578125,2730.050048828125,6858.58984375,4112820000.0,2361240000.0
2018-11-14,2701.580078125,6769.8701171875,2746.800048828125,6916.10009765625,2685.75,6736.18017578125,2737.89990234375,6896.2001953125,4449060000.0,2566210000.0
2018-11-15,2730.199951171875,6890.4501953125,2735.3798828125,6908.830078125,2670.75,6702.419921875,2693.52001953125,6750.6298828125,4204960000.0,2523500000.0
2018-11-16,2736.27001953125,6867.02001953125,2746.75,6898.1298828125,2712.159912109375,6797.43017578125,2718.5400390625,6823.02978515625,3996970000.0,2466980000.0
2018-11-19,2690.72998046875,6642.919921875,2733.159912109375,6841.43994140625,2681.090087890625,6623.3701171875,2730.739990234375,6832.25,3806940000.0,2381430000.0
2018-11-20,2641.889892578125,6526.9599609375,2669.43994140625,6614.009765625,2631.52001953125,6442.35986328125,2654.60009765625,6475.68017578125,4370820000.0,2672250000.0
2018-11-21,2649.929931640625,6575.66015625,2670.72998046875,6639.3701171875,2649.820068359375,6566.31005859375,2657.739990234375,6608.1201171875,3237400000.0,1867840000.0
2018-11-23,2632.56005859375,6527.35009765625,2647.550048828125,6591.56005859375,2631.090087890625,6524.5498046875,2633.360107421875,6525.02001953125,1651680000.0,958950000.0
2018-11-26,2673.449951171875,6678.33984375,2674.35009765625,6679.91015625,2649.969970703125,6590.89013671875,2649.969970703125,6616.7900390625,3523520000.0,2036910000.0
2018-11-27,2682.169921875,6701.0400390625,2682.530029296875,6715.41015625,2655.889892578125,6609.080078125,2663.75,6639.39013671875,3494380000.0,2076790000.0
2018-11-28,2743.7900390625,6913.330078125,2744.0,6914.7900390625,2684.3798828125,6713.2900390625,2691.449951171875,6756.1298828125,3984540000.0,2413120000.0
2018-11-29,2737.800048828125,6892.39990234375,2753.75,6938.02001953125,2722.93994140625,6839.4501953125,2736.969970703125,6890.83984375,3599200000.0,2018190000.0
2018-11-30,2760.169921875,6949.009765625,2760.8798828125,6951.1298828125,2732.760009765625,6872.2900390625,2737.760009765625,6902.240234375,4668310000.0,2547970000.0
2018-12-03,2790.3701171875,7062.1298828125,2800.179931640625,7107.0,2773.3798828125,7013.2001953125,2790.5,7106.83984375,4221580000.0,2643150000.0
2018-12-04,2700.06005859375,6795.2099609375,2785.929931640625,7045.68017578125,2697.179931640625,6785.85009765625,2782.429931640625,7026.81005859375,4515710000.0,2655720000.0
2018-12-06,2695.949951171875,6838.85009765625,2696.14990234375,6840.5,2621.530029296875,6630.81982421875,2663.510009765625,6652.1298828125,5180430000.0,2857650000.0
2018-12-07,2633.080078125,6613.27978515625,2708.5400390625,6849.3798828125,2623.139892578125,6594.5400390625,2691.260009765625,6806.6298828125,4242240000.0,2504680000.0
2018-12-10,2637.719970703125,6682.740234375,2647.510009765625,6710.39013671875,2583.22998046875,6534.330078125,2630.860107421875,6603.35986328125,4162880000.0,2380270000.0
2018-12-11,2636.780029296875,6704.240234375,2674.35009765625,6788.47021484375,2621.300048828125,6650.830078125,2664.43994140625,6782.41015625,3963440000.0,2286810000.0
2018-12-12,2651.070068359375,6763.9599609375,2685.43994140625,6867.66015625,2650.260009765625,6761.77978515625,2658.22998046875,6800.5498046875,4029300000.0,2427080000.0
2018-12-13,2650.5400390625,6767.97021484375,2670.18994140625,6833.77978515625,2637.27001953125,6724.0400390625,2658.699951171875,6805.7001953125,3978340000.0,2162210000.0
2018-12-14,2599.949951171875,6594.9599609375,2635.070068359375,6710.41015625,2593.840087890625,6585.31005859375,2629.679931640625,6679.91015625,4064370000.0,2218330000.0
2018-12-17,2545.93994140625,6448.39013671875,2601.1298828125,6621.6298828125,2530.5400390625,6399.5498046875,2590.75,6571.0,4661420000.0,2697400000.0
2018-12-18,2546.159912109375,6491.52001953125,2573.989990234375,6551.0400390625,2528.7099609375,6434.60009765625,2559.89990234375,6503.1201171875,4519190000.0,2623270000.0
2018-12-19,2506.9599609375,6342.97021484375,2585.2900390625,6575.39013671875,2488.9599609375,6284.72021484375,2547.050048828125,6480.31005859375,5152830000.0,2919140000.0
2018-12-20,2467.419921875,6243.18994140625,2509.6298828125,6380.97021484375,2441.179931640625,6161.85009765625,2496.77001953125,6312.72021484375,5619780000.0,3282440000.0
2018-12-21,2416.6201171875,6046.56005859375,2504.409912109375,6308.31005859375,2408.550048828125,6013.97998046875,2465.3798828125,6293.0498046875,7657890000.0,4571670000.0
2018-12-24,2351.10009765625,5899.35009765625,2410.340087890625,6075.169921875,2351.10009765625,5895.1201171875,2400.56005859375,5994.080078125,2613670000.0,1647440000.0
2018-12-26,2467.699951171875,6262.77001953125,2467.760009765625,6263.81982421875,2346.580078125,5921.85986328125,2363.1201171875,5969.080078125,4249740000.0,2572890000.0
2018-12-27,2488.830078125,6288.2998046875,2489.10009765625,6291.990234375,2397.93994140625,6043.4501953125,2442.5,6168.60009765625,4139010000.0,2449110000.0
2018-12-28,2485.739990234375,6285.27001953125,2520.27001953125,6388.35986328125,2472.889892578125,6233.68994140625,2498.77001953125,6326.6201171875,3728440000.0,2216250000.0
2018-12-31,2506.85009765625,6329.97021484375,2509.239990234375,6365.39013671875,2482.820068359375,6273.93994140625,2498.93994140625,6354.85009765625,3461920000.0,2109320000.0
2019-01-02,2510.030029296875,6360.8701171875,2519.489990234375,6394.740234375,2467.469970703125,6198.68017578125,2476.9599609375,6198.68017578125,3733160000.0,2261800000.0
2019-01-03,2447.889892578125,6147.1298828125,2493.139892578125,6292.68017578125,2443.9599609375,6139.39990234375,2491.919921875,6274.759765625,3858830000.0,2631550000.0
2019-01-04,2531.93994140625,6422.669921875,2538.070068359375,6445.2001953125,2474.330078125,6234.58984375,2474.330078125,6250.0498046875,4234140000.0,2596150000.0
2019-01-07,2549.68994140625,6488.25,2566.159912109375,6521.43994140625,2524.56005859375,6412.97998046875,2535.610107421875,6434.5498046875,4133120000.0,2523450000.0
2019-01-08,2574.409912109375,6551.85009765625,2579.820068359375,6574.72998046875,2547.56005859375,6457.0,2568.110107421875,6555.91015625,4120060000.0,2407340000.0
2019-01-09,2584.9599609375,6600.68994140625,2595.320068359375,6631.06005859375,2568.889892578125,6549.43994140625,2580.0,6576.5400390625,4088740000.0,2434500000.0
2019-01-10,2596.639892578125,6620.93994140625,2597.820068359375,6625.10986328125,2562.02001953125,6517.5400390625,2573.510009765625,6551.0498046875,3721300000.0,2190110000.0
2019-01-11,2596.260009765625,6601.39990234375,2596.27001953125,6604.56005859375,2577.39990234375,6562.0400390625,2588.110107421875,6579.89013671875,3447460000.0,2074310000.0
2019-01-14,2582.610107421875,6541.0400390625,2589.320068359375,6566.8701171875,2570.409912109375,6512.64013671875,2580.31005859375,6536.3701171875,3689370000.0,1960780000.0
2019-01-15,2610.300048828125,6669.64013671875,2613.080078125,6674.52978515625,2585.10009765625,6567.31982421875,2585.10009765625,6571.14990234375,3601180000.0,2066090000.0
2019-01-16,2616.10009765625,6668.56005859375,2625.760009765625,6720.41015625,2612.679931640625,6665.0498046875,2614.75,6677.3798828125,3882180000.0,2163730000.0
2019-01-17,2635.9599609375,6718.4501953125,2645.06005859375,6747.27978515625,2606.360107421875,6637.10009765625,2609.280029296875,6646.18994140625,3802410000.0,2149280000.0
2019-01-18,2670.7099609375,6784.60986328125,2675.469970703125,6816.22998046875,2647.580078125,6727.93994140625,2651.27001953125,6771.52001953125,4009010000.0,2459920000.0
2019-01-22,2632.89990234375,6646.81005859375,2657.8798828125,6738.56982421875,2617.27001953125,6603.56005859375,2657.8798828125,6736.64990234375,3923950000.0,2397660000.0
2019-01-23,2638.699951171875,6658.759765625,2653.18994140625,6712.85986328125,2612.860107421875,6584.5,2643.47998046875,6689.080078125,3358770000.0,2288090000.0
2019-01-24,2642.330078125,6702.5498046875,2647.199951171875,6710.72998046875,2627.010009765625,6656.52001953125,2638.840087890625,6680.33984375,3449230000.0,2419110000.0
2019-01-25,2664.760009765625,6787.3701171875,2672.3798828125,6800.97021484375,2657.330078125,6733.31982421875,2657.43994140625,6755.669921875,3821000000.0,2446550000.0
2019-01-28,2643.85009765625,6697.08984375,2644.969970703125,6697.52978515625,2624.06005859375,6644.31005859375,2644.969970703125,6691.83984375,3630820000.0,2448790000.0
2019-01-29,2640.0,6632.7900390625,2650.929931640625,6701.47021484375,2631.050048828125,6613.419921875,2644.889892578125,6695.7099609375,3518070000.0,2106370000.0
2019-01-30,2681.050048828125,6807.91015625,2690.43994140625,6826.919921875,2648.340087890625,6688.330078125,2653.6201171875,6708.56005859375,3883270000.0,2569410000.0
2019-01-31,2704.10009765625,6906.83984375,2708.949951171875,6936.33984375,2678.64990234375,6837.919921875,2685.489990234375,6840.93017578125,4953800000.0,2947490000.0
2019-02-01,2706.530029296875,6875.52001953125,2716.659912109375,6921.9501953125,2696.8798828125,6857.31005859375,2702.320068359375,6872.72998046875,3782490000.0,2398800000.0
2019-02-04,2724.8701171875,6959.9599609375,2724.989990234375,6960.97021484375,2698.75,6872.60009765625,2706.489990234375,6876.56005859375,3369450000.0,2106030000.0
2019-02-05,2737.699951171875,7023.52001953125,2738.97998046875,7029.77001953125,2724.030029296875,6967.93994140625,2728.340087890625,6969.3701171875,3597620000.0,2284960000.0
2019-02-06,2731.610107421875,6997.6201171875,2738.080078125,7034.93994140625,2724.14990234375,6969.830078125,2735.050048828125,7023.89013671875,3486590000.0,2179400000.0
2019-02-07,2706.050048828125,6904.97998046875,2719.320068359375,6954.77001953125,2687.260009765625,6854.35009765625,2717.530029296875,6934.330078125,4114040000.0,2310700000.0
2019-02-08,2707.8798828125,6913.1298828125,2708.070068359375,6914.56005859375,2681.830078125,6836.7001953125,2692.360107421875,6843.330078125,3649510000.0,2102520000.0
2019-02-11,2709.800048828125,6909.18017578125,2718.050048828125,6958.330078125,2703.7900390625,6893.7998046875,2712.39990234375,6941.259765625,3395330000.0,1908490000.0
2019-02-12,2744.72998046875,7014.669921875,2748.18994140625,7021.759765625,2722.610107421875,6948.330078125,2722.610107421875,6960.5498046875,3843020000.0,2140130000.0
2019-02-13,2753.030029296875,7015.8798828125,2761.85009765625,7062.580078125,2748.6298828125,7009.72998046875,2750.300048828125,7038.31982421875,3684910000.0,2103840000.0
2019-02-14,2745.72998046875,7022.419921875,2757.89990234375,7047.8798828125,2731.22998046875,6969.68994140625,2743.5,6986.509765625,3845390000.0,2117500000.0
2019-02-15,2775.60009765625,7055.18017578125,2775.659912109375,7073.990234375,2760.239990234375,7022.2998046875,2760.239990234375,7066.3798828125,3648680000.0,2263640000.0
2019-02-19,2779.760009765625,7066.60986328125,2787.330078125,7089.10009765625,2767.2900390625,7032.77978515625,2769.280029296875,7033.3701171875,3535270000.0,2124140000.0
2019-02-20,2784.699951171875,7062.33984375,2789.8798828125,7096.14990234375,2774.06005859375,7027.3701171875,2779.050048828125,7070.240234375,3904830000.0,2202670000.0
2019-02-21,2774.8798828125,7035.16015625,2781.580078125,7063.06982421875,2764.550048828125,7001.7998046875,2780.239990234375,7047.080078125,3598260000.0,2144680000.0
2019-02-22,2792.669921875,7090.6298828125,2794.199951171875,7094.2900390625,2779.110107421875,7050.009765625,2780.669921875,7055.2001953125,3429350000.0,2428560000.0
2019-02-25,2796.110107421875,7115.43017578125,2813.489990234375,7161.72998046875,2794.989990234375,7111.77978515625,2804.35009765625,7144.33984375,3860260000.0,2399410000.0
2019-02-26,2793.89990234375,7123.22021484375,2803.1201171875,7144.64990234375,2789.469970703125,7087.14013671875,2792.360107421875,7098.97021484375,3676200000.0,2305760000.0
2019-02-27,2792.3798828125,7117.0,2795.760009765625,7125.77978515625,2775.1298828125,7045.41015625,2787.5,7095.75,3771790000.0,2430790000.0
2019-02-28,2784.489990234375,7097.52978515625,2793.72998046875,7125.919921875,2782.510009765625,7081.919921875,2788.110107421875,7093.2001953125,4445780000.0,2676790000.0
2019-03-01,2803.68994140625,7151.56982421875,2808.02001953125,7159.9599609375,2787.3798828125,7101.06982421875,2798.219970703125,7152.080078125,3994950000.0,2490920000.0
2019-03-04,2792.81005859375,7150.830078125,2816.8798828125,7205.93994140625,2767.659912109375,7073.39990234375,2814.3701171875,7193.8798828125,3949730000.0,2582090000.0
2019-03-05,2789.64990234375,7156.7900390625,2796.43994140625,7178.2998046875,2782.969970703125,7120.68994140625,2794.409912109375,7156.66015625,3631380000.0,2166670000.0
2019-03-06,2771.449951171875,7112.47021484375,2790.27001953125,7162.240234375,2768.68994140625,7104.5498046875,2790.27001953125,7156.240234375,3800180000.0,2256550000.0
2019-03-07,2748.929931640625,7026.8798828125,2767.25,7097.91015625,2739.090087890625,7001.81005859375,2766.530029296875,7089.6298828125,3932150000.0,2462690000.0
2019-03-08,2743.070068359375,7015.68994140625,2744.1298828125,7018.919921875,2722.27001953125,6940.72021484375,2730.7900390625,6940.89990234375,3424300000.0,2260950000.0
2019-03-11,2783.300048828125,7164.02001953125,2784.0,7166.93017578125,2747.610107421875,7049.56005859375,2747.610107421875,7050.0498046875,3764850000.0,2248460000.0
2019-03-12,2791.52001953125,7201.27978515625,2798.320068359375,7219.41015625,2786.72998046875,7166.9501953125,2787.340087890625,7176.22998046875,3432340000.0,2171620000.0
2019-03-13,2810.919921875,7256.97998046875,2821.239990234375,7292.85986328125,2799.780029296875,7229.8798828125,2799.780029296875,7231.0498046875,3782250000.0,2379260000.0
2019-03-14,2808.47998046875,7243.009765625,2815.0,7267.93994140625,2803.4599609375,7240.9599609375,2810.3798828125,7257.31005859375,3505670000.0,2198900000.0
2019-03-15,2822.47998046875,7306.990234375,2830.72998046875,7331.2998046875,2810.7900390625,7265.6298828125,2810.7900390625,7274.14013671875,5969780000.0,3451860000.0
2019-03-18,2832.93994140625,7326.27978515625,2835.409912109375,7348.68994140625,2821.989990234375,7293.85009765625,2822.610107421875,7311.6298828125,3620770000.0,2302140000.0
2019-03-19,2832.570068359375,7349.27978515625,2852.419921875,7390.2900390625,2823.27001953125,7321.93017578125,2840.760009765625,7357.580078125,3650740000.0,2457920000.0
2019-03-20,2824.22998046875,7380.75,2843.5400390625,7422.75,2812.429931640625,7318.419921875,2831.340087890625,7348.990234375,3779160000.0,2464230000.0
2019-03-21,2854.8798828125,7493.27001953125,2860.31005859375,7505.41015625,2817.3798828125,7356.93994140625,2819.719970703125,7356.93994140625,3612620000.0,2502810000.0
2019-03-22,2800.7099609375,7326.06005859375,2846.159912109375,7482.35009765625,2800.469970703125,7323.52001953125,2844.52001953125,7458.43994140625,4253730000.0,2504740000.0
2019-03-25,2798.360107421875,7316.9599609375,2809.7900390625,7342.509765625,2785.02001953125,7265.27978515625,2796.010009765625,7299.93017578125,3406110000.0,2162490000.0
2019-03-26,2818.4599609375,7351.14990234375,2829.8701171875,7417.259765625,2803.989990234375,7314.3798828125,2812.659912109375,7378.22998046875,3288570000.0,2080350000.0
2019-03-27,2805.3701171875,7308.18994140625,2825.56005859375,7376.990234375,2787.719970703125,7252.06005859375,2819.719970703125,7364.47021484375,3422400000.0,2244070000.0
2019-03-28,2815.43994140625,7320.47021484375,2819.7099609375,7346.0400390625,2798.77001953125,7277.68994140625,2809.39990234375,7325.06005859375,3185460000.0,1922150000.0
2019-03-29,2834.39990234375,7378.77001953125,2836.030029296875,7381.68994140625,2819.22998046875,7333.169921875,2828.27001953125,7377.77001953125,3752520000.0,2311790000.0
2019-04-01,2867.18994140625,7478.419921875,2869.39990234375,7481.83984375,2848.6298828125,7422.43994140625,2848.6298828125,7450.81005859375,3560090000.0,2230050000.0
2019-04-02,2867.239990234375,7499.64013671875,2872.89990234375,7507.0498046875,2858.75,7461.509765625,2868.239990234375,7473.509765625,3267210000.0,2123250000.0
2019-04-03,2873.39990234375,7544.97021484375,2885.25,7589.68994140625,2865.169921875,7520.39990234375,2876.090087890625,7538.169921875,3570000000.0,2509630000.0
2019-04-04,2879.389892578125,7540.56982421875,2881.280029296875,7571.1298828125,2867.139892578125,7496.2998046875,2873.989990234375,7542.16015625,3038740000.0,2152640000.0
2019-04-05,2892.739990234375,7578.83984375,2893.239990234375,7581.89990234375,2882.989990234375,7554.91015625,2884.159912109375,7564.27001953125,3155970000.0,2157050000.0
2019-04-08,2895.77001953125,7599.740234375,2895.949951171875,7602.080078125,2880.780029296875,7536.419921875,2888.4599609375,7565.06005859375,3056460000.0,2075550000.0
2019-04-09,2878.199951171875,7568.490234375,2886.8798828125,7596.75,2873.330078125,7555.6201171875,2886.580078125,7571.8798828125,3032480000.0,2078800000.0
2019-04-10,2888.2099609375,7611.490234375,2889.7099609375,7613.41015625,2879.1298828125,7573.27978515625,2881.3701171875,7581.39013671875,3092230000.0,2012290000.0
2019-04-11,2888.320068359375,7594.89013671875,2893.419921875,7621.39990234375,2881.989990234375,7580.7099609375,2891.919921875,7621.39990234375,2970650000.0,1969480000.0
2019-04-12,2907.409912109375,7628.14990234375,2910.5400390625,7630.52001953125,2898.3701171875,7596.56005859375,2900.860107421875,7624.14990234375,3726050000.0,1968900000.0
2019-04-15,2905.580078125,7629.1201171875,2909.60009765625,7636.7998046875,2896.47998046875,7578.5400390625,2908.320068359375,7630.60009765625,3114530000.0,1827710000.0
2019-04-16,2907.06005859375,7654.72998046875,2916.06005859375,7670.39990234375,2900.7099609375,7631.64013671875,2912.260009765625,7651.18994140625,3403120000.0,2102740000.0
2019-04-17,2900.449951171875,7680.72021484375,2918.0,7715.06982421875,2895.449951171875,7659.85009765625,2916.0400390625,7705.31982421875,3648100000.0,2317330000.0
2019-04-18,2905.030029296875,7689.72021484375,2908.39990234375,7694.18017578125,2891.89990234375,7647.39990234375,2904.81005859375,7688.93017578125,3507100000.0,2124630000.0
2019-04-22,2907.969970703125,7713.490234375,2909.510009765625,7715.330078125,2896.35009765625,7653.89013671875,2898.780029296875,7658.3701171875,3010130000.0,1790990000.0
2019-04-23,2933.679931640625,7810.7099609375,2936.31005859375,7819.33984375,2908.530029296875,7719.08984375,2909.989990234375,7724.169921875,3674480000.0,2099410000.0
2019-04-24,2927.25,7784.41015625,2936.830078125,7827.0498046875,2926.050048828125,7783.58984375,2934.0,7813.02001953125,3468480000.0,2043310000.0
2019-04-25,2926.169921875,7816.919921875,2933.10009765625,7851.97021484375,2912.840087890625,7778.22998046875,2928.989990234375,7850.7099609375,3440010000.0,2073370000.0
2019-04-26,2939.8798828125,7826.68017578125,2939.8798828125,7826.89013671875,2917.56005859375,7742.60009765625,2925.81005859375,7791.14990234375,3264390000.0,1982560000.0
2019-04-29,2943.030029296875,7839.0400390625,2949.52001953125,7851.85009765625,2939.35009765625,7812.97021484375,2940.580078125,7825.64013671875,3150390000.0,1781860000.0
2019-04-30,2945.830078125,7781.4599609375,2948.219970703125,7792.31982421875,2924.110107421875,7726.06982421875,2937.139892578125,7769.2998046875,3939760000.0,2131850000.0
2019-05-01,2923.72998046875,7751.85009765625,2954.1298828125,7851.02978515625,2923.360107421875,7749.740234375,2952.330078125,7828.14013671875,3669330000.0,2273540000.0
2019-05-02,2917.52001953125,7724.06005859375,2931.679931640625,7791.509765625,2900.5,7672.5400390625,2922.159912109375,7751.64013671875,3802290000.0,2211530000.0
2019-05-03,2945.639892578125,7845.72998046875,2947.85009765625,7847.52001953125,2929.2099609375,7772.43994140625,2929.2099609375,7784.2900390625,3357180000.0,2081080000.0
2019-05-06,2932.469970703125,7794.08984375,2937.320068359375,7804.5400390625,2898.2099609375,7662.919921875,2908.889892578125,7662.919921875,3203260000.0,1979650000.0
2019-05-07,2884.050048828125,7640.14990234375,2913.030029296875,7743.06005859375,2862.60009765625,7572.60986328125,2913.030029296875,7713.490234375,3793060000.0,2397600000.0
2019-05-08,2879.419921875,7617.5498046875,2897.9599609375,7678.81982421875,2873.280029296875,7593.75,2879.610107421875,7623.31982421875,3543110000.0,2214680000.0
2019-05-09,2870.719970703125,7582.75,2875.969970703125,7605.02978515625,2836.39990234375,7472.7099609375,2859.840087890625,7525.81005859375,3659050000.0,2549500000.0
2019-05-10,2881.39990234375,7586.52978515625,2891.31005859375,7623.009765625,2825.389892578125,7426.75,2863.10009765625,7556.0400390625,3566780000.0,2421470000.0
2019-05-13,2811.8701171875,7324.1298828125,2840.18994140625,7433.919921875,2801.429931640625,7303.64013671875,2840.18994140625,7385.5498046875,3900270000.0,2484820000.0
2019-05-14,2834.409912109375,7401.8798828125,2852.5400390625,7449.02978515625,2820.1201171875,7337.93994140625,2820.1201171875,7366.64013671875,3354860000.0,2103140000.0
2019-05-15,2850.9599609375,7503.25,2858.679931640625,7524.22021484375,2815.080078125,7353.89990234375,2820.3798828125,7354.81982421875,3140900000.0,2014080000.0
2019-05-16,2876.320068359375,7580.14013671875,2892.14990234375,7627.02978515625,2855.800048828125,7502.759765625,2855.800048828125,7509.91015625,3338470000.0,2168720000.0
2019-05-17,2859.530029296875,7503.68017578125,2885.47998046875,7605.669921875,2854.22998046875,7496.919921875,2858.60009765625,7513.14990234375,3316040000.0,2176380000.0
2019-05-20,2840.22998046875,7376.7001953125,2853.860107421875,7424.58984375,2831.2900390625,7351.919921875,2841.93994140625,7391.72998046875,3293750000.0,2130700000.0
2019-05-21,2864.360107421875,7451.02001953125,2868.8798828125,7472.7099609375,2854.02001953125,7417.06982421875,2854.02001953125,7442.31005859375,3223050000.0,2000130000.0
2019-05-22,2856.27001953125,7420.66015625,2865.469970703125,7458.10986328125,2851.110107421875,7410.7099609375,2856.06005859375,7413.83984375,3194000000.0,1884660000.0
2019-05-23,2822.239990234375,7307.93017578125,2836.699951171875,7337.47021484375,2805.489990234375,7261.4599609375,2836.699951171875,7331.669921875,3899320000.0,2270530000.0
2019-05-24,2826.06005859375,7300.9599609375,2841.360107421875,7371.2998046875,2820.18994140625,7294.10009765625,2832.409912109375,7353.97021484375,2889230000.0,1685230000.0
2019-05-28,2802.389892578125,7278.3798828125,2840.510009765625,7362.2900390625,2801.580078125,7274.7001953125,2830.030029296875,7321.27001953125,4146980000.0,2378470000.0
2019-05-29,2783.02001953125,7216.85986328125,2792.030029296875,7254.2001953125,2766.06005859375,7176.669921875,2790.25,7222.5498046875,3701110000.0,2282120000.0
2019-05-30,2788.860107421875,7245.39990234375,2799.0,7262.77001953125,2776.739990234375,7204.419921875,2786.93994140625,7234.830078125,3276030000.0,1875180000.0
2019-05-31,2752.06005859375,7127.9599609375,2768.97998046875,7183.22998046875,2750.52001953125,7125.97021484375,2766.14990234375,7148.7099609375,3982670000.0,2239420000.0
2019-06-03,2744.449951171875,6978.02001953125,2763.070068359375,7126.43017578125,2728.81005859375,6936.68017578125,2751.530029296875,7110.33984375,3952360000.0,2580670000.0
2019-06-04,2803.27001953125,7166.75,2804.489990234375,7169.7900390625,2762.639892578125,7023.08984375,2762.639892578125,7056.18017578125,3814130000.0,2374130000.0
2019-06-05,2826.14990234375,7220.89990234375,2827.280029296875,7235.22998046875,2800.919921875,7146.43017578125,2818.090087890625,7230.81005859375,3570760000.0,2139290000.0
2019-06-06,2843.489990234375,7275.93017578125,2852.10009765625,7293.22021484375,2822.449951171875,7201.58984375,2828.510009765625,7229.85986328125,3445140000.0,2093470000.0
2019-06-07,2873.340087890625,7417.2900390625,2884.969970703125,7445.990234375,2852.8701171875,7309.009765625,2852.8701171875,7315.330078125,3244380000.0,2074120000.0
2019-06-10,2886.72998046875,7501.93017578125,2904.77001953125,7573.0,2885.510009765625,7468.169921875,2885.830078125,7472.60009765625,3209890000.0,2042340000.0
2019-06-11,2885.719970703125,7513.85009765625,2910.610107421875,7595.56982421875,2878.530029296875,7489.990234375,2903.27001953125,7584.75,3551000000.0,2121150000.0
2019-06-12,2879.840087890625,7472.2900390625,2888.570068359375,7507.52001953125,2874.679931640625,7459.2001953125,2882.72998046875,7493.5498046875,3039870000.0,1978930000.0
2019-06-13,2891.639892578125,7510.68017578125,2895.239990234375,7530.91015625,2881.989990234375,7487.08984375,2886.239990234375,7500.85009765625,3100640000.0,1848360000.0
2019-06-14,2886.97998046875,7479.10986328125,2894.449951171875,7500.740234375,2879.6201171875,7454.8701171875,2886.820068359375,7476.47021484375,2992810000.0,1808370000.0
2019-06-17,2889.669921875,7526.52001953125,2897.27001953125,7546.990234375,2887.300048828125,7492.169921875,2889.75,7500.27978515625,2828400000.0,1950550000.0
2019-06-18,2917.75,7635.39990234375,2930.7900390625,7689.080078125,2905.43994140625,7595.58984375,2906.7099609375,7606.60986328125,3441540000.0,2250550000.0
2019-06-19,2926.4599609375,7667.740234375,2931.739990234375,7681.56005859375,2911.429931640625,7606.27978515625,2920.550048828125,7652.52001953125,3300220000.0,2027520000.0
2019-06-20,2954.179931640625,7738.0498046875,2958.06005859375,7770.60986328125,2931.5,7681.43017578125,2949.60009765625,7770.169921875,3943060000.0,2108250000.0
2019-06-21,2950.4599609375,7728.77978515625,2964.14990234375,7772.52978515625,2946.8701171875,7708.25,2952.7099609375,7719.419921875,5003540000.0,2909540000.0
2019-06-24,2945.35009765625,7723.02001953125,2954.919921875,7746.68017578125,2944.050048828125,7720.77978515625,2951.419921875,7737.0,3136960000.0,2073470000.0
2019-06-25,2917.3798828125,7591.5400390625,2946.52001953125,7723.0400390625,2916.010009765625,7584.169921875,2945.780029296875,7720.91015625,3579430000.0,2132550000.0
2019-06-26,2913.780029296875,7627.0498046875,2932.590087890625,7688.64013671875,2912.989990234375,7616.91015625,2926.070068359375,7642.919921875,3511350000.0,2122730000.0
2019-06-27,2924.919921875,7657.0498046875,2929.300048828125,7672.97998046875,2918.570068359375,7636.72021484375,2919.659912109375,7656.68017578125,3162500000.0,2083920000.0
2019-06-28,2941.760009765625,7671.080078125,2943.97998046875,7682.259765625,2929.050048828125,7639.4501953125,2932.93994140625,7674.52001953125,5422650000.0,4101490000.0
2019-07-01,2964.330078125,7768.14013671875,2977.929931640625,7820.81005859375,2952.219970703125,7735.669921875,2971.409912109375,7816.56005859375,3524860000.0,2219030000.0
2019-07-02,2973.010009765625,7799.81982421875,2973.2099609375,7800.47021484375,2955.919921875,7746.009765625,2964.659912109375,7763.02978515625,3224490000.0,1956590000.0
2019-07-03,2995.820068359375,7857.68994140625,2995.840087890625,7857.68994140625,2977.9599609375,7811.2900390625,2978.080078125,7819.06005859375,1963570000.0,1548240000.0
2019-07-05,2990.409912109375,7841.2998046875,2994.030029296875,7854.7099609375,2967.969970703125,7774.58984375,2984.25,7806.06982421875,2434680000.0,1690700000.0
2019-07-08,2975.949951171875,7785.7900390625,2980.760009765625,7841.2998046875,2970.090087890625,7756.10986328125,2979.77001953125,7790.4599609375,2922360000.0,1957160000.0
2019-07-09,2979.6298828125,7826.85986328125,2981.89990234375,7833.93017578125,2963.43994140625,7748.22998046875,2965.52001953125,7748.2900390625,3033330000.0,1871430000.0
2019-07-10,2993.070068359375,7903.39990234375,3002.97998046875,7923.93017578125,2984.6201171875,7858.68017578125,2989.300048828125,7869.72998046875,3157800000.0,2066640000.0
2019-07-11,2999.909912109375,7896.77978515625,3002.330078125,7934.60009765625,2988.800048828125,7873.16015625,2999.6201171875,7918.64990234375,3155710000.0,1970690000.0
2019-07-12,3013.77001953125,7943.240234375,3013.919921875,7944.080078125,3001.8701171875,7900.39013671875,3003.360107421875,7908.580078125,2984140000.0,1835960000.0
2019-07-15,3014.300048828125,7966.93017578125,3017.800048828125,7969.7900390625,3008.77001953125,7940.4501953125,3017.800048828125,7961.06982421875,2876100000.0,1790770000.0
2019-07-16,3004.0400390625,7927.080078125,3015.02001953125,7965.759765625,3001.14990234375,7904.9501953125,3012.1298828125,7958.43994140625,3297030000.0,1947010000.0
2019-07-17,2984.419921875,7888.759765625,3005.260009765625,7941.10009765625,2984.25,7887.97998046875,3005.10009765625,7927.91015625,3185650000.0,1887120000.0
2019-07-18,2995.110107421875,7904.1298828125,2998.280029296875,7912.330078125,2973.090087890625,7827.490234375,2978.8701171875,7850.1201171875,3369820000.0,2063790000.0
2019-07-19,2976.610107421875,7834.89990234375,3006.02001953125,7950.22021484375,2975.860107421875,7832.39013671875,3004.260009765625,7944.85986328125,3285890000.0,1893050000.0
2019-07-22,2985.030029296875,7905.1201171875,2990.7099609375,7918.47021484375,2976.64990234375,7862.27001953125,2981.929931640625,7862.3798828125,3016200000.0,1860440000.0
2019-07-23,3005.469970703125,7954.56005859375,3005.89990234375,7955.08984375,2988.56005859375,7895.0498046875,2994.739990234375,7946.0498046875,3333810000.0,1845050000.0
2019-07-24,3019.56005859375,8010.60986328125,3019.590087890625,8010.830078125,2996.820068359375,7926.990234375,2998.77001953125,7928.77978515625,3433220000.0,1953670000.0
2019-07-25,3003.669921875,7929.8701171875,3016.31005859375,7983.9599609375,2997.239990234375,7921.2099609375,3016.260009765625,7979.14013671875,3657050000.0,2058090000.0
2019-07-26,3025.860107421875,8016.9501953125,3027.97998046875,8027.18017578125,3012.590087890625,7986.72021484375,3013.25,7992.1298828125,3260170000.0,1975110000.0
2019-07-29,3020.969970703125,7989.080078125,3025.610107421875,8010.0498046875,3014.300048828125,7939.97998046875,3024.469970703125,8010.0498046875,3224490000.0,1882980000.0
2019-07-30,3013.179931640625,7952.47021484375,3017.18994140625,7983.10986328125,3000.93994140625,7923.4501953125,3007.659912109375,7927.56005859375,3632770000.0,1893610000.0
2019-07-31,2980.3798828125,7848.77978515625,3017.39990234375,7979.2001953125,2958.080078125,7774.93017578125,3016.219970703125,7972.759765625,4626330000.0,2679230000.0
2019-08-01,2953.56005859375,7801.14990234375,3013.590087890625,8000.93994140625,2945.22998046875,7769.02001953125,2980.320068359375,7866.60009765625,4793810000.0,2815420000.0
2019-08-02,2932.050048828125,7692.7998046875,2945.5,7755.08984375,2914.110107421875,7645.18017578125,2943.89990234375,7740.91015625,3882810000.0,2262550000.0
2019-08-05,2844.739990234375,7415.68994140625,2898.070068359375,7528.89990234375,2822.1201171875,7356.27001953125,2898.070068359375,7510.02001953125,4542850000.0,2661780000.0
2019-08-06,2881.77001953125,7521.31982421875,2884.39990234375,7541.740234375,2847.419921875,7432.31005859375,2861.179931640625,7492.02001953125,4156640000.0,2217620000.0
2019-08-07,2883.97998046875,7551.89990234375,2892.169921875,7569.89990234375,2825.7099609375,7386.39013671875,2858.64990234375,7436.14013671875,4512720000.0,2470170000.0
2019-08-08,2938.090087890625,7724.830078125,2938.719970703125,7726.4599609375,2894.469970703125,7576.81982421875,2896.2099609375,7608.02978515625,4118530000.0,2442950000.0
2019-08-09,2918.64990234375,7646.27001953125,2935.75,7709.509765625,2900.14990234375,7591.14013671875,2930.510009765625,7684.56005859375,3356850000.0,2221180000.0
2019-08-12,2882.699951171875,7561.68017578125,2907.580078125,7623.43994140625,2873.139892578125,7528.9501953125,2907.070068359375,7597.18994140625,3328570000.0,2068920000.0
2019-08-13,2926.320068359375,7728.14990234375,2943.31005859375,7778.33984375,2877.050048828125,7553.330078125,2880.719970703125,7553.43017578125,3857190000.0,2353570000.0
2019-08-14,2840.60009765625,7490.1298828125,2894.14990234375,7621.7001953125,2839.639892578125,7480.580078125,2894.14990234375,7594.64013671875,4325150000.0,2543670000.0
2019-08-15,2847.60009765625,7484.89013671875,2856.669921875,7523.5,2825.510009765625,7429.35986328125,2846.199951171875,7503.14013671875,4041720000.0,2190810000.0
2019-08-16,2888.679931640625,7604.10986328125,2893.6298828125,7622.72998046875,2864.739990234375,7548.89990234375,2864.739990234375,7548.89990234375,3524080000.0,2018710000.0
2019-08-19,2923.64990234375,7719.31982421875,2931.0,7740.740234375,2913.47998046875,7604.10986328125,2913.47998046875,7715.41015625,3221050000.0,1946440000.0
2019-08-20,2900.510009765625,7664.47021484375,2923.6298828125,7731.31005859375,2899.60009765625,7664.2099609375,2919.010009765625,7708.31005859375,3067710000.0,1750730000.0
2019-08-21,2924.429931640625,7733.22021484375,2928.72998046875,7754.66015625,2917.909912109375,7706.56982421875,2922.0400390625,7731.75,3016540000.0,1721410000.0
2019-08-22,2922.949951171875,7707.43017578125,2939.080078125,7764.7900390625,2904.510009765625,7649.27978515625,2930.93994140625,7750.97998046875,2893660000.0,1780760000.0
2019-08-23,2847.110107421875,7464.990234375,2927.010009765625,7722.43017578125,2834.969970703125,7442.93017578125,2911.070068359375,7658.47998046875,3942520000.0,2214370000.0
2019-08-26,2878.3798828125,7575.02001953125,2879.27001953125,7577.77001953125,2856.0,7506.169921875,2866.699951171875,7540.68994140625,2859790000.0,1691990000.0
2019-08-27,2869.159912109375,7566.02978515625,2898.7900390625,7640.68017578125,2860.590087890625,7531.9599609375,2893.139892578125,7630.4599609375,3537490000.0,1914930000.0
2019-08-28,2887.93994140625,7587.89990234375,2890.030029296875,7598.14990234375,2853.050048828125,7500.22021484375,2861.280029296875,7536.7001953125,3102480000.0,1663450000.0
2019-08-29,2924.580078125,7702.31005859375,2930.5,7723.93994140625,2905.669921875,7654.31005859375,2910.3701171875,7678.68994140625,3177150000.0,1703760000.0
2019-08-30,2926.4599609375,7691.0,2940.429931640625,7747.080078125,2913.320068359375,7642.89990234375,2937.090087890625,7743.22998046875,3009910000.0,1668110000.0
2019-09-03,2906.27001953125,7609.509765625,2914.389892578125,7670.169921875,2891.85009765625,7584.81982421875,2909.010009765625,7634.02978515625,3427830000.0,1938780000.0
2019-09-04,2937.780029296875,7719.25,2938.840087890625,7724.91015625,2921.860107421875,7663.64013671875,2924.669921875,7683.77978515625,3167900000.0,1893740000.0
2019-09-05,2976.0,7862.5400390625,2985.860107421875,7879.97021484375,2960.60009765625,7803.4501953125,2960.60009765625,7803.4501953125,3902600000.0,2108700000.0
2019-09-06,2978.7099609375,7852.5400390625,2985.030029296875,7874.990234375,2972.510009765625,7835.89013671875,2980.330078125,7868.8701171875,3209340000.0,1878730000.0
2019-09-09,2978.429931640625,7832.39990234375,2989.429931640625,7877.41015625,2969.389892578125,7795.85986328125,2988.429931640625,7876.39990234375,4031120000.0,2186660000.0
2019-09-10,2979.389892578125,7814.740234375,2979.389892578125,7817.580078125,2957.010009765625,7743.60986328125,2971.010009765625,7793.27978515625,4393040000.0,2366080000.0
2019-09-11,3000.929931640625,7887.580078125,3000.929931640625,7888.33984375,2975.31005859375,7812.06982421875,2981.409912109375,7820.7099609375,3934370000.0,2322610000.0
2019-09-12,3009.570068359375,7917.33984375,3020.739990234375,7975.330078125,3000.919921875,7907.330078125,3009.080078125,7931.9599609375,3796990000.0,2228100000.0
2019-09-13,3007.389892578125,7892.9501953125,3017.330078125,7923.41015625,3002.89990234375,7879.58984375,3012.2099609375,7903.72998046875,3557010000.0,1984570000.0
2019-09-16,2997.9599609375,7852.41015625,3002.18994140625,7868.740234375,2990.669921875,7831.759765625,2996.409912109375,7833.72998046875,4285860000.0,1876540000.0
2019-09-17,3005.699951171875,7888.7900390625,3006.2099609375,7891.2099609375,2993.72998046875,7840.990234375,2995.669921875,7849.8798828125,3673250000.0,1857350000.0
2019-09-18,3006.72998046875,7888.56005859375,3007.830078125,7891.169921875,2978.570068359375,7791.580078125,3001.5,7877.580078125,3458800000.0,2045590000.0
2019-09-19,3006.7900390625,7901.7900390625,3021.989990234375,7950.2099609375,3003.159912109375,7888.31005859375,3010.360107421875,7904.39013671875,3265660000.0,1818430000.0
2019-09-20,2992.070068359375,7823.5498046875,3016.3701171875,7920.52978515625,2984.679931640625,7794.27001953125,3008.419921875,7901.4599609375,6103440000.0,3363230000.0
2019-09-23,2991.780029296875,7818.60986328125,2999.14990234375,7842.97998046875,2982.22998046875,7790.2900390625,2983.5,7815.22998046875,3187250000.0,1781750000.0
2019-09-24,2966.60009765625,7710.0400390625,3007.97998046875,7873.25,2957.72998046875,7684.7998046875,3002.429931640625,7855.97021484375,3872800000.0,2310940000.0
2019-09-25,2984.8701171875,7803.5400390625,2989.820068359375,7822.43017578125,2952.860107421875,7647.6298828125,2968.35009765625,7706.5,3331200000.0,2022080000.0
2019-09-26,2977.6201171875,7771.990234375,2987.280029296875,7798.1201171875,2963.7099609375,7718.68994140625,2985.72998046875,7794.27978515625,3084910000.0,1886310000.0
2019-09-27,2961.7900390625,7681.580078125,2987.31005859375,7790.7998046875,2945.530029296875,7626.81982421875,2985.469970703125,7786.02978515625,3246480000.0,2041250000.0
2019-09-30,2976.739990234375,7749.4501953125,2983.85009765625,7761.83984375,2967.070068359375,7693.490234375,2967.070068359375,7705.97021484375,3249130000.0,1809050000.0
2019-10-01,2940.25,7684.14013671875,2992.530029296875,7821.72021484375,2938.699951171875,7675.419921875,2983.68994140625,7782.81982421875,3560750000.0,2250500000.0
2019-10-02,2887.610107421875,7550.7900390625,2924.780029296875,7631.33984375,2874.929931640625,7513.68994140625,2924.780029296875,7627.58984375,3914180000.0,2503630000.0
2019-10-03,2910.6298828125,7638.39013671875,2911.1298828125,7640.419921875,2855.93994140625,7463.56982421875,2885.3798828125,7557.18994140625,3515130000.0,2157220000.0
2019-10-04,2952.010009765625,7754.10009765625,2953.739990234375,7759.35986328125,2918.56005859375,7670.919921875,2918.56005859375,7677.330078125,3005600000.0,1748000000.0
2019-10-07,2938.7900390625,7725.1298828125,2959.75,7784.7900390625,2935.679931640625,7712.68017578125,2944.22998046875,7725.68017578125,2959050000.0,1759580000.0
2019-10-08,2893.06005859375,7604.27001953125,2925.469970703125,7707.169921875,2892.659912109375,7603.759765625,2920.39990234375,7671.3798828125,3370700000.0,1943700000.0
2019-10-09,2919.39990234375,7690.52978515625,2929.320068359375,7717.93994140625,2907.409912109375,7655.47998046875,2911.10009765625,7678.66015625,2735350000.0,1563500000.0
2019-10-10,2938.1298828125,7740.35986328125,2948.4599609375,7772.68017578125,2917.1201171875,7682.60986328125,2918.550048828125,7688.419921875,3234400000.0,1793470000.0
2019-10-11,2970.27001953125,7843.8798828125,2993.280029296875,7904.0498046875,2963.070068359375,7831.10986328125,2963.070068359375,7835.93017578125,3581320000.0,2184790000.0
2019-10-14,2966.14990234375,7842.330078125,2972.840087890625,7865.669921875,2962.93994140625,7827.16015625,2965.81005859375,7834.740234375,2559270000.0,1423700000.0
2019-10-15,2995.679931640625,7942.85009765625,3003.280029296875,7960.14013671875,2973.610107421875,7863.64990234375,2973.610107421875,7867.9599609375,3345090000.0,1841660000.0
2019-10-16,2989.68994140625,7920.2099609375,2997.5400390625,7941.759765625,2985.199951171875,7898.31005859375,2989.679931640625,7911.990234375,3230320000.0,1900010000.0
2019-10-17,2997.949951171875,7942.14013671875,3008.2900390625,7981.14013671875,2991.7900390625,7914.93994140625,3000.77001953125,7976.64013671875,3103470000.0,1864020000.0
2019-10-18,2986.199951171875,7868.490234375,3000.0,7946.81005859375,2976.31005859375,7829.75,2996.840087890625,7938.2998046875,3268970000.0,2020020000.0
2019-10-21,3006.719970703125,7940.330078125,3007.330078125,7941.47998046875,2995.35009765625,7887.740234375,2996.47998046875,7911.580078125,3271960000.0,1756640000.0
2019-10-22,2995.989990234375,7874.6201171875,3014.570068359375,7977.009765625,2995.0400390625,7871.97998046875,3010.72998046875,7968.25,3527540000.0,1850870000.0
2019-10-23,3004.52001953125,7889.47021484375,3004.780029296875,7890.2099609375,2991.2099609375,7845.08984375,2994.010009765625,7858.47998046875,3413600000.0,1822180000.0
2019-10-24,3010.2900390625,7966.72021484375,3016.070068359375,7969.66015625,3000.419921875,7912.72021484375,3014.780029296875,7956.22998046875,3696510000.0,1893620000.0
2019-10-25,3022.550048828125,8029.22021484375,3027.389892578125,8033.2900390625,3001.93994140625,7926.60009765625,3003.320068359375,7926.60009765625,3379060000.0,1911580000.0
2019-10-28,3039.419921875,8110.669921875,3044.080078125,8119.72998046875,3032.1201171875,8070.89990234375,3032.1201171875,8071.39013671875,3524970000.0,1959920000.0
2019-10-29,3036.889892578125,8047.509765625,3047.8701171875,8108.60986328125,3034.81005859375,8045.64013671875,3035.389892578125,8101.5498046875,3594430000.0,1842720000.0
2019-10-30,3046.77001953125,8083.10986328125,3050.10009765625,8096.330078125,3025.9599609375,8017.919921875,3039.739990234375,8056.89990234375,3779660000.0,1936060000.0
2019-10-31,3037.56005859375,8083.830078125,3046.89990234375,8110.43994140625,3023.18994140625,8041.64990234375,3046.89990234375,8100.6201171875,4149310000.0,2276140000.0
2019-11-01,3066.909912109375,8161.169921875,3066.949951171875,8161.97998046875,3050.719970703125,8111.72998046875,3050.719970703125,8121.9501953125,3956290000.0,2071350000.0
2019-11-04,3078.27001953125,8210.66015625,3085.199951171875,8228.330078125,3074.8701171875,8197.3203125,3078.9599609375,8218.9296875,4178040000.0,2166830000.0
2019-11-05,3074.6201171875,8210.1796875,3083.949951171875,8229.08984375,3072.14990234375,8191.0498046875,3080.800048828125,8225.349609375,4490590000.0,2327420000.0
2019-11-06,3076.780029296875,8196.0302734375,3078.340087890625,8204.33984375,3065.889892578125,8157.35986328125,3075.10009765625,8204.33984375,4465510000.0,2342570000.0
2019-11-07,3085.179931640625,8219.650390625,3097.77001953125,8271.8203125,3080.22998046875,8198.91015625,3087.02001953125,8237.6796875,4151990000.0,2403680000.0
2019-11-08,3093.080078125,8255.8896484375,3093.090087890625,8256.2900390625,3073.580078125,8186.31005859375,3081.25,8208.3701171875,3508160000.0,1982140000.0
2019-11-11,3087.010009765625,8241.91015625,3088.330078125,8245.8896484375,3075.820068359375,8202.3603515625,3080.330078125,8212.3701171875,3041120000.0,1719300000.0
2019-11-12,3091.840087890625,8263.7900390625,3102.610107421875,8293.1796875,3084.72998046875,8238.330078125,3089.280029296875,8249.6201171875,3495560000.0,2001440000.0
2019-11-13,3094.0400390625,8259.8095703125,3098.06005859375,8274.6103515625,3078.800048828125,8233.3798828125,3084.179931640625,8235.6796875,3513720000.0,2180010000.0
2019-11-14,3096.6298828125,8257.830078125,3098.199951171875,8264.9404296875,3083.260009765625,8212.58984375,3090.75,8238.849609375,3282090000.0,2113840000.0
2019-11-15,3120.4599609375,8315.51953125,3120.4599609375,8315.900390625,3104.60009765625,8284.2001953125,3107.919921875,8303.83984375,3359800000.0,2199480000.0
2019-11-18,3122.030029296875,8328.48046875,3124.169921875,8340.41015625,3112.06005859375,8274.6796875,3117.909912109375,8303.2197265625,3440140000.0,2053260000.0
2019-11-19,3120.179931640625,8338.740234375,3127.639892578125,8357.7998046875,3113.469970703125,8308.2802734375,3127.449951171875,8357.4296875,3613670000.0,2094030000.0
2019-11-20,3108.4599609375,8283.75,3118.969970703125,8339.259765625,3091.409912109375,8226.25,3114.659912109375,8315.5498046875,4041010000.0,2608780000.0
2019-11-21,3103.5400390625,8265.6201171875,3110.110107421875,8282.330078125,3094.550048828125,8242.2197265625,3108.489990234375,8273.9501953125,3744010000.0,2073720000.0
2019-11-22,3110.2900390625,8272.0498046875,3112.8701171875,8292.1103515625,3099.260009765625,8229.490234375,3111.409912109375,8287.25,3235270000.0,1885730000.0
2019-11-25,3133.639892578125,8371.9296875,3133.830078125,8372.8203125,3117.43994140625,8309.5498046875,3117.43994140625,8309.5498046875,3514310000.0,2262750000.0
2019-11-26,3140.52001953125,8385.75,3142.68994140625,8398.0400390625,3131.0,8364.1103515625,3134.85009765625,8374.259765625,4600450000.0,2439370000.0
2019-11-27,3153.6298828125,8444.7099609375,3154.260009765625,8445.6103515625,3143.409912109375,8399.6298828125,3145.489990234375,8407.23046875,3035470000.0,1748520000.0
2019-11-29,3140.97998046875,8403.6796875,3150.300048828125,8435.9599609375,3139.340087890625,8402.1298828125,3147.179931640625,8422.01953125,1743420000.0,1099090000.0
2019-12-02,3113.8701171875,8309.259765625,3144.31005859375,8409.8701171875,3110.780029296875,8274.6103515625,3143.85009765625,8409.8701171875,3285750000.0,2240300000.0
2019-12-03,3093.199951171875,8254.740234375,3094.969970703125,8258.400390625,3070.330078125,8167.35986328125,3087.409912109375,8201.6298828125,3671580000.0,2318760000.0
2019-12-04,3112.760009765625,8296.5302734375,3119.3798828125,8316.4599609375,3102.530029296875,8285.8798828125,3103.5,8291.8603515625,3702980000.0,2158870000.0
2019-12-05,3117.429931640625,8308.400390625,3119.449951171875,8321.1904296875,3103.760009765625,8272.830078125,3119.2099609375,8321.1904296875,3360480000.0,2133380000.0
2019-12-06,3145.909912109375,8397.3701171875,3150.60009765625,8405.849609375,3134.6201171875,8365.25,3134.6201171875,8370.23046875,3483310000.0,2057020000.0
2019-12-09,3135.9599609375,8362.740234375,3148.8701171875,8425.76953125,3135.4599609375,8359.8701171875,3141.860107421875,8388.75,3400470000.0,2123870000.0
2019-12-10,3132.52001953125,8354.2900390625,3142.1201171875,8392.8896484375,3126.090087890625,8339.3701171875,3135.360107421875,8364.5498046875,3346310000.0,2058760000.0
2019-12-11,3141.6298828125,8402.6103515625,3143.97998046875,8408.080078125,3133.2099609375,8361.3701171875,3135.75,8371.650390625,3257650000.0,1982080000.0
2019-12-12,3168.570068359375,8466.8896484375,3176.280029296875,8493.1103515625,3138.469970703125,8380.08984375,3141.22998046875,8391.919921875,4003200000.0,2396400000.0
2019-12-13,3168.800048828125,8487.7099609375,3182.679931640625,8517.51953125,3156.510009765625,8441.8896484375,3166.64990234375,8461.419921875,3757650000.0,2219630000.0
2019-12-16,3191.449951171875,8570.330078125,3197.7099609375,8584.7802734375,3183.6298828125,8542.419921875,3183.6298828125,8544.26953125,4070200000.0,2368050000.0
2019-12-17,3192.52001953125,8575.7001953125,3198.219970703125,8592.4501953125,3191.030029296875,8564.150390625,3195.39990234375,8586.330078125,3842940000.0,2382450000.0
2019-12-18,3191.139892578125,8580.6201171875,3198.47998046875,8608.099609375,3191.139892578125,8578.5595703125,3195.2099609375,8587.2001953125,4029950000.0,2742330000.0
2019-12-19,3205.3701171875,8641.2900390625,3205.47998046875,8642.740234375,3192.320068359375,8592.6796875,3192.320068359375,8592.6796875,3784360000.0,2446890000.0
2019-12-20,3221.219970703125,8678.490234375,3225.64990234375,8687.66015625,3216.030029296875,8656.48046875,3223.330078125,8666.5703125,6457480000.0,3830200000.0
2019-12-23,3224.010009765625,8696.009765625,3227.780029296875,8710.900390625,3222.300048828125,8690.150390625,3226.050048828125,8703.0595703125,3064530000.0,2028670000.0
2019-12-24,3223.3798828125,8699.509765625,3226.429931640625,8708.2197265625,3220.510009765625,8684.1201171875,3225.449951171875,8705.2998046875,1296530000.0,1014530000.0
2019-12-26,3239.909912109375,8778.3095703125,3240.080078125,8778.330078125,3227.199951171875,8716.0302734375,3227.199951171875,8717.9501953125,2164540000.0,1639960000.0
2019-12-27,3240.02001953125,8770.98046875,3247.929931640625,8811.099609375,3234.3701171875,8749.8603515625,3247.22998046875,8805.8603515625,2429150000.0,1833740000.0
2019-12-30,3221.2900390625,8709.73046875,3240.919921875,8768.2998046875,3216.570068359375,8671.919921875,3240.090087890625,8766.3896484375,3021720000.0,2051320000.0
2019-12-31,3230.780029296875,8733.0703125,3231.719970703125,8735.4296875,3212.030029296875,8674.3798828125,3215.179931640625,8681.330078125,2894760000.0,2186830000.0
2020-01-02,3257.85009765625,8872.2197265625,3258.139892578125,8873.6298828125,3235.530029296875,8786.900390625,3244.669921875,8802.2197265625,3459930000.0,2862700000.0
2020-01-03,3234.85009765625,8793.900390625,3246.14990234375,8843.650390625,3222.340087890625,8755.169921875,3226.360107421875,8755.169921875,3484700000.0,2586520000.0
2020-01-06,3246.280029296875,8848.51953125,3246.840087890625,8849.98046875,3214.639892578125,8713.8896484375,3217.550048828125,8713.8896484375,3702460000.0,2810450000.0
2020-01-07,3237.179931640625,8846.4501953125,3244.909912109375,8872.4697265625,3232.429931640625,8821.6796875,3241.860107421875,8857.1396484375,3435910000.0,2381740000.0
2020-01-08,3253.050048828125,8912.3701171875,3267.070068359375,8953.5498046875,3236.669921875,8834.9404296875,3238.590087890625,8845.4501953125,3726840000.0,2472620000.0
2020-01-09,3274.699951171875,8989.6298828125,3275.580078125,9004.5498046875,3263.669921875,8938.5302734375,3266.030029296875,8990.0400390625,3641230000.0,2540960000.0
2020-01-10,3265.35009765625,8966.6396484375,3282.989990234375,9024.8701171875,3260.860107421875,8951.830078125,3281.81005859375,9021.8798828125,3214580000.0,2382900000.0
2020-01-13,3288.1298828125,9070.650390625,3288.1298828125,9071.5302734375,3268.429931640625,8991.349609375,3271.1298828125,9007.9404296875,3459390000.0,2536820000.0
2020-01-14,3283.14990234375,9033.419921875,3294.25,9080.16015625,3277.18994140625,9020.919921875,3285.35009765625,9068.01953125,3687620000.0,2553160000.0
2020-01-15,3289.2900390625,9035.669921875,3298.659912109375,9078.8701171875,3280.68994140625,9008.9501953125,3282.27001953125,9039.3095703125,3721490000.0,2443220000.0
2020-01-16,3316.81005859375,9125.0,3317.110107421875,9126.0703125,3302.820068359375,9066.3095703125,3302.969970703125,9088.080078125,3540580000.0,2312110000.0
2020-01-17,3329.6201171875,9173.73046875,3329.8798828125,9176.4697265625,3318.860107421875,9118.98046875,3323.659912109375,9159.48046875,3726220000.0,2542540000.0
2020-01-21,3320.7900390625,9166.6298828125,3329.7900390625,9187.419921875,3316.610107421875,9141.7802734375,3321.030029296875,9145.6396484375,4104840000.0,2686610000.0
2020-01-22,3321.75,9188.580078125,3337.77001953125,9242.48046875,3320.0400390625,9179.26953125,3330.02001953125,9212.349609375,3623780000.0,2454580000.0
2020-01-23,3325.5400390625,9216.98046875,3326.8798828125,9221.1298828125,3301.8701171875,9145.23046875,3315.77001953125,9186.1396484375,3766710000.0,2465850000.0
2020-01-24,3295.469970703125,9141.4697265625,3333.179931640625,9272.3701171875,3281.530029296875,9101.4404296875,3333.10009765625,9266.349609375,3708780000.0,2622970000.0
2020-01-27,3243.6298828125,8952.1796875,3258.85009765625,9001.4404296875,3234.5,8910.9697265625,3247.159912109375,8913.16015625,3831050000.0,2593910000.0
2020-01-28,3276.239990234375,9090.9296875,3285.780029296875,9111.3203125,3253.219970703125,8994.2802734375,3255.35009765625,9013.23046875,3531570000.0,2169020000.0
2020-01-29,3273.39990234375,9101.6103515625,3293.469970703125,9153.080078125,3271.889892578125,9067.2900390625,3289.4599609375,9141.51953125,3600250000.0,2234620000.0
2020-01-30,3283.659912109375,9136.08984375,3285.909912109375,9140.6904296875,3242.800048828125,9019.7197265625,3256.449951171875,9038.919921875,3790350000.0,2345370000.0
2020-01-31,3225.52001953125,8991.509765625,3282.330078125,9170.2197265625,3214.679931640625,8961.58984375,3282.330078125,9169.91015625,4529700000.0,2696090000.0
2020-02-03,3248.919921875,9126.23046875,3268.43994140625,9148.5,3235.659912109375,9031.0703125,3235.659912109375,9033.51953125,3760460000.0,2427320000.0
2020-02-04,3297.590087890625,9334.0595703125,3306.919921875,9352.9599609375,3280.610107421875,9224.8603515625,3280.610107421875,9256.9404296875,3996900000.0,2447340000.0
2020-02-05,3334.68994140625,9367.48046875,3337.580078125,9442.75,3313.75,9311.8798828125,3324.909912109375,9441.33984375,4121480000.0,2470240000.0
2020-02-06,3345.780029296875,9445.919921875,3347.9599609375,9448.7197265625,3334.389892578125,9357.8603515625,3344.919921875,9395.6904296875,3887250000.0,2313860000.0
2020-02-07,3327.7099609375,9401.099609375,3341.419921875,9453.240234375,3322.1201171875,9376.91015625,3335.5400390625,9397.76953125,3733920000.0,2243720000.0
2020-02-10,3352.090087890625,9516.83984375,3352.260009765625,9517.740234375,3317.77001953125,9373.2001953125,3318.280029296875,9373.2001953125,3462730000.0,2187520000.0
2020-02-11,3357.75,9517.8603515625,3375.6298828125,9600.0498046875,3352.719970703125,9493.6298828125,3365.8701171875,9567.8095703125,3762940000.0,2450070000.0
2020-02-12,3379.449951171875,9613.2001953125,3381.469970703125,9615.91015625,3369.719970703125,9552.0302734375,3370.5,9569.8203125,3930910000.0,2366510000.0
2020-02-13,3373.93994140625,9595.7001953125,3385.090087890625,9636.41015625,3360.52001953125,9532.740234375,3365.89990234375,9540.669921875,3500890000.0,2254870000.0
2020-02-14,3380.159912109375,9623.580078125,3380.68994140625,9634.75,3366.14990234375,9583.080078125,3378.080078125,9613.8798828125,3419700000.0,2226720000.0
2020-02-18,3370.2900390625,9629.7998046875,3375.010009765625,9647.7197265625,3355.610107421875,9567.2802734375,3369.0400390625,9567.2802734375,3750400000.0,2279420000.0
2020-02-19,3386.14990234375,9718.73046875,3393.52001953125,9736.5703125,3378.830078125,9676.0703125,3380.389892578125,9683.9404296875,3614200000.0,2470860000.0
2020-02-20,3373.22998046875,9627.830078125,3389.14990234375,9714.23046875,3341.02001953125,9513.23046875,3380.449951171875,9696.66015625,4019180000.0,2745730000.0
2020-02-21,3337.75,9446.6904296875,3360.760009765625,9594.0,3328.449951171875,9406.3798828125,3360.5,9582.5400390625,3908780000.0,2750160000.0
2020-02-24,3225.889892578125,9079.6298828125,3259.81005859375,9194.91015625,3214.64990234375,9028.8701171875,3257.610107421875,9055.2998046875,4851160000.0,3188590000.0
2020-02-25,3128.2099609375,8834.8701171875,3246.989990234375,9183.7802734375,3118.77001953125,8807.1103515625,3238.93994140625,9167.330078125,5596760000.0,3595520000.0
2020-02-26,3116.389892578125,8873.759765625,3182.510009765625,9032.8798828125,3108.989990234375,8813.919921875,3139.89990234375,8883.009765625,5484650000.0,3587950000.0
2020-02-27,2978.760009765625,8436.669921875,3097.070068359375,8786.6796875,2977.389892578125,8430.5302734375,3062.5400390625,8632.5400390625,7064710000.0,4559900000.0
2020-02-28,2954.219970703125,8461.830078125,2959.719970703125,8490.4697265625,2855.840087890625,8133.85009765625,2916.89990234375,8133.85009765625,8569570000.0,5320020000.0
2020-03-02,3090.22998046875,8877.98046875,3090.9599609375,8879.3896484375,2945.18994140625,8446.5,2974.280029296875,8569.91015625,6381330000.0,4249020000.0
2020-03-03,3003.3701171875,8594.490234375,3136.719970703125,9000.4599609375,2976.6298828125,8516.580078125,3096.4599609375,8892.6796875,6376510000.0,4336700000.0
2020-03-04,3130.1201171875,8949.2802734375,3130.969970703125,8952.1103515625,3034.3798828125,8669.759765625,3045.75,8745.6396484375,5073020000.0,3634760000.0
2020-03-05,3023.93994140625,8671.66015625,3083.0400390625,8864.1904296875,2999.830078125,8613.91015625,3075.699951171875,8713.1904296875,5579290000.0,3763860000.0
2020-03-06,2972.3701171875,8530.33984375,2985.929931640625,8571.8798828125,2901.5400390625,8319.900390625,2954.199951171875,8395.9501953125,6555240000.0,4292730000.0
2020-03-09,2746.56005859375,7948.02978515625,2863.889892578125,8241.76953125,2734.429931640625,7912.14013671875,2863.889892578125,7912.14013671875,8441290000.0,4554110000.0
2020-03-10,2882.22998046875,8372.26953125,2882.590087890625,8376.4404296875,2734.0,7942.1298828125,2813.47998046875,8213.9697265625,7642040000.0,4447260000.0
2020-03-11,2741.3798828125,8006.1201171875,2825.60009765625,8224.73046875,2707.219970703125,7900.990234375,2825.60009765625,8166.259765625,7431200000.0,4302610000.0
2020-03-12,2480.639892578125,7263.64990234375,2660.949951171875,7808.31005859375,2478.860107421875,7255.6201171875,2630.860107421875,7452.759765625,8850810000.0,5099350000.0
2020-03-13,2711.02001953125,7995.259765625,2711.330078125,7998.509765625,2492.3701171875,7301.8798828125,2569.989990234375,7683.0400390625,8299070000.0,4701070000.0
2020-03-16,2386.1298828125,7020.3798828125,2562.97998046875,7563.4501953125,2380.93994140625,6993.60986328125,2508.590087890625,7502.259765625,7805450000.0,4618120000.0
2020-03-17,2529.18994140625,7473.9501953125,2553.929931640625,7550.1298828125,2367.0400390625,6959.14990234375,2425.659912109375,7198.52978515625,8370250000.0,4920210000.0
2020-03-18,2398.10009765625,7175.18017578125,2453.570068359375,7336.8798828125,2280.52001953125,6837.52978515625,2436.5,7023.85986328125,8799300000.0,4935000000.0
2020-03-19,2409.389892578125,7288.52001953125,2466.969970703125,7514.14013671875,2319.780029296875,7037.47021484375,2393.47998046875,7190.2099609375,7956100000.0,4778490000.0
2020-03-20,2304.919921875,6994.2900390625,2453.010009765625,7487.830078125,2295.56005859375,6969.77001953125,2431.93994140625,7391.22021484375,9053950000.0,5260300000.0
2020-03-23,2237.39990234375,7006.919921875,2300.72998046875,7145.2900390625,2191.860107421875,6771.91015625,2290.7099609375,6952.7099609375,7411380000.0,4348410000.0
2020-03-24,2447.330078125,7553.830078125,2449.7099609375,7555.91015625,2344.43994140625,7304.39013671875,2344.43994140625,7349.0,7563150000.0,4441080000.0
2020-03-25,2475.56005859375,7469.6201171875,2571.419921875,7777.60986328125,2407.530029296875,7390.41015625,2457.77001953125,7543.9599609375,8300010000.0,4683630000.0
2020-03-26,2630.070068359375,7897.1298828125,2637.010009765625,7913.10986328125,2500.719970703125,7549.830078125,2501.2900390625,7549.830078125,7766990000.0,4014670000.0
2020-03-27,2541.469970703125,7588.3701171875,2615.909912109375,7817.740234375,2520.02001953125,7580.22021484375,2555.8701171875,7657.43994140625,6201670000.0,3989120000.0
2020-03-30,2626.64990234375,7889.009765625,2631.800048828125,7902.08984375,2545.280029296875,7651.43017578125,2558.97998046875,7678.830078125,5751120000.0,3870770000.0
2020-03-31,2584.590087890625,7813.5,2641.389892578125,8011.60009765625,2571.14990234375,7765.4599609375,2614.68994140625,7855.740234375,6576210000.0,4078960000.0
2020-04-01,2470.5,7486.2900390625,2522.75,7701.68017578125,2447.489990234375,7423.97021484375,2498.080078125,7582.77978515625,5964000000.0,3700040000.0
2020-04-02,2526.89990234375,7635.66015625,2533.219970703125,7641.8701171875,2455.7900390625,7432.27978515625,2458.5400390625,7445.8798828125,6464190000.0,3622170000.0
2020-04-03,2488.64990234375,7528.10986328125,2538.179931640625,7673.490234375,2459.9599609375,7439.77978515625,2514.919921875,7631.56982421875,6096970000.0,3294260000.0
2020-04-06,2663.679931640625,8081.66015625,2676.85009765625,8110.66015625,2574.570068359375,7763.08984375,2578.280029296875,7819.06005859375,6403840000.0,3849130000.0
2020-04-07,2659.409912109375,8049.31005859375,2756.889892578125,8305.58984375,2657.669921875,8043.06982421875,2738.64990234375,8287.48046875,7050410000.0,4085960000.0
2020-04-08,2749.97998046875,8229.5400390625,2760.75,8254.41015625,2663.300048828125,8058.41015625,2685.0,8134.2998046875,5875710000.0,3487440000.0
2020-04-09,2789.820068359375,8238.5302734375,2818.570068359375,8334.23046875,2762.360107421875,8167.93017578125,2776.989990234375,8284.3095703125,7899550000.0,4145460000.0
2020-04-13,2761.6298828125,8332.740234375,2782.4599609375,8338.150390625,2721.169921875,8158.580078125,2782.4599609375,8209.6796875,5319530000.0,3184660000.0
2020-04-14,2846.06005859375,8692.16015625,2851.85009765625,8708.5498046875,2805.10009765625,8470.740234375,2805.10009765625,8489.26953125,5615730000.0,3767410000.0
2020-04-15,2783.360107421875,8591.9599609375,2801.8798828125,8666.240234375,2761.5400390625,8500.5595703125,2795.639892578125,8548.4697265625,5208000000.0,3347920000.0
2020-04-16,2799.550048828125,8757.830078125,2806.510009765625,8793.349609375,2764.320068359375,8605.509765625,2799.340087890625,8689.08984375,5228810000.0,4057800000.0
2020-04-17,2874.56005859375,8832.41015625,2879.219970703125,8879.240234375,2830.8798828125,8704.3798828125,2842.429931640625,8876.66015625,5804810000.0,4348310000.0
2020-04-20,2823.159912109375,8726.509765625,2868.97998046875,8855.1796875,2820.429931640625,8725.330078125,2845.6201171875,8742.5400390625,5228630000.0,3827370000.0
2020-04-21,2736.56005859375,8403.0,2785.5400390625,8663.08984375,2727.10009765625,8359.83984375,2784.81005859375,8639.740234375,5121010000.0,3788180000.0
2020-04-22,2799.31005859375,8664.6396484375,2815.10009765625,8708.48046875,2775.949951171875,8550.6103515625,2787.889892578125,8575.5703125,5084920000.0,3041520000.0
2020-04-23,2797.800048828125,8641.5,2844.89990234375,8796.490234375,2794.260009765625,8624.6298828125,2810.419921875,8693.73046875,5773530000.0,3759890000.0
2020-04-24,2836.739990234375,8786.599609375,2842.7099609375,8791.3603515625,2791.760009765625,8599.990234375,2812.639892578125,8666.5703125,5382810000.0,3696020000.0
2020-04-27,2878.47998046875,8837.66015625,2887.719970703125,8887.6201171875,2852.889892578125,8803.8896484375,2854.64990234375,8865.580078125,5203930000.0,3694980000.0
2020-04-28,2863.389892578125,8677.599609375,2921.14990234375,8918.3798828125,2860.7099609375,8668.669921875,2909.9599609375,8913.2802734375,5691160000.0,3730350000.0
2020-04-29,2939.510009765625,8982.759765625,2954.860107421875,9025.8203125,2912.159912109375,8832.0,2918.4599609375,8871.0400390625,6645640000.0,4407140000.0
2020-04-30,2912.429931640625,9000.509765625,2930.909912109375,9023.0302734375,2892.469970703125,8920.419921875,2930.909912109375,9005.240234375,6544980000.0,4335660000.0
2020-05-01,2830.7099609375,8718.1796875,2869.090087890625,8887.580078125,2821.610107421875,8688.580078125,2869.090087890625,8791.8798828125,4759810000.0,3741300000.0
2020-05-04,2842.739990234375,8834.1103515625,2844.239990234375,8840.330078125,2797.85009765625,8665.400390625,2815.010009765625,8683.9404296875,4735930000.0,3443140000.0
2020-05-05,2868.43994140625,8930.6201171875,2898.22998046875,9031.0,2863.550048828125,8900.5703125,2868.8798828125,8922.3896484375,5140290000.0,3933550000.0
2020-05-06,2848.419921875,8984.8603515625,2891.110107421875,9065.580078125,2847.64990234375,8950.8896484375,2883.139892578125,8997.01953125,4892570000.0,3656750000.0
2020-05-07,2881.18994140625,9101.8798828125,2901.919921875,9136.1796875,2876.47998046875,9045.23046875,2878.260009765625,9104.669921875,5178790000.0,3787220000.0
2020-05-08,2929.800048828125,9220.349609375,2932.159912109375,9224.490234375,2902.8798828125,9126.9697265625,2908.830078125,9165.7001953125,4876030000.0,3813630000.0
2020-05-11,2930.18994140625,9298.919921875,2944.25,9346.26953125,2903.43994140625,9155.2099609375,2915.4599609375,9155.2099609375,4819730000.0,3925450000.0
2020-05-12,2870.1201171875,9112.4501953125,2945.820068359375,9354.4501953125,2869.590087890625,9109.08984375,2939.5,9326.0595703125,5119630000.0,4336510000.0
2020-05-13,2820.0,9000.080078125,2874.139892578125,9209.490234375,2793.14990234375,8890.16015625,2865.860107421875,9123.6904296875,6151650000.0,4273210000.0
2020-05-14,2852.5,9094.419921875,2852.800048828125,9097.75,2766.639892578125,8860.76953125,2794.5400390625,8946.4501953125,5651130000.0,3965970000.0
2020-05-15,2863.699951171875,9152.6396484375,2865.010009765625,9157.4599609375,2816.780029296875,8958.080078125,2829.949951171875,8976.2900390625,5507700000.0,4240690000.0
2020-05-18,2953.909912109375,9331.9296875,2968.090087890625,9367.5400390625,2913.860107421875,9248.7802734375,2913.860107421875,9281.3603515625,6373670000.0,4341820000.0
2020-05-19,2922.93994140625,9298.5400390625,2964.2099609375,9422.900390625,2922.35009765625,9296.25,2948.590087890625,9326.2802734375,4984330000.0,4193550000.0
2020-05-20,2971.610107421875,9485.01953125,2980.2900390625,9498.2802734375,2953.6298828125,9412.830078125,2953.6298828125,9415.25,5005380000.0,4315500000.0
2020-05-21,2948.510009765625,9377.990234375,2978.5,9515.0498046875,2938.570068359375,9361.830078125,2969.949951171875,9487.6298828125,4976620000.0,3745270000.0
2020-05-22,2955.449951171875,9413.990234375,2956.760009765625,9421.9296875,2933.590087890625,9325.0703125,2948.050048828125,9363.669921875,3970860000.0,3668070000.0
2020-05-26,2991.77001953125,9389.98046875,3021.719970703125,9570.5302734375,2988.169921875,9379.900390625,3004.080078125,9570.5302734375,5848500000.0,4448950000.0
2020-05-27,3036.1298828125,9442.0498046875,3036.25,9445.0595703125,2969.75,9182.4501953125,3015.64990234375,9366.6298828125,6398000000.0,4489110000.0
2020-05-28,3029.72998046875,9416.7099609375,3068.669921875,9568.8896484375,3023.39990234375,9391.83984375,3046.610107421875,9404.830078125,5447020000.0,4113660000.0
2020-05-29,3044.31005859375,9555.5302734375,3049.169921875,9573.5498046875,2998.610107421875,9379.9296875,3025.169921875,9440.6396484375,7297550000.0,4742290000.0
2020-06-01,3055.72998046875,9598.8896484375,3062.179931640625,9609.3798828125,3031.5400390625,9515.33984375,3038.780029296875,9526.4296875,4684170000.0,3847770000.0
2020-06-02,3080.820068359375,9657.3095703125,3081.070068359375,9660.080078125,3051.639892578125,9511.8798828125,3064.780029296875,9603.1796875,5197150000.0,3990080000.0
2020-06-03,3122.8701171875,9704.6904296875,3130.93994140625,9729.6904296875,3098.89990234375,9648.9296875,3098.89990234375,9689.7197265625,6005560000.0,4679030000.0
2020-06-04,3112.35009765625,9629.66015625,3128.909912109375,9741.9697265625,3090.409912109375,9577.7099609375,3111.56005859375,9672.169921875,6451290000.0,6141320000.0
2020-06-05,3193.929931640625,9824.3896484375,3211.719970703125,9846.6298828125,3163.840087890625,9659.4501953125,3163.840087890625,9673.08984375,8639300000.0,6607730000.0
2020-06-08,3232.389892578125,9901.51953125,3233.1298828125,9904.51953125,3196.0,9753.8701171875,3199.919921875,9805.6904296875,8498300000.0,6197330000.0
2020-06-09,3207.179931640625,9967.169921875,3222.7099609375,10006.900390625,3193.110107421875,9859.0,3213.320068359375,9861.1796875,6410930000.0,5319450000.0
2020-06-10,3190.139892578125,10094.259765625,3223.27001953125,10155.2001953125,3181.489990234375,10022.4404296875,3213.419921875,10037.98046875,6598870000.0,5170860000.0
2020-06-11,3002.10009765625,9588.48046875,3123.530029296875,9978.1904296875,2999.489990234375,9586.25,3123.530029296875,9907.5595703125,7037320000.0,5300850000.0
2020-06-12,3041.31005859375,9663.7802734375,3088.419921875,9849.009765625,2984.469970703125,9499.08984375,3071.0400390625,9785.580078125,5845330000.0,4388990000.0
2020-06-15,3066.590087890625,9776.8896484375,3079.760009765625,9809.41015625,2965.659912109375,9489.580078125,2993.760009765625,9517.1396484375,5757480000.0,4476010000.0
2020-06-16,3124.739990234375,9949.3701171875,3153.449951171875,10010.8896484375,3076.06005859375,9801.4501953125,3131.0,9983.650390625,5845810000.0,4669320000.0
2020-06-17,3113.489990234375,9982.48046875,3141.159912109375,10058.650390625,3108.030029296875,9952.5,3136.1298828125,9998.8603515625,4560450000.0,4279700000.0
2020-06-18,3115.340087890625,10012.0498046875,3120.0,10018.5595703125,3093.510009765625,9942.1103515625,3101.639892578125,9972.349609375,4448690000.0,4335320000.0
2020-06-19,3097.739990234375,10008.6396484375,3155.530029296875,10121.669921875,3083.110107421875,9937.8095703125,3140.2900390625,10104.6298828125,8346650000.0,6093830000.0
2020-06-22,3117.860107421875,10130.330078125,3120.919921875,10134.6396484375,3079.389892578125,9989.490234375,3094.419921875,10009.0,4686690000.0,4506960000.0
2020-06-23,3131.2900390625,10209.8203125,3154.89990234375,10306.900390625,3127.1201171875,10172.0703125,3138.699951171875,10192.419921875,4711850000.0,5755170000.0
2020-06-24,3050.330078125,10002.7001953125,3115.010009765625,10232.419921875,3032.1298828125,9943.240234375,3114.39990234375,10183.76953125,5597680000.0,5589130000.0
2020-06-25,3083.760009765625,10101.830078125,3086.25,10110.2900390625,3024.010009765625,9901.2099609375,3046.60009765625,10003.5,4847690000.0,4779640000.0
2020-06-26,3009.050048828125,9849.3603515625,3073.72998046875,10093.98046875,3004.6298828125,9837.740234375,3073.199951171875,10087.080078125,8107850000.0,7309380000.0
2020-06-29,3053.239990234375,9961.16015625,3053.889892578125,9965.080078125,2999.739990234375,9742.8896484375,3018.590087890625,9850.5498046875,4473970000.0,4336290000.0
2020-06-30,3100.2900390625,10156.849609375,3111.510009765625,10185.349609375,3047.830078125,9956.830078125,3050.199951171875,9970.2099609375,4705850000.0,4510190000.0
2020-07-01,3115.860107421875,10279.25,3128.43994140625,10321.76953125,3101.169921875,10142.75,3105.919921875,10160.41015625,4449230000.0,4624430000.0
2020-07-02,3130.010009765625,10341.8896484375,3165.81005859375,10432.5498046875,3124.52001953125,10328.7802734375,3143.639892578125,10386.3798828125,4197720000.0,4038920000.0
2020-07-06,3179.719970703125,10604.0595703125,3182.590087890625,10625.099609375,3155.2900390625,10485.8203125,3155.2900390625,10487.7001953125,4759160000.0,4570260000.0
2020-07-07,3145.320068359375,10524.009765625,3184.14990234375,10704.9296875,3142.929931640625,10516.6298828125,3166.43994140625,10595.9404296875,4571330000.0,4337130000.0
2020-07-08,3169.93994140625,10666.7001953125,3171.800048828125,10669.1298828125,3136.530029296875,10528.8203125,3153.070068359375,10594.41015625,4937310000.0,4030210000.0
2020-07-09,3152.050048828125,10754.58984375,3179.780029296875,10785.9599609375,3115.699951171875,10574.9697265625,3176.169921875,10745.8701171875,4843650000.0,4013180000.0
2020-07-10,3185.0400390625,10836.330078125,3186.820068359375,10842.7802734375,3136.219970703125,10639.48046875,3152.469970703125,10751.76953125,4524190000.0,3537510000.0
2020-07-13,3155.219970703125,10602.2099609375,3235.320068359375,11069.259765625,3149.429931640625,10574.5595703125,3205.080078125,10951.5400390625,4902440000.0,4851880000.0
2020-07-14,3197.52001953125,10689.51953125,3200.949951171875,10701.8798828125,3127.659912109375,10370.7900390625,3141.110107421875,10502.849609375,4507140000.0,4461770000.0
2020-07-15,3226.56005859375,10701.6796875,3238.280029296875,10780.400390625,3200.760009765625,10570.9599609375,3225.97998046875,10752.1103515625,4686830000.0,4647070000.0
2020-07-16,3215.570068359375,10626.4599609375,3220.389892578125,10658.900390625,3198.590087890625,10495.08984375,3208.360107421875,10589.8603515625,3972860000.0,4277760000.0
2020-07-17,3224.72998046875,10645.2197265625,3233.52001953125,10680.7001953125,3205.64990234375,10558.7802734375,3224.2099609375,10651.599609375,4012850000.0,4361480000.0
2020-07-20,3251.840087890625,10952.080078125,3258.610107421875,10971.51953125,3215.159912109375,10621.900390625,3224.2900390625,10672.9599609375,3979340000.0,4314630000.0
2020-07-21,3257.300048828125,10833.0703125,3277.2900390625,11017.4296875,3247.77001953125,10800.8701171875,3268.52001953125,11015.5400390625,4556610000.0,5350750000.0
2020-07-22,3276.02001953125,10870.75,3279.320068359375,10910.240234375,3253.10009765625,10776.240234375,3254.860107421875,10850.919921875,4267160000.0,4128960000.0
2020-07-23,3235.659912109375,10580.58984375,3279.989990234375,10885.3798828125,3222.659912109375,10531.2197265625,3271.639892578125,10853.16015625,4296760000.0,4501540000.0
2020-07-24,3215.6298828125,10483.1298828125,3227.260009765625,10543.419921875,3200.050048828125,10313.9404296875,3218.580078125,10389.5400390625,3689410000.0,4233390000.0
2020-07-27,3239.409912109375,10674.3798828125,3241.429931640625,10689.5498046875,3214.25,10527.6396484375,3219.840087890625,10547.1103515625,3970310000.0,4244570000.0
2020-07-28,3218.43994140625,10532.5,3243.719970703125,10662.1904296875,3216.169921875,10527.4296875,3234.27001953125,10644.33984375,4053180000.0,3894660000.0
2020-07-29,3258.43994140625,10662.98046875,3264.739990234375,10694.8798828125,3227.219970703125,10587.2001953125,3227.219970703125,10602.400390625,4478200000.0,4009640000.0
2020-07-30,3246.219970703125,10715.509765625,3250.919921875,10737.0302734375,3204.1298828125,10531.7900390625,3231.760009765625,10578.6298828125,4264920000.0,4185810000.0
2020-07-31,3271.1201171875,10905.8798828125,3272.169921875,10908.33984375,3220.260009765625,10707.400390625,3270.449951171875,10886.3603515625,5007530000.0,4438730000.0
2020-08-03,3294.610107421875,11055.080078125,3302.72998046875,11085.5,3284.530029296875,10997.669921875,3288.260009765625,11018.01953125,4438940000.0,4203890000.0
2020-08-04,3306.510009765625,11096.5400390625,3306.840087890625,11097.849609375,3286.3701171875,11002.5498046875,3289.919921875,11048.5,4414380000.0,4016520000.0
2020-08-05,3327.77001953125,11125.4404296875,3330.77001953125,11141.6904296875,3317.3701171875,11077.7001953125,3317.3701171875,11107.240234375,4535060000.0,4160740000.0
2020-08-06,3349.159912109375,11267.080078125,3351.030029296875,11282.240234375,3318.139892578125,11090.5,3323.169921875,11116.490234375,4278930000.0,4120000000.0
2020-08-07,3351.280029296875,11139.3896484375,3352.5400390625,11276.2998046875,3328.719970703125,11044.599609375,3340.050048828125,11235.240234375,4110030000.0,4263930000.0
2020-08-10,3360.469970703125,11085.169921875,3363.2900390625,11159.3798828125,3335.43994140625,10941.8701171875,3356.0400390625,11153.509765625,4327920000.0,4048420000.0
2020-08-11,3333.68994140625,10876.080078125,3381.010009765625,11090.919921875,3326.43994140625,10855.0595703125,3370.340087890625,11039.6796875,4880540000.0,4331770000.0
2020-08-12,3380.35009765625,11157.7197265625,3387.889892578125,11190.259765625,3355.4599609375,10970.8701171875,3355.4599609375,10972.0703125,3772250000.0,3745230000.0
2020-08-13,3373.429931640625,11178.3701171875,3387.239990234375,11271.2197265625,3363.35009765625,11139.6396484375,3372.949951171875,11174.6396484375,3438730000.0,3480470000.0
2020-08-14,3372.85009765625,11164.4501953125,3378.510009765625,11213.26953125,3361.639892578125,11106.9296875,3368.659912109375,11187.8203125,3200060000.0,3514260000.0
2020-08-17,3381.989990234375,11288.5703125,3387.590087890625,11306.4697265625,3379.219970703125,11228.1396484375,3380.860107421875,11231.9697265625,3460330000.0,3214870000.0
2020-08-18,3389.780029296875,11399.0302734375,3395.06005859375,11421.099609375,3370.14990234375,11279.080078125,3387.0400390625,11339.759765625,3669550000.0,3228590000.0
2020-08-19,3374.85009765625,11318.6396484375,3399.5400390625,11440.2197265625,3369.659912109375,11303.400390625,3392.510009765625,11397.23046875,3679480000.0,3496480000.0
2020-08-20,3385.510009765625,11477.0498046875,3390.800048828125,11497.1796875,3354.68994140625,11268.4599609375,3360.47998046875,11277.0498046875,3431040000.0,4215130000.0
2020-08-21,3397.159912109375,11555.16015625,3399.9599609375,11574.7900390625,3379.31005859375,11461.5302734375,3386.010009765625,11476.849609375,3505010000.0,3929290000.0
2020-08-24,3431.280029296875,11626.169921875,3432.090087890625,11728.08984375,3413.1298828125,11535.5498046875,3418.090087890625,11703.33984375,3743410000.0,3907310000.0
2020-08-25,3443.6201171875,11721.8095703125,3444.2099609375,11723.9501953125,3425.840087890625,11580.8896484375,3435.949951171875,11610.580078125,3627650000.0,3475280000.0
2020-08-26,3478.72998046875,11971.9404296875,3481.070068359375,11979.650390625,3444.14990234375,11768.0,3449.969970703125,11779.349609375,3780530000.0,3471520000.0
2020-08-27,3484.550048828125,11926.16015625,3501.3798828125,12047.990234375,3468.35009765625,11842.83984375,3485.139892578125,11997.8896484375,3955890000.0,3547400000.0
2020-08-28,3508.010009765625,11995.849609375,3509.22998046875,12018.1396484375,3484.320068359375,11928.6904296875,3494.68994140625,11992.6796875,3868510000.0,3012980000.0
2020-08-31,3500.31005859375,12110.7001953125,3514.77001953125,12167.4599609375,3493.25,12000.1103515625,3509.72998046875,12017.4599609375,4348280000.0,3612050000.0
2020-09-01,3526.64990234375,12292.8603515625,3528.030029296875,12300.4404296875,3494.60009765625,12132.7802734375,3507.43994140625,12203.3603515625,4101490000.0,3511060000.0
2020-09-02,3580.840087890625,12420.5400390625,3588.110107421875,12439.48046875,3535.22998046875,12176.1796875,3543.760009765625,12417.4501953125,4295640000.0,3982360000.0
2020-09-03,3455.06005859375,11771.3701171875,3564.85009765625,12235.0,3427.409912109375,11662.1103515625,3564.739990234375,12195.75,4911830000.0,4465010000.0
2020-09-04,3426.9599609375,11622.1298828125,3479.14990234375,11846.1796875,3349.6298828125,11145.990234375,3453.60009765625,11686.240234375,4438720000.0,4284440000.0
2020-09-08,3331.840087890625,11068.259765625,3379.969970703125,11400.4599609375,3329.27001953125,11055.16015625,3371.8798828125,11143.91015625,4694330000.0,3905420000.0
2020-09-09,3398.9599609375,11395.849609375,3424.77001953125,11480.3701171875,3366.840087890625,11197.1298828125,3369.820068359375,11308.25,3932520000.0,3550660000.0
2020-09-10,3339.18994140625,11154.1201171875,3425.550048828125,11566.33984375,3329.25,11095.9404296875,3412.56005859375,11501.4296875,4208630000.0,3840010000.0
2020-09-11,3340.969970703125,11087.400390625,3368.949951171875,11280.41015625,3310.469970703125,10945.2197265625,3352.699951171875,11251.1904296875,3710090000.0,3630250000.0
2020-09-14,3383.5400390625,11277.759765625,3402.929931640625,11363.25,3363.56005859375,11192.8203125,3363.56005859375,11250.7998046875,3839580000.0,3737610000.0
2020-09-15,3401.199951171875,11438.8701171875,3419.47998046875,11495.400390625,3389.25,11367.2001953125,3407.72998046875,11432.9404296875,4057190000.0,3786110000.0
2020-09-16,3385.489990234375,11247.599609375,3428.919921875,11486.08984375,3384.449951171875,11242.9599609375,3411.22998046875,11467.900390625,4718900000.0,3678020000.0
2020-09-17,3357.010009765625,11080.9501953125,3375.169921875,11160.0400390625,3328.820068359375,10936.7998046875,3346.860107421875,10965.740234375,4379840000.0,3740110000.0
2020-09-18,3319.469970703125,10936.98046875,3362.27001953125,11153.9697265625,3292.39990234375,10769.400390625,3357.3798828125,11147.7998046875,7076400000.0,5759090000.0
2020-09-21,3281.06005859375,10980.2197265625,3285.570068359375,10984.759765625,3229.10009765625,10677.849609375,3285.570068359375,10768.009765625,4836070000.0,3900970000.0
2020-09-22,3315.570068359375,11186.3701171875,3320.31005859375,11207.080078125,3270.949951171875,10943.259765625,3295.75,11082.08984375,3974510000.0,3515440000.0
2020-09-23,3236.919921875,10833.330078125,3323.35009765625,11179.58984375,3232.570068359375,10806.0498046875,3320.110107421875,11167.2197265625,4378650000.0,4097320000.0
2020-09-24,3246.590087890625,10896.4697265625,3278.699951171875,11026.4296875,3209.449951171875,10728.41015625,3226.139892578125,10746.349609375,4601920000.0,4086360000.0
2020-09-25,3298.4599609375,11151.1298828125,3306.8798828125,11177.73046875,3228.43994140625,10851.6796875,3236.659912109375,10910.5,3803330000.0,3785270000.0
2020-09-28,3351.60009765625,11364.4501953125,3360.739990234375,11369.400390625,3332.909912109375,11243.240234375,3333.89990234375,11332.3203125,3950910000.0,3591740000.0
2020-09-29,3335.469970703125,11322.9501953125,3357.919921875,11396.2197265625,3327.5400390625,11305.7900390625,3350.919921875,11354.7001953125,3661590000.0,3389040000.0
2020-09-30,3363.0,11418.0595703125,3393.56005859375,11535.009765625,3340.469970703125,11328.5498046875,3341.2099609375,11328.5498046875,4738640000.0,4260630000.0
2020-10-01,3380.800048828125,11583.2001953125,3397.179931640625,11606.73046875,3361.389892578125,11488.599609375,3385.8701171875,11554.9599609375,4076340000.0,4005900000.0
2020-10-02,3348.419921875,11255.6904296875,3369.10009765625,11479.080078125,3323.68994140625,11225.169921875,3338.93994140625,11328.849609375,3975180000.0,3731510000.0
2020-10-05,3408.60009765625,11509.0595703125,3409.570068359375,11512.0595703125,3367.27001953125,11336.0703125,3367.27001953125,11345.240234375,3692720000.0,3623920000.0
2020-10-06,3360.969970703125,11291.26953125,3431.56005859375,11536.419921875,3354.5400390625,11256.259765625,3408.739990234375,11476.6796875,4453390000.0,4390960000.0
2020-10-07,3419.43994140625,11503.1904296875,3426.260009765625,11519.5498046875,3384.56005859375,11382.48046875,3384.56005859375,11412.650390625,3814750000.0,3910770000.0
2020-10-08,3446.830078125,11550.9404296875,3447.280029296875,11582.7802734375,3428.14990234375,11510.240234375,3434.280029296875,11576.4404296875,3867640000.0,3507570000.0
2020-10-09,3477.139892578125,11725.849609375,3482.340087890625,11727.599609375,3458.070068359375,11600.8603515625,3459.669921875,11615.5703125,3944090000.0,3504230000.0
2020-10-12,3534.219970703125,12088.1103515625,3549.85009765625,12204.75,3499.610107421875,11880.23046875,3500.02001953125,11900.1201171875,3435760000.0,3885030000.0
2020-10-13,3511.929931640625,12083.169921875,3534.010009765625,12187.7802734375,3500.860107421875,12032.75,3534.010009765625,12131.0703125,3611100000.0,3634130000.0
2020-10-14,3488.669921875,11985.3603515625,3527.93994140625,12159.2099609375,3480.550048828125,11913.5703125,3515.469970703125,12105.099609375,3858510000.0,3410410000.0
2020-10-15,3483.340087890625,11898.5703125,3489.080078125,11928.6298828125,3440.889892578125,11765.490234375,3453.719970703125,11767.26953125,3724550000.0,3325270000.0
2020-10-16,3483.81005859375,11852.169921875,3515.760009765625,12034.1298828125,3480.449951171875,11824.1396484375,3493.5,11952.1201171875,4688030000.0,3166980000.0
2020-10-19,3426.919921875,11634.349609375,3502.419921875,11962.4697265625,3419.929931640625,11606.48046875,3493.659912109375,11913.009765625,4091080000.0,3477410000.0
2020-10-20,3443.1201171875,11677.83984375,3476.929931640625,11801.400390625,3435.64990234375,11613.759765625,3439.3798828125,11679.080078125,3917850000.0,3510040000.0
2020-10-21,3435.56005859375,11665.3701171875,3464.860107421875,11789.4599609375,3433.06005859375,11646.48046875,3439.909912109375,11686.1904296875,4103960000.0,3467310000.0
2020-10-22,3453.489990234375,11662.91015625,3460.530029296875,11739.2197265625,3415.340087890625,11529.73046875,3438.5,11712.6396484375,4172060000.0,3434040000.0
2020-10-23,3465.389892578125,11692.5703125,3466.4599609375,11693.009765625,3440.449951171875,11569.08984375,3464.89990234375,11680.73046875,3651600000.0,3145570000.0
2020-10-26,3400.969970703125,11504.51953125,3441.419921875,11708.080078125,3364.860107421875,11360.73046875,3441.419921875,11584.169921875,4002210000.0,3205100000.0
2020-10-27,3390.679931640625,11598.9501953125,3409.510009765625,11633.490234375,3388.7099609375,11503.099609375,3403.14990234375,11560.8603515625,3962400000.0,3104770000.0
2020-10-28,3271.030029296875,11142.759765625,3342.47998046875,11426.099609375,3268.889892578125,11136.099609375,3342.47998046875,11400.48046875,5139970000.0,3930690000.0
2020-10-29,3310.110107421875,11350.740234375,3341.050048828125,11467.3701171875,3259.820068359375,11187.080078125,3277.169921875,11214.330078125,4911860000.0,3244190000.0
2020-10-30,3269.9599609375,11052.9501953125,3304.929931640625,11293.759765625,3233.93994140625,10960.01953125,3293.590087890625,11265.7001953125,4843930000.0,3671600000.0
2020-11-02,3310.239990234375,11084.759765625,3330.139892578125,11222.51953125,3279.739990234375,10957.1103515625,3296.199951171875,11152.48046875,4314690000.0,3209000000.0
2020-11-03,3369.159912109375,11279.91015625,3389.489990234375,11356.080078125,3336.25,11115.5498046875,3336.25,11155.849609375,4241380000.0,3216580000.0
2020-11-04,3443.43994140625,11777.01953125,3486.25,11846.4599609375,3405.169921875,11564.91015625,3406.4599609375,11627.759765625,4790400000.0,3620760000.0
2020-11-05,3510.449951171875,12078.0703125,3529.050048828125,12117.0400390625,3485.739990234375,11977.0703125,3485.739990234375,12021.76953125,4858150000.0,3848160000.0
2020-11-06,3509.43994140625,12091.349609375,3521.580078125,12116.91015625,3484.340087890625,11895.5,3508.340087890625,12044.2900390625,4842460000.0,4183220000.0
2020-11-09,3550.5,11830.3896484375,3645.989990234375,12268.66015625,3547.47998046875,11818.240234375,3583.0400390625,12194.7099609375,8570510000.0,5863900000.0
2020-11-10,3545.530029296875,11624.2900390625,3557.219970703125,11761.9501953125,3511.909912109375,11512.4599609375,3543.260009765625,11704.4599609375,6037470000.0,4736560000.0
2020-11-11,3572.659912109375,11892.9296875,3581.159912109375,11904.1298828125,3557.0,11714.3203125,3563.219970703125,11734.8095703125,4635560000.0,3854680000.0
2020-11-12,3537.010009765625,11827.1396484375,3569.02001953125,11976.8896484375,3518.580078125,11786.08984375,3562.669921875,11924.150390625,4909660000.0,3886670000.0
2020-11-13,3585.14990234375,11937.83984375,3593.659912109375,11957.08984375,3552.570068359375,11808.9501953125,3552.570068359375,11910.6201171875,4719580000.0,3654230000.0
2020-11-16,3626.909912109375,12013.3798828125,3628.510009765625,12035.5,3600.159912109375,11891.849609375,3600.159912109375,11925.3603515625,5295510000.0,4172570000.0
2020-11-17,3609.530029296875,11977.490234375,3623.110107421875,12047.1298828125,3588.679931640625,11964.2001953125,3610.31005859375,12030.26953125,4812180000.0,4145030000.0
2020-11-18,3567.7900390625,11894.7099609375,3619.090087890625,12027.150390625,3567.330078125,11892.5400390625,3612.090087890625,11963.3603515625,5284810000.0,4731420000.0
2020-11-19,3581.8701171875,11985.4296875,3585.219970703125,12000.2900390625,3543.840087890625,11842.66015625,3559.409912109375,11863.1201171875,4363370000.0,5385190000.0
2020-11-20,3557.5400390625,11906.4404296875,3581.22998046875,12017.419921875,3556.85009765625,11903.5703125,3579.31005859375,11976.0,4236370000.0,5350970000.0
2020-11-23,3577.590087890625,11905.9404296875,3589.81005859375,12001.830078125,3552.77001953125,11817.5302734375,3566.820068359375,11959.8896484375,5057550000.0,5473250000.0
2020-11-24,3635.409912109375,12079.8095703125,3642.31005859375,12094.16015625,3594.52001953125,11878.3095703125,3594.52001953125,11952.7001953125,6280290000.0,6339580000.0
2020-11-25,3629.64990234375,12152.2197265625,3635.5,12174.990234375,3617.760009765625,12081.509765625,3635.5,12112.1103515625,4910440000.0,4448640000.0
2020-11-27,3638.35009765625,12258.2099609375,3644.31005859375,12306.7099609375,3629.330078125,12214.4501953125,3638.550048828125,12220.3701171875,2778390000.0,3401830000.0
2020-11-30,3621.6298828125,12268.3203125,3634.179931640625,12299.6103515625,3594.389892578125,12090.9296875,3634.179931640625,12278.7802734375,6308410000.0,7760390000.0
2020-12-01,3662.449951171875,12455.330078125,3678.449951171875,12510.01953125,3645.8701171875,12338.3603515625,3645.8701171875,12387.6201171875,5418480000.0,6512420000.0
2020-12-02,3669.010009765625,12456.41015625,3670.9599609375,12472.25,3644.840087890625,12318.26953125,3653.780029296875,12390.580078125,5041250000.0,5194960000.0
2020-12-03,3666.719970703125,12467.1298828125,3682.72998046875,12538.919921875,3657.169921875,12445.3603515625,3668.280029296875,12469.16015625,5065340000.0,5209980000.0
2020-12-04,3699.1201171875,12528.48046875,3699.199951171875,12531.2099609375,3670.93994140625,12450.509765625,3670.93994140625,12479.91015625,5099620000.0,5086900000.0
2020-12-07,3691.9599609375,12596.4697265625,3697.409912109375,12610.0,3678.8798828125,12523.1201171875,3694.72998046875,12523.5703125,4804500000.0,4771820000.0
2020-12-08,3702.25,12635.7197265625,3708.449951171875,12651.349609375,3678.830078125,12504.9697265625,3683.050048828125,12574.83984375,4584390000.0,4809480000.0
2020-12-09,3672.820068359375,12364.6396484375,3712.389892578125,12643.240234375,3660.5400390625,12311.2998046875,3705.97998046875,12626.9697265625,5232800000.0,5168450000.0
2020-12-10,3668.10009765625,12401.740234375,3678.489990234375,12447.849609375,3645.179931640625,12226.1298828125,3659.1298828125,12268.4697265625,4658480000.0,4518580000.0
2020-12-11,3663.4599609375,12375.41015625,3665.909912109375,12378.6103515625,3633.39990234375,12236.7998046875,3656.080078125,12327.0703125,4375470000.0,4292680000.0
2020-12-14,3647.489990234375,12462.2099609375,3697.610107421875,12544.3095703125,3645.840087890625,12426.25,3675.27001953125,12427.8603515625,4623850000.0,4491930000.0
2020-12-15,3694.6201171875,12595.919921875,3695.2900390625,12596.83984375,3659.6201171875,12467.5703125,3666.409912109375,12565.2802734375,4387080000.0,4423650000.0
2020-12-16,3701.169921875,12668.16015625,3711.27001953125,12698.1103515625,3688.570068359375,12568.7099609375,3696.25,12607.8701171875,4067040000.0,4592700000.0
2020-12-17,3722.47998046875,12752.0595703125,3725.1201171875,12760.9697265625,3710.8701171875,12685.98046875,3713.64990234375,12741.6396484375,4192810000.0,5029830000.0
2020-12-18,3709.409912109375,12738.1796875,3726.699951171875,12793.4697265625,3685.840087890625,12611.2197265625,3722.389892578125,12786.919921875,7097100000.0,7125800000.0
2020-12-21,3694.919921875,12690.259765625,3702.89990234375,12706.4404296875,3636.47998046875,12474.0302734375,3684.280029296875,12575.599609375,4748580000.0,5192860000.0
2020-12-22,3687.260009765625,12717.5595703125,3698.260009765625,12761.23046875,3676.159912109375,12606.419921875,3698.080078125,12715.48046875,4053310000.0,5811850000.0
2020-12-23,3690.010009765625,12653.1396484375,3711.239990234375,12737.58984375,3689.280029296875,12649.599609375,3693.419921875,12733.75,3779160000.0,7100250000.0
2020-12-24,3703.06005859375,12711.009765625,3703.820068359375,12732.5498046875,3689.320068359375,12665.7998046875,3694.030029296875,12668.2001953125,1883780000.0,3305960000.0
2020-12-28,3735.360107421875,12838.8603515625,3740.510009765625,12861.91015625,3723.030029296875,12747.0498046875,3723.030029296875,12813.9697265625,3535460000.0,5109140000.0
2020-12-29,3727.0400390625,12843.490234375,3756.1201171875,12925.5302734375,3723.31005859375,12816.58984375,3750.010009765625,12909.8603515625,3393290000.0,4726920000.0
2020-12-30,3732.0400390625,12845.3603515625,3744.6298828125,12917.4501953125,3730.2099609375,12828.7900390625,3736.18994140625,12900.0302734375,3154850000.0,5343010000.0
2020-12-31,3756.070068359375,12888.2802734375,3760.199951171875,12904.08984375,3726.8798828125,12804.75,3733.27001953125,12852.9599609375,3179040000.0,4815840000.0
2021-01-04,3700.64990234375,12694.66015625,3769.989990234375,12950.2197265625,3662.7099609375,12537.419921875,3764.610107421875,12950.2197265625,5015000000.0,6636170000.0
2021-01-05,3726.860107421875,12802.3798828125,3737.830078125,12809.669921875,3695.070068359375,12663.1298828125,3698.02001953125,12663.1298828125,4591020000.0,6971860000.0
2021-01-06,3748.139892578125,12623.349609375,3783.0400390625,12803.2900390625,3705.340087890625,12569.419921875,3712.199951171875,12601.259765625,6064110000.0,7689880000.0
2021-01-07,3803.7900390625,12939.5703125,3811.550048828125,12966.6796875,3764.7099609375,12744.8203125,3764.7099609375,12745.41015625,5099160000.0,6841480000.0
2021-01-08,3824.679931640625,13105.2001953125,3826.68994140625,13113.08984375,3783.60009765625,12939.73046875,3815.050048828125,13037.240234375,4773040000.0,7289390000.0
2021-01-11,3799.610107421875,12902.490234375,3817.860107421875,13023.2099609375,3789.02001953125,12883.58984375,3803.139892578125,12961.5,4465430000.0,6960470000.0
2021-01-12,3801.18994140625,12892.08984375,3810.780029296875,12957.4296875,3776.510009765625,12783.7099609375,3801.6201171875,12916.099609375,4994950000.0,7264070000.0
2021-01-13,3809.840087890625,12973.6298828125,3820.9599609375,13008.849609375,3791.5,12878.01953125,3802.22998046875,12911.8701171875,4602510000.0,7104810000.0
2021-01-14,3795.5400390625,12898.6904296875,3823.60009765625,13037.0498046875,3792.860107421875,12886.16015625,3814.97998046875,13010.9404296875,5198480000.0,6734100000.0
2021-01-15,3768.25,12803.9296875,3788.72998046875,12941.2900390625,3749.6201171875,12758.099609375,3788.72998046875,12898.08984375,5369820000.0,6458360000.0
2021-01-19,3798.909912109375,12996.5400390625,3804.530029296875,13012.08984375,3780.3701171875,12861.2998046875,3781.8798828125,12921.6103515625,5014440000.0,6297860000.0
2021-01-20,3851.85009765625,13296.4501953125,3859.75,13332.259765625,3816.219970703125,13138.2998046875,3816.219970703125,13155.1201171875,4566190000.0,6820990000.0
2021-01-21,3853.070068359375,13404.990234375,3861.449951171875,13433.6904296875,3845.050048828125,13297.7900390625,3857.4599609375,13356.7001953125,4501760000.0,7258640000.0
2021-01-22,3841.469970703125,13366.400390625,3852.31005859375,13404.76953125,3830.409912109375,13336.900390625,3844.239990234375,13356.1796875,5110890000.0,5972750000.0
2021-01-25,3855.360107421875,13483.2900390625,3859.22998046875,13563.7001953125,3797.159912109375,13205.58984375,3851.679931640625,13515.6298828125,7000840000.0,7193710000.0
2021-01-26,3849.6201171875,13490.1904296875,3870.89990234375,13536.2998046875,3847.780029296875,13440.3203125,3862.9599609375,13507.4697265625,6137500000.0,6849600000.0
2021-01-27,3750.77001953125,13112.650390625,3836.830078125,13393.509765625,3732.47998046875,13034.1396484375,3836.830078125,13371.16015625,9976520000.0,11621190000.0
2021-01-28,3787.3798828125,13201.5302734375,3830.5,13401.849609375,3755.75,13150.099609375,3755.75,13163.3203125,6992770000.0,9959270000.0
2021-01-29,3714.239990234375,12925.3798828125,3778.050048828125,13167.8701171875,3694.1201171875,12845.4296875,3778.050048828125,13124.7001953125,6643370000.0,7872250000.0
2021-02-01,3773.860107421875,13248.900390625,3784.320068359375,13280.2197265625,3725.6201171875,12983.099609375,3731.169921875,13067.650390625,5436230000.0,7092520000.0
2021-02-02,3826.31005859375,13456.1201171875,3843.090087890625,13501.23046875,3791.840087890625,13363.759765625,3791.840087890625,13371.3701171875,5514090000.0,7325270000.0
2021-02-03,3830.169921875,13402.3701171875,3847.510009765625,13561.4501953125,3816.679931640625,13400.080078125,3840.27001953125,13555.0302734375,4864870000.0,7546940000.0
2021-02-04,3871.739990234375,13560.8896484375,3872.419921875,13563.1298828125,3836.659912109375,13406.4404296875,3836.659912109375,13454.849609375,4879240000.0,7295370000.0
2021-02-05,3886.830078125,13603.9599609375,3894.56005859375,13642.9599609375,3874.929931640625,13527.8095703125,3878.300048828125,13592.76953125,4879470000.0,6792910000.0
2021-02-08,3915.590087890625,13695.01953125,3915.77001953125,13698.41015625,3892.590087890625,13607.9599609375,3892.590087890625,13672.330078125,4648360000.0,8564530000.0
2021-02-09,3911.22998046875,13687.080078125,3918.35009765625,13741.7900390625,3902.639892578125,13664.7001953125,3910.489990234375,13667.1396484375,4568320000.0,8766770000.0
2021-02-10,3909.8798828125,13655.26953125,3931.5,13770.91015625,3884.93994140625,13531.9296875,3920.780029296875,13751.419921875,4837070000.0,10785930000.0
2021-02-11,3916.3798828125,13734.349609375,3925.989990234375,13747.2001953125,3890.389892578125,13637.1904296875,3916.39990234375,13723.6298828125,4590960000.0,10916780000.0
2021-02-12,3934.830078125,13807.7001953125,3937.22998046875,13816.25,3905.780029296875,13656.7802734375,3911.64990234375,13695.900390625,4135060000.0,7416940000.0
2021-02-16,3932.590087890625,13773.76953125,3950.429931640625,13879.76953125,3923.85009765625,13726.7802734375,3939.610107421875,13841.0302734375,5058990000.0,7722100000.0
2021-02-17,3931.330078125,13699.7099609375,3933.610107421875,13713.1396484375,3900.429931640625,13552.66015625,3918.5,13636.150390625,4730650000.0,7280500000.0
2021-02-18,3913.969970703125,13637.509765625,3921.97998046875,13669.9404296875,3885.030029296875,13477.169921875,3915.860107421875,13556.009765625,4793650000.0,6499420000.0
2021-02-19,3906.7099609375,13580.7802734375,3930.409912109375,13701.6904296875,3903.070068359375,13545.4501953125,3921.159912109375,13686.23046875,4845320000.0,6737820000.0
2021-02-22,3876.5,13223.740234375,3902.919921875,13447.3701171875,3874.7099609375,13220.76953125,3885.550048828125,13414.0400390625,5917100000.0,6483740000.0
2021-02-23,3881.3701171875,13194.7099609375,3895.97998046875,13259.849609375,3805.590087890625,12758.1201171875,3857.070068359375,12982.3603515625,6296610000.0,7516510000.0
2021-02-24,3925.429931640625,13302.1904296875,3928.64990234375,13312.4296875,3859.60009765625,12971.8203125,3873.7099609375,13095.8603515625,6012790000.0,5886230000.0
2021-02-25,3829.340087890625,12828.3095703125,3925.02001953125,13294.5595703125,3814.0400390625,12773.759765625,3915.800048828125,13197.75,6547470000.0,6390380000.0
2021-02-26,3811.14990234375,12909.4404296875,3861.080078125,13090.3603515625,3789.5400390625,12764.33984375,3839.659912109375,12958.9599609375,6526070000.0,5906110000.0
2021-03-01,3901.820068359375,13282.9501953125,3914.5,13293.7802734375,3842.510009765625,13051.7001953125,3842.510009765625,13106.01953125,5114820000.0,5079530000.0
2021-03-02,3870.2900390625,13059.9501953125,3906.409912109375,13301.6201171875,3868.570068359375,13052.1201171875,3903.639892578125,13297.759765625,5536010000.0,4948140000.0
2021-03-03,3819.719970703125,12683.330078125,3874.469970703125,13057.2900390625,3818.860107421875,12679.8896484375,3863.989990234375,13020.099609375,6173660000.0,5529980000.0
2021-03-04,3768.469970703125,12464.0,3843.669921875,12799.080078125,3723.340087890625,12314.16015625,3818.530029296875,12655.919921875,7195400000.0,7864380000.0
2021-03-05,3841.93994140625,12668.509765625,3851.68994140625,12700.9599609375,3730.18994140625,12208.3896484375,3793.580078125,12594.16015625,6851070000.0,7725200000.0
2021-03-08,3821.35009765625,12299.080078125,3881.06005859375,12718.580078125,3819.25,12287.5703125,3844.389892578125,12629.5595703125,5871710000.0,6010230000.0
2021-03-09,3875.43994140625,12794.490234375,3903.760009765625,12868.51953125,3851.929931640625,12592.830078125,3851.929931640625,12635.4501953125,5513560000.0,6345560000.0
2021-03-10,3898.81005859375,12752.0703125,3917.35009765625,12979.3798828125,3885.72998046875,12726.849609375,3891.989990234375,12950.25,5847380000.0,6023880000.0
2021-03-11,3939.340087890625,13052.900390625,3960.27001953125,13117.8603515625,3915.5400390625,12920.009765625,3915.5400390625,12960.5302734375,5312880000.0,6008850000.0
2021-03-12,3943.340087890625,12937.2900390625,3944.989990234375,12943.580078125,3915.2099609375,12778.1298828125,3924.52001953125,12873.3896484375,4476280000.0,5497210000.0
2021-03-15,3968.93994140625,13082.5400390625,3970.080078125,13085.009765625,3923.5400390625,12885.6396484375,3942.9599609375,12936.1298828125,4900100000.0,5972370000.0
2021-03-16,3962.7099609375,13152.2802734375,3981.0400390625,13297.48046875,3953.43994140625,13091.7802734375,3973.590087890625,13156.650390625,4613080000.0,5493890000.0
2021-03-17,3974.1201171875,13202.3798828125,3983.8701171875,13280.2900390625,3935.739990234375,12950.080078125,3949.570068359375,13024.830078125,4561660000.0,5536110000.0
2021-03-18,3915.4599609375,12789.1396484375,3969.6201171875,13040.3603515625,3910.860107421875,12781.5302734375,3953.5,13006.2900390625,5118590000.0,5739720000.0
2021-03-19,3913.10009765625,12866.990234375,3930.1201171875,12906.01953125,3886.75,12704.0703125,3913.139892578125,12792.669921875,7757420000.0,7630590000.0
2021-03-22,3940.590087890625,13086.509765625,3955.31005859375,13167.4599609375,3914.159912109375,12943.1396484375,3916.47998046875,12943.1396484375,4316260000.0,5321760000.0
2021-03-23,3910.52001953125,13017.7900390625,3949.1298828125,13180.66015625,3901.570068359375,12993.5,3937.60009765625,13127.169921875,4669010000.0,5675010000.0
2021-03-24,3889.139892578125,12798.8798828125,3942.080078125,13077.490234375,3889.070068359375,12797.849609375,3919.929931640625,13072.8203125,4783020000.0,6248650000.0
2021-03-25,3909.52001953125,12780.509765625,3919.5400390625,12845.66015625,3853.5,12627.9296875,3879.340087890625,12707.580078125,4948340000.0,5634290000.0
2021-03-26,3974.5400390625,12979.1201171875,3978.18994140625,12992.2998046875,3917.1201171875,12721.66015625,3917.1201171875,12777.26953125,5483160000.0,5224360000.0
2021-03-29,3971.090087890625,12965.740234375,3981.830078125,13013.4697265625,3943.25,12836.599609375,3969.31005859375,12950.509765625,4628180000.0,4965090000.0
2021-03-30,3958.550048828125,12896.5302734375,3968.010009765625,12929.4599609375,3944.35009765625,12798.0302734375,3963.340087890625,12904.009765625,4121510000.0,4721950000.0
2021-03-31,3972.889892578125,13091.4404296875,3994.409912109375,13167.0595703125,3966.97998046875,12966.650390625,3967.25,12970.330078125,4578050000.0,5004720000.0
2021-04-01,4019.8701171875,13329.51953125,4020.6298828125,13333.41015625,3992.780029296875,13255.8203125,3992.780029296875,13268.8798828125,4162130000.0,4576480000.0
2021-04-05,4077.909912109375,13598.16015625,4083.419921875,13623.599609375,4034.43994140625,13420.8095703125,4034.43994140625,13434.0400390625,4005030000.0,4459000000.0
2021-04-06,4073.93994140625,13578.4599609375,4086.22998046875,13660.2900390625,4068.139892578125,13551.599609375,4075.570068359375,13567.2001953125,4081270000.0,4073710000.0
2021-04-07,4079.949951171875,13616.7001953125,4083.1298828125,13648.7998046875,4068.31005859375,13532.6298828125,4074.2900390625,13553.900390625,4120810000.0,4098740000.0
2021-04-08,4097.169921875,13758.509765625,4098.18994140625,13763.1796875,4082.5400390625,13703.509765625,4089.949951171875,13730.73046875,3907100000.0,4153600000.0
2021-04-09,4128.7998046875,13845.0595703125,4129.47998046875,13849.3095703125,4095.510009765625,13674.919921875,4096.10986328125,13709.669921875,3640390000.0,3926110000.0
2021-04-12,4127.990234375,13819.349609375,4131.759765625,13839.3896484375,4114.81982421875,13747.6298828125,4124.7099609375,13792.740234375,3588900000.0,4250900000.0
2021-04-13,4141.58984375,13986.490234375,4148.0,14002.5302734375,4124.43017578125,13874.580078125,4130.10009765625,13874.580078125,3734720000.0,4219360000.0
2021-04-14,4124.66015625,13803.91015625,4151.68994140625,13990.5400390625,4120.8701171875,13782.1796875,4141.580078125,13988.8603515625,3985350000.0,4120770000.0
2021-04-15,4170.419921875,14026.1904296875,4173.490234375,14040.1103515625,4139.759765625,13931.009765625,4139.759765625,13934.8701171875,4033420000.0,4406880000.0
2021-04-16,4185.47021484375,14041.91015625,4191.31005859375,14050.3798828125,4170.75,13966.5400390625,4174.14013671875,14035.9599609375,4163820000.0,4427780000.0
2021-04-19,4163.259765625,13907.669921875,4180.81005859375,14025.6396484375,4150.47021484375,13835.75,4179.7998046875,13970.830078125,3810290000.0,4379610000.0
2021-04-20,4134.93994140625,13809.2998046875,4159.18017578125,13934.8896484375,4118.3798828125,13730.58984375,4159.18017578125,13891.9599609375,4342650000.0,4245120000.0
2021-04-21,4173.419921875,13935.150390625,4175.02001953125,13939.7001953125,4126.35009765625,13717.4404296875,4128.419921875,13768.919921875,3887250000.0,3999620000.0
2021-04-22,4134.97998046875,13762.3603515625,4179.56982421875,13954.0302734375,4123.68994140625,13716.759765625,4170.4599609375,13920.8798828125,4245140000.0,4420820000.0
2021-04-23,4180.169921875,13941.4404296875,4194.169921875,13989.4296875,4138.77978515625,13789.4501953125,4138.77978515625,13794.490234375,3569880000.0,4355100000.0
2021-04-26,4187.6201171875,14026.16015625,4194.18994140625,14039.400390625,4182.35986328125,13919.9296875,4185.02978515625,13954.9404296875,3748320000.0,4506210000.0
2021-04-27,4186.72021484375,13960.2802734375,4193.35009765625,14048.33984375,4176.22021484375,13931.1796875,4188.25,14048.1298828125,3710700000.0,4691460000.0
2021-04-28,4183.18017578125,13901.6201171875,4201.52978515625,13992.080078125,4181.77978515625,13895.150390625,4185.14013671875,13953.6103515625,3787360000.0,4559710000.0
2021-04-29,4211.47021484375,13970.2001953125,4218.77978515625,14073.48046875,4176.81005859375,13836.099609375,4206.14013671875,14063.9404296875,4298680000.0,4928030000.0
2021-04-30,4181.169921875,13860.759765625,4198.10009765625,13969.2099609375,4174.85009765625,13838.8203125,4198.10009765625,13857.7900390625,4300880000.0,4792460000.0
2021-05-03,4192.66015625,13799.7197265625,4209.39013671875,13955.0,4188.02978515625,13784.66015625,4191.97998046875,13923.0400390625,4070220000.0,4761430000.0
2021-05-04,4164.66015625,13544.669921875,4179.0400390625,13705.3798828125,4128.58984375,13396.1103515625,4179.0400390625,13680.6298828125,4452460000.0,5879730000.0
2021-05-05,4167.58984375,13503.3701171875,4187.72021484375,13676.8603515625,4160.93994140625,13478.580078125,4177.06005859375,13649.1201171875,4230920000.0,4535690000.0
2021-05-06,4201.6201171875,13613.73046875,4202.7001953125,13617.33984375,4147.330078125,13403.4599609375,4169.14013671875,13490.9404296875,4511000000.0,5021400000.0
2021-05-07,4232.60009765625,13719.6298828125,4238.0400390625,13814.650390625,4201.64013671875,13669.7802734375,4210.33984375,13715.5595703125,4016080000.0,4391100000.0
2021-05-10,4188.43017578125,13359.080078125,4236.39013671875,13648.490234375,4188.1298828125,13358.6201171875,4228.2900390625,13647.73046875,4560700000.0,4818670000.0
2021-05-11,4152.10009765625,13351.26953125,4162.0400390625,13381.66015625,4111.52978515625,13094.759765625,4150.33984375,13102.6396484375,4870710000.0,4738390000.0
2021-05-12,4063.0400390625,13001.6298828125,4134.72998046875,13236.8896484375,4056.8798828125,12967.1796875,4130.5498046875,13155.0703125,4733070000.0,4752930000.0
2021-05-13,4112.5,13109.150390625,4131.580078125,13226.6396484375,4074.989990234375,13006.76953125,4074.989990234375,13133.73046875,4779540000.0,4698110000.0
2021-05-14,4173.85009765625,13393.1201171875,4183.1298828125,13430.0,4129.580078125,13220.1904296875,4129.580078125,13238.990234375,4008880000.0,4022610000.0
2021-05-17,4163.2900390625,13312.91015625,4171.919921875,13350.1396484375,4142.68994140625,13196.5703125,4169.919921875,13329.8603515625,4125050000.0,3997780000.0
2021-05-18,4127.830078125,13217.6796875,4169.14990234375,13400.51953125,4125.990234375,13212.849609375,4165.93994140625,13352.259765625,4398150000.0,4301300000.0
2021-05-19,4115.68017578125,13237.91015625,4116.93017578125,13243.98046875,4061.409912109375,12994.349609375,4098.4501953125,12998.5302734375,4247450000.0,4333520000.0
2021-05-20,4159.1201171875,13494.08984375,4172.7998046875,13526.009765625,4121.97021484375,13293.099609375,4121.97021484375,13294.58984375,3978880000.0,3990760000.0
2021-05-21,4155.85986328125,13411.740234375,4188.72021484375,13573.83984375,4151.72021484375,13401.5302734375,4168.60986328125,13573.2197265625,3995250000.0,3733940000.0
2021-05-24,4197.0498046875,13641.75,4209.52001953125,13687.6103515625,4170.16015625,13500.1201171875,4170.16015625,13504.3896484375,3684800000.0,3509470000.0
2021-05-25,4188.1298828125,13657.73046875,4213.419921875,13734.41015625,4182.52001953125,13614.5400390625,4205.93994140625,13701.2998046875,4182250000.0,4128990000.0
2021-05-26,4195.990234375,13702.740234375,4202.60986328125,13726.0595703125,4184.10986328125,13661.0595703125,4191.58984375,13687.7099609375,4420890000.0,4264500000.0
2021-05-27,4200.8798828125,13657.849609375,4213.3798828125,13724.759765625,4197.77978515625,13652.1298828125,4201.93994140625,13686.8603515625,6406310000.0,5087180000.0
2021-05-28,4204.10986328125,13686.509765625,4218.35986328125,13765.7998046875,4203.56982421875,13684.830078125,4210.77001953125,13717.0,4649250000.0,4447940000.0
2021-06-01,4202.0400390625,13654.58984375,4234.1201171875,13773.4501953125,4197.58984375,13602.1201171875,4216.52001953125,13764.26953125,5074670000.0,4186280000.0
2021-06-02,4208.1201171875,13675.7900390625,4217.3701171875,13712.6796875,4198.27001953125,13610.16015625,4206.81982421875,13655.7099609375,5833670000.0,5097630000.0
2021-06-03,4192.85009765625,13529.6796875,4204.39013671875,13608.5400390625,4167.93017578125,13469.849609375,4191.43017578125,13568.91015625,5587970000.0,5396250000.0
2021-06-04,4229.89013671875,13770.76953125,4233.4501953125,13784.76953125,4206.0498046875,13613.580078125,4206.0498046875,13619.7900390625,4139790000.0,4360710000.0
2021-06-07,4226.52001953125,13802.8896484375,4232.33984375,13808.419921875,4215.66015625,13710.1103515625,4229.33984375,13744.150390625,4476920000.0,4639210000.0
2021-06-08,4227.259765625,13810.8603515625,4236.740234375,13913.400390625,4208.41015625,13746.419921875,4233.81005859375,13873.4599609375,4659620000.0,5958410000.0
2021-06-09,4219.5498046875,13814.9404296875,4237.08984375,13900.7099609375,4218.740234375,13811.0498046875,4232.990234375,13865.509765625,4713260000.0,5640490000.0
2021-06-10,4239.18017578125,13960.349609375,4249.740234375,13962.98046875,4220.33984375,13817.830078125,4228.56005859375,13834.259765625,4408210000.0,4919880000.0
2021-06-11,4247.43994140625,13998.2998046875,4248.3798828125,13998.650390625,4232.25,13934.0,4242.89990234375,13959.4697265625,3815010000.0,4157580000.0
2021-06-14,4255.14990234375,14128.2001953125,4255.58984375,14129.330078125,4234.06982421875,13963.9404296875,4248.31005859375,14002.1396484375,4151200000.0,4415160000.0
2021-06-15,4246.58984375,14030.41015625,4257.16015625,14126.259765625,4238.35009765625,14008.9296875,4255.27978515625,14120.8095703125,4048940000.0,4554580000.0
2021-06-16,4223.7001953125,13983.009765625,4251.89013671875,14100.1103515625,4202.4501953125,13843.599609375,4248.8701171875,14053.1201171875,4538350000.0,4683030000.0
2021-06-17,4221.85986328125,14163.8095703125,4232.2900390625,14205.4296875,4196.0498046875,13946.51953125,4220.3701171875,13946.7001953125,5312680000.0,4558280000.0
2021-06-18,4166.4501953125,14049.580078125,4204.77978515625,14140.6201171875,4164.39990234375,14024.599609375,4204.77978515625,14125.1201171875,6817010000.0,6126070000.0
2021-06-21,4224.7900390625,14137.23046875,4226.240234375,14150.91015625,4173.39990234375,13967.8896484375,4173.39990234375,14055.0400390625,4128950000.0,4562010000.0
2021-06-22,4246.43994140625,14270.419921875,4255.83984375,14288.490234375,4217.27001953125,14128.009765625,4224.60986328125,14140.2998046875,3828390000.0,4433140000.0
2021-06-23,4241.83984375,14274.240234375,4256.60009765625,14324.740234375,4241.43017578125,14247.580078125,4249.27001953125,14275.08984375,3730350000.0,4417470000.0
2021-06-24,4266.490234375,14365.9599609375,4271.27978515625,14429.1396484375,4256.97021484375,14337.650390625,4256.97021484375,14358.2998046875,3816660000.0,4324620000.0
2021-06-25,4280.7001953125,14345.1796875,4286.1201171875,14401.7099609375,4271.16015625,14324.259765625,4274.4501953125,14396.6298828125,7341450000.0,7468090000.0
2021-06-28,4290.60986328125,14524.98046875,4292.14013671875,14530.0703125,4274.669921875,14400.58984375,4284.89990234375,14401.6298828125,4147890000.0,4283000000.0
2021-06-29,4291.7998046875,14572.75,4300.52001953125,14575.1904296875,4287.0400390625,14481.849609375,4293.2099609375,14523.6298828125,3707150000.0,4901300000.0
2021-06-30,4297.5,14554.7998046875,4302.43017578125,14582.2998046875,4287.9599609375,14530.8701171875,4290.64990234375,14560.0703125,4266040000.0,5293810000.0
2021-07-01,4319.93994140625,14560.0498046875,4320.66015625,14576.6396484375,4300.72998046875,14483.419921875,4300.72998046875,14530.6298828125,3788230000.0,4410470000.0
2021-07-02,4352.33984375,14727.6298828125,4355.43017578125,14738.1396484375,4326.60009765625,14626.8203125,4326.60009765625,14633.509765625,3225840000.0,3751420000.0
2021-07-06,4343.5400390625,14786.3603515625,4356.4599609375,14797.4501953125,4314.3701171875,14635.3095703125,4356.4599609375,14755.150390625,4309570000.0,4489540000.0
2021-07-07,4358.1298828125,14810.5400390625,4361.8798828125,14891.1904296875,4329.7900390625,14735.75,4351.009765625,14889.759765625,4037380000.0,4605630000.0
2021-07-08,4320.81982421875,14722.1396484375,4330.8798828125,14763.669921875,4289.3701171875,14551.759765625,4321.06982421875,14577.669921875,4347500000.0,4575010000.0
2021-07-09,4369.5498046875,14826.08984375,4371.60009765625,14838.7197265625,4329.3798828125,14685.5400390625,4329.3798828125,14709.3203125,3531120000.0,3826500000.0
2021-07-12,4384.6298828125,14877.8896484375,4386.68017578125,14899.4599609375,4364.02978515625,14813.7900390625,4372.41015625,14878.7099609375,3384460000.0,3897090000.0
2021-07-13,4369.2099609375,14874.5400390625,4392.3701171875,15002.2802734375,4366.919921875,14843.7998046875,4381.06982421875,14871.0400390625,3695430000.0,4583460000.0
2021-07-14,4374.2998046875,14900.4404296875,4393.68017578125,15001.1298828125,4362.35986328125,14871.73046875,4380.10986328125,14984.8603515625,4006370000.0,4496220000.0
2021-07-15,4360.02978515625,14794.6904296875,4369.02001953125,14907.509765625,4340.7001953125,14717.5498046875,4369.02001953125,14903.490234375,3905230000.0,4512550000.0
2021-07-16,4327.16015625,14681.3798828125,4375.08984375,14875.9697265625,4322.52978515625,14667.099609375,4367.43017578125,14842.080078125,3985700000.0,4069530000.0
2021-07-19,4258.490234375,14549.08984375,4296.39990234375,14578.9599609375,4233.1298828125,14455.0703125,4296.39990234375,14517.9599609375,5157660000.0,4537130000.0
2021-07-20,4323.06005859375,14728.2099609375,4336.83984375,14790.599609375,4262.0498046875,14530.7802734375,4265.10986328125,14601.33984375,4438270000.0,4652450000.0
2021-07-21,4358.68994140625,14842.6298828125,4359.7001953125,14843.169921875,4331.1298828125,14710.1103515625,4331.1298828125,14723.669921875,3810280000.0,4098520000.0
2021-07-22,4367.47998046875,14940.169921875,4369.8701171875,14941.3798828125,4350.06005859375,14865.4697265625,4361.27001953125,14865.4697265625,3358300000.0,3597540000.0
2021-07-23,4411.7900390625,15111.7900390625,4415.18017578125,15125.83984375,4381.2001953125,14948.0400390625,4381.2001953125,15004.4296875,4540070000.0,3997250000.0
2021-07-26,4422.2998046875,15125.9501953125,4422.72998046875,15142.349609375,4405.4501953125,15048.23046875,4409.580078125,15088.2802734375,4275630000.0,4437090000.0
2021-07-27,4401.4599609375,14956.9697265625,4416.3798828125,15107.740234375,4372.509765625,14787.7998046875,4416.3798828125,15103.009765625,4241950000.0,4329230000.0
2021-07-28,4400.64013671875,15018.099609375,4415.47021484375,15078.849609375,4387.009765625,14913.5498046875,4402.9501953125,15005.169921875,4215290000.0,4268210000.0
2021-07-29,4419.14990234375,15048.3603515625,4429.97021484375,15091.9599609375,4403.58984375,15004.419921875,4403.58984375,15015.2998046875,4044600000.0,3928640000.0
2021-07-30,4395.259765625,14959.900390625,4412.25,14990.8603515625,4389.64990234375,14882.3896484375,4395.1201171875,14882.3896484375,3956740000.0,3645050000.0
2021-08-02,4387.16015625,14963.6201171875,4422.18017578125,15059.8896484375,4384.81005859375,14945.1298828125,4406.85986328125,15046.099609375,3724090000.0,3746130000.0
2021-08-03,4423.14990234375,15061.419921875,4423.7900390625,15063.66015625,4373.0,14864.5302734375,4392.740234375,14997.2001953125,3965190000.0,4141370000.0
2021-08-04,4402.66015625,15083.3896484375,4416.169921875,15117.3798828125,4400.22998046875,15017.1396484375,4415.9501953125,15059.16015625,4260760000.0,4337330000.0
2021-08-05,4429.10009765625,15181.6396484375,4429.759765625,15184.26953125,4408.85986328125,15083.83984375,4408.85986328125,15105.400390625,3769410000.0,4107300000.0
2021-08-06,4436.52001953125,15109.3603515625,4440.81982421875,15162.33984375,4429.06982421875,15063.01953125,4429.06982421875,15125.740234375,3451870000.0,4173090000.0
2021-08-09,4432.35009765625,15133.1103515625,4439.39013671875,15154.6796875,4424.740234375,15081.75,4437.77001953125,15136.1396484375,3449280000.0,4111640000.0
2021-08-10,4436.75,15053.580078125,4445.2099609375,15169.4501953125,4430.02978515625,15010.16015625,4435.7900390625,15157.3701171875,3886610000.0,3991770000.0
2021-08-11,4442.41015625,15027.759765625,4449.43994140625,15127.7802734375,4436.419921875,14972.599609375,4442.18017578125,15101.8203125,3532560000.0,4002340000.0
2021-08-12,4460.830078125,15088.98046875,4461.77001953125,15097.91015625,4435.9599609375,14956.25,4446.080078125,15012.599609375,3375310000.0,4049000000.0
2021-08-13,4468.0,15136.6796875,4468.3701171875,15150.48046875,4460.81982421875,15079.2998046875,4464.83984375,15101.83984375,3016470000.0,4061070000.0
2021-08-16,4479.7099609375,15140.76953125,4480.259765625,15142.0302734375,4437.66015625,14931.150390625,4461.64990234375,15090.0498046875,3370640000.0,3973920000.0
2021-08-17,4448.080078125,15002.830078125,4462.1201171875,15062.7001953125,4417.830078125,14906.2197265625,4462.1201171875,15018.9404296875,3836960000.0,4168880000.0
2021-08-18,4400.27001953125,14857.919921875,4454.31982421875,15039.900390625,4397.58984375,14846.509765625,4440.93994140625,14975.01953125,3755590000.0,3841840000.0
2021-08-19,4405.7998046875,14933.9404296875,4418.60986328125,15000.1904296875,4367.72998046875,14773.1904296875,4382.43994140625,14773.1904296875,4398410000.0,4191490000.0
2021-08-20,4441.669921875,15092.5703125,4444.35009765625,15103.9404296875,4406.7998046875,14968.8701171875,4410.56005859375,14974.0595703125,3652610000.0,3886340000.0
2021-08-23,4479.52978515625,15312.8203125,4489.8798828125,15341.4697265625,4450.2900390625,15140.1396484375,4450.2900390625,15140.1396484375,3576530000.0,3906780000.0
2021-08-24,4486.22998046875,15357.6796875,4492.81005859375,15384.419921875,4482.27978515625,15319.5498046875,4484.39990234375,15338.919921875,3979220000.0,3809750000.0
2021-08-25,4496.18994140625,15368.919921875,4501.7099609375,15404.3603515625,4485.66015625,15341.919921875,4490.4501953125,15384.830078125,3444700000.0,3654150000.0
2021-08-26,4470.0,15278.51953125,4495.89990234375,15369.2802734375,4468.990234375,15265.23046875,4493.75,15348.98046875,3263980000.0,3630900000.0
2021-08-27,4509.3701171875,15432.9501953125,4513.330078125,15447.0302734375,4474.10009765625,15292.740234375,4474.10009765625,15305.75,3331200000.0,4048610000.0
2021-08-30,4528.7900390625,15605.08984375,4537.35986328125,15620.6201171875,4513.759765625,15459.740234375,4513.759765625,15460.9296875,3168660000.0,4061760000.0
2021-08-31,4522.68017578125,15582.509765625,4531.39013671875,15604.4501953125,4515.7998046875,15522.7802734375,4529.75,15601.33984375,4290710000.0,4188020000.0
2021-09-01,4524.08984375,15611.5703125,4537.10986328125,15696.419921875,4522.02001953125,15603.669921875,4528.7998046875,15637.1298828125,4057340000.0,4271690000.0
2021-09-02,4536.9501953125,15604.25,4545.85009765625,15681.759765625,4524.66015625,15554.2900390625,4534.47998046875,15656.2802734375,3735990000.0,4050510000.0
2021-09-03,4535.43017578125,15652.8603515625,4541.4501953125,15668.1201171875,4521.2998046875,15554.9697265625,4532.419921875,15578.9599609375,3217530000.0,3706990000.0
2021-09-07,4520.02978515625,15675.759765625,4535.3798828125,15701.400390625,4513.0,15610.23046875,4535.3798828125,15662.2998046875,3822960000.0,4014250000.0
2021-09-08,4514.06982421875,15620.849609375,4521.7900390625,15669.009765625,4493.9501953125,15528.4501953125,4518.08984375,15669.009765625,3750880000.0,4131560000.0
2021-09-09,4493.27978515625,15561.0498046875,4529.89990234375,15675.4599609375,4492.06982421875,15556.740234375,4513.02001953125,15639.4404296875,3735390000.0,4031140000.0
2021-09-10,4458.580078125,15440.75,4520.47021484375,15673.5,4457.66015625,15433.4296875,4506.919921875,15648.0498046875,3623180000.0,4587150000.0
2021-09-13,4468.72998046875,15434.5,4492.990234375,15562.2802734375,4445.7001953125,15351.7001953125,4474.81005859375,15545.66015625,3914220000.0,4723370000.0
2021-09-14,4443.0498046875,15382.900390625,4485.68017578125,15525.9697265625,4435.4599609375,15352.0595703125,4479.330078125,15505.7802734375,3670460000.0,4593140000.0
2021-09-15,4480.7001953125,15503.5302734375,4486.8701171875,15518.9501953125,4438.3701171875,15316.400390625,4447.490234375,15419.9501953125,4032020000.0,4465140000.0
2021-09-16,4473.75,15515.91015625,4485.8701171875,15539.1396484375,4443.7998046875,15370.8798828125,4477.08984375,15452.669921875,3984560000.0,3701500000.0
2021-09-17,4432.990234375,15333.4697265625,4471.52001953125,15485.2099609375,4427.759765625,15291.0400390625,4469.740234375,15481.4296875,7289530000.0,6709540000.0
2021-09-20,4357.72998046875,15012.1904296875,4402.9501953125,15157.259765625,4305.91015625,14821.0302734375,4402.9501953125,15068.650390625,4898070000.0,4879490000.0
2021-09-21,4354.18994140625,15027.76953125,4394.8701171875,15139.900390625,4347.9599609375,14986.98046875,4374.4501953125,15096.9697265625,3920920000.0,4083010000.0
2021-09-22,4395.64013671875,15176.509765625,4416.75,15230.33984375,4367.43017578125,15029.900390625,4367.43017578125,15073.9599609375,3939170000.0,4252490000.0
2021-09-23,4448.97998046875,15316.580078125,4465.39990234375,15356.919921875,4406.75,15199.4296875,4406.75,15231.2001953125,3916350000.0,4196130000.0
2021-09-24,4455.47998046875,15329.6796875,4463.1201171875,15345.5400390625,4430.27001953125,15209.16015625,4438.0400390625,15222.9697265625,3384290000.0,3992150000.0
2021-09-27,4443.10986328125,15204.8203125,4457.2998046875,15240.580078125,4436.18994140625,15106.4501953125,4442.1201171875,15205.23046875,4058650000.0,4650790000.0
2021-09-28,4352.6298828125,14770.2998046875,4419.5400390625,15040.5703125,4346.330078125,14758.98046875,4419.5400390625,15001.98046875,4416550000.0,4989510000.0
2021-09-29,4359.4599609375,14752.8896484375,4385.56982421875,14914.919921875,4355.080078125,14727.41015625,4362.41015625,14835.509765625,3712660000.0,5294600000.0
2021-09-30,4307.5400390625,14689.6201171875,4382.5498046875,14888.2197265625,4306.240234375,14684.5498046875,4370.669921875,14830.2998046875,4448140000.0,5950950000.0
2021-10-01,4357.0400390625,14791.8701171875,4375.18994140625,14830.83984375,4288.52001953125,14555.1201171875,4317.16015625,14731.3798828125,4010370000.0,4710720000.0
2021-10-04,4300.4599609375,14472.1201171875,4355.509765625,14727.599609375,4278.93994140625,14384.9296875,4348.83984375,14713.599609375,4307870000.0,4557110000.0
2021-10-05,4345.72021484375,14674.150390625,4369.22998046875,14763.6396484375,4309.8701171875,14520.23046875,4309.8701171875,14533.4296875,3902890000.0,4176390000.0
2021-10-06,4363.5498046875,14766.75,4365.56982421875,14775.6396484375,4290.490234375,14499.48046875,4319.56982421875,14529.8896484375,4009630000.0,4465910000.0
2021-10-07,4399.759765625,14897.1298828125,4429.97021484375,15010.3203125,4383.72998046875,14878.2197265625,4383.72998046875,14899.0703125,3843740000.0,3984180000.0
2021-10-08,4391.33984375,14820.75,4412.02001953125,14948.349609375,4386.22021484375,14805.5,4406.509765625,14942.3603515625,3280160000.0,3571380000.0
2021-10-11,4361.18994140625,14713.73046875,4415.8798828125,14907.5703125,4360.58984375,14709.0498046875,4385.43994140625,14765.6904296875,3281970000.0,3539540000.0
2021-10-12,4350.64990234375,14662.1103515625,4374.89013671875,14784.7802734375,4342.08984375,14636.330078125,4368.31005859375,14772.2900390625,3558450000.0,4063830000.0
2021-10-13,4363.7998046875,14774.599609375,4372.8701171875,14800.830078125,4329.919921875,14676.580078125,4358.009765625,14751.7998046875,3620070000.0,4053580000.0
2021-10-14,4438.259765625,15052.419921875,4439.72998046875,15059.8896484375,4386.75,14901.58984375,4386.75,14925.580078125,3598280000.0,4262400000.0
2021-10-15,4471.3701171875,15146.919921875,4475.81982421875,15150.1396484375,4447.68994140625,15064.58984375,4447.68994140625,15106.9697265625,3819380000.0,4494440000.0
2021-10-18,4486.4599609375,15300.8896484375,4488.75,15307.509765625,4447.47021484375,15074.7099609375,4463.72021484375,15091.580078125,3662010000.0,4167740000.0
2021-10-19,4519.6298828125,15410.7197265625,4520.39990234375,15414.9697265625,4496.41015625,15320.6201171875,4497.33984375,15349.4501953125,3459130000.0,4483400000.0
2021-10-20,4536.18994140625,15388.7099609375,4540.8701171875,15457.1103515625,4524.39990234375,15333.4296875,4524.419921875,15448.0,3670760000.0,4117050000.0
2021-10-21,4549.77978515625,15489.58984375,4551.43994140625,15497.580078125,4526.89013671875,15350.5,4532.240234375,15365.8095703125,3822330000.0,4961860000.0
2021-10-22,4544.89990234375,15355.0703125,4559.669921875,15474.2802734375,4524.0,15291.9501953125,4546.1201171875,15422.0703125,3758220000.0,5775770000.0
2021-10-25,4566.47998046875,15514.1904296875,4572.6201171875,15555.650390625,4537.35986328125,15338.490234375,4553.68994140625,15417.25,3899400000.0,5750200000.0
2021-10-26,4574.7900390625,15559.490234375,4598.52978515625,15710.7900390625,4569.169921875,15518.58984375,4578.68994140625,15615.3603515625,3879740000.0,7173230000.0
2021-10-27,4551.68017578125,15598.3896484375,4584.56982421875,15729.75,4551.66015625,15578.6796875,4580.22021484375,15603.16015625,4226050000.0,6130110000.0
2021-10-28,4596.419921875,15778.16015625,4597.5498046875,15784.0,4562.83984375,15650.009765625,4562.83984375,15674.3896484375,4132950000.0,5714890000.0
2021-10-29,4605.3798828125,15850.4697265625,4608.080078125,15856.900390625,4567.58984375,15638.740234375,4572.8701171875,15638.740234375,4510200000.0,5338290000.0
2021-11-01,4613.669921875,15905.2802734375,4620.33984375,15910.349609375,4595.06005859375,15785.3095703125,4610.6201171875,15879.6103515625,3971540000.0,5273950000.0
2021-11-02,4630.64990234375,15972.490234375,4635.14990234375,15988.330078125,4613.33984375,15877.26953125,4613.33984375,15885.33984375,3975250000.0,5129370000.0
2021-11-03,4660.56982421875,16144.5,4663.4599609375,16157.599609375,4621.18994140625,15950.58984375,4630.64990234375,16000.599609375,4319660000.0,5325110000.0
2021-11-04,4680.06005859375,16346.240234375,4683.0,16387.94921875,4662.58984375,16169.5595703125,4662.93017578125,16193.2197265625,4462300000.0,5297250000.0
2021-11-05,4697.52978515625,16359.3798828125,4718.5,16454.48046875,4681.31982421875,16302.0595703125,4699.259765625,16397.58984375,4467180000.0,5566400000.0
2021-11-08,4701.7001953125,16336.0302734375,4714.919921875,16401.9296875,4694.39013671875,16314.0,4701.47998046875,16351.490234375,4269710000.0,5723650000.0
2021-11-09,4685.25,16219.9404296875,4708.52978515625,16401.890625,4670.8701171875,16168.6298828125,4707.25,16389.990234375,4117080000.0,5574660000.0
2021-11-10,4646.7099609375,15985.5703125,4684.85009765625,16224.509765625,4630.85986328125,15905.2802734375,4670.259765625,16087.01953125,4503720000.0,5369110000.0
2021-11-11,4649.27001953125,16032.4697265625,4664.5498046875,16116.25,4648.31005859375,16019.3896484375,4659.39013671875,16114.0498046875,3926870000.0,4570460000.0
2021-11-12,4682.85009765625,16199.8896484375,4688.47021484375,16218.5498046875,4650.77001953125,16012.7802734375,4655.240234375,16078.1298828125,3728600000.0,5446540000.0
2021-11-15,4682.7998046875,16189.1201171875,4697.419921875,16256.73046875,4672.85986328125,16096.3701171875,4689.2998046875,16227.009765625,3488410000.0,5020180000.0
2021-11-16,4700.89990234375,16309.76953125,4714.9501953125,16329.5,4679.419921875,16156.6904296875,4679.419921875,16170.2900390625,3972640000.0,5533020000.0
2021-11-17,4688.669921875,16308.0703125,4701.5,16398.94921875,4684.41015625,16276.76953125,4701.5,16329.0703125,3969070000.0,5049320000.0
2021-11-18,4704.5400390625,16482.970703125,4708.7998046875,16501.919921875,4672.77978515625,16309.509765625,4700.72021484375,16398.759765625,4226410000.0,5391360000.0
2021-11-19,4697.9599609375,16573.33984375,4717.75,16625.859375,4694.22021484375,16523.830078125,4708.43994140625,16558.560546875,4253180000.0,4875310000.0
2021-11-22,4682.93994140625,16380.98046875,4743.830078125,16764.859375,4682.169921875,16374.7802734375,4712.0,16644.76953125,4441100000.0,5567830000.0
2021-11-23,4690.7001953125,16306.7197265625,4699.39013671875,16417.5,4652.66015625,16121.7001953125,4678.47998046875,16330.1796875,4277590000.0,5434380000.0
2021-11-24,4701.4599609375,16367.8095703125,4702.8701171875,16370.5595703125,4659.89013671875,16106.01953125,4675.77978515625,16202.259765625,3418430000.0,4197090000.0
2021-11-26,4594.6201171875,16025.580078125,4664.6298828125,16302.580078125,4585.43017578125,15988.9501953125,4664.6298828125,16237.41015625,3517700000.0,3502170000.0
2021-11-29,4655.27001953125,16399.240234375,4672.9501953125,16437.16015625,4625.259765625,16214.5595703125,4628.75,16263.4296875,4336410000.0,4836230000.0
2021-11-30,4567.0,16135.919921875,4646.02001953125,16454.560546875,4560.0,16073.759765625,4640.25,16333.9501953125,6625990000.0,6631470000.0
2021-12-01,4513.0400390625,15877.7197265625,4652.93994140625,16427.189453125,4510.27001953125,15864.0,4602.81982421875,16347.9599609375,5366730000.0,6320260000.0
2021-12-02,4577.10009765625,15990.759765625,4595.4599609375,16066.3203125,4504.72998046875,15770.919921875,4504.72998046875,15791.2998046875,5077180000.0,5418340000.0
2021-12-03,4538.43017578125,15712.0400390625,4608.02978515625,16089.6103515625,4495.1201171875,15543.3095703125,4589.490234375,16039.41015625,5240070000.0,5900290000.0
2021-12-06,4591.669921875,15846.16015625,4612.60009765625,15898.58984375,4540.509765625,15557.7802734375,4548.3701171875,15744.91015625,4770800000.0,5115230000.0
2021-12-07,4686.75,16325.66015625,4694.0400390625,16343.669921875,4631.97021484375,16128.4404296875,4631.97021484375,16139.5595703125,4492400000.0,5116490000.0
2021-12-08,4701.2099609375,16394.33984375,4705.06005859375,16401.099609375,4674.52001953125,16250.3896484375,4690.85986328125,16313.8798828125,4234600000.0,4615390000.0
2021-12-09,4667.4501953125,16149.5703125,4695.259765625,16413.279296875,4665.97998046875,16141.3896484375,4691.0,16337.8095703125,3903840000.0,4515600000.0
2021-12-10,4712.02001953125,16331.98046875,4713.56982421875,16339.1201171875,4670.240234375,16139.0,4687.64013671875,16278.2998046875,3870110000.0,4426210000.0
2021-12-13,4668.97021484375,16082.5498046875,4710.2998046875,16332.6298828125,4667.60009765625,16075.5400390625,4710.2998046875,16317.900390625,4397230000.0,4573920000.0
2021-12-14,4634.08984375,15914.900390625,4660.47021484375,15995.2099609375,4606.52001953125,15742.7998046875,4642.990234375,15877.650390625,4485430000.0,4865990000.0
2021-12-15,4709.85009765625,16289.58984375,4712.60009765625,16301.26953125,4611.22021484375,15746.9404296875,4636.4599609375,15908.4501953125,4910130000.0,5343920000.0
2021-12-16,4668.669921875,15863.9404296875,4731.990234375,16340.5302734375,4651.89013671875,15802.6298828125,4719.1298828125,16335.0302734375,4829500000.0,4906480000.0
2021-12-17,4620.64013671875,15801.4599609375,4666.7001953125,15960.25,4600.22021484375,15664.099609375,4652.5,15714.5400390625,7987090000.0,7668770000.0
2021-12-20,4568.02001953125,15627.6396484375,4587.89990234375,15662.6103515625,4531.10009765625,15508.740234375,4587.89990234375,15566.830078125,4635700000.0,4602640000.0
2021-12-21,4649.22998046875,15986.2802734375,4651.14013671875,15997.6103515625,4583.16015625,15617.48046875,4594.9599609375,15794.3798828125,4072430000.0,4581720000.0
2021-12-22,4696.56005859375,16180.1396484375,4697.669921875,16186.25,4645.52978515625,15947.5595703125,4650.35986328125,15963.5400390625,3319610000.0,4107900000.0
2021-12-23,4725.7900390625,16308.2099609375,4740.740234375,16360.75,4703.9599609375,16188.0302734375,4703.9599609375,16203.759765625,2913040000.0,3935010000.0
2021-12-27,4791.18994140625,16567.5,4791.490234375,16567.640625,4733.990234375,16361.0703125,4733.990234375,16361.0703125,2770290000.0,3743920000.0
2021-12-28,4786.35009765625,16488.66015625,4807.02001953125,16607.189453125,4780.0400390625,16458.490234375,4795.490234375,16602.919921875,2707920000.0,3648500000.0
2021-12-29,4793.06005859375,16491.009765625,4804.06005859375,16548.919921875,4778.080078125,16396.16015625,4788.64013671875,16510.630859375,2963310000.0,3714380000.0
2021-12-30,4778.72998046875,16429.099609375,4808.93017578125,16569.619140625,4775.330078125,16415.119140625,4794.22998046875,16485.400390625,3124950000.0,3750920000.0
2021-12-31,4766.18017578125,16320.080078125,4786.830078125,16464.619140625,4765.75,16317.259765625,4775.2099609375,16411.259765625,2677820000.0,3392580000.0
2022-01-03,4796.56005859375,16501.76953125,4796.64013671875,16504.140625,4758.169921875,16306.6396484375,4778.14013671875,16395.509765625,3831020000.0,4429960000.0
2022-01-04,4793.5400390625,16279.73046875,4818.6201171875,16513.869140625,4774.27001953125,16151.900390625,4804.509765625,16513.869140625,4683170000.0,5131110000.0
2022-01-05,4700.580078125,15771.7802734375,4797.7001953125,16249.23046875,4699.43994140625,15763.83984375,4787.990234375,16190.5498046875,4887960000.0,5031850000.0
2022-01-06,4696.0498046875,15765.3603515625,4725.009765625,15900.599609375,4671.259765625,15608.5703125,4693.39013671875,15675.2197265625,4295280000.0,4790820000.0
2022-01-07,4677.02978515625,15592.1904296875,4707.9501953125,15835.0,4662.740234375,15526.7998046875,4697.66015625,15774.1298828125,4181510000.0,4238070000.0
2022-01-10,4670.2900390625,15614.4296875,4673.02001953125,15627.919921875,4582.240234375,15165.5302734375,4655.33984375,15383.1796875,4511810000.0,5317180000.0
2022-01-11,4713.06982421875,15844.1201171875,4714.1298828125,15848.5595703125,4638.27001953125,15496.91015625,4669.14013671875,15582.7197265625,4101590000.0,4390710000.0
2022-01-12,4726.35009765625,15905.099609375,4748.830078125,16017.3896484375,4706.7099609375,15815.9501953125,4728.58984375,15955.48046875,4048220000.0,4338530000.0
2022-01-13,4659.02978515625,15495.6201171875,4744.1298828125,15990.3798828125,4650.2900390625,15468.08984375,4733.56005859375,15970.08984375,4251730000.0,4302020000.0
2022-01-14,4662.85009765625,15611.58984375,4665.1298828125,15617.1796875,4614.75,15396.4697265625,4637.990234375,15396.4697265625,4338490000.0,4374020000.0
2022-01-18,4577.10986328125,15210.759765625,4632.240234375,15446.2998046875,4568.7001953125,15182.9599609375,4632.240234375,15378.0595703125,4748700000.0,5060790000.0
2022-01-19,4532.759765625,15047.83984375,4611.5498046875,15382.0,4530.2001953125,15038.4404296875,4588.02978515625,15287.25,4465740000.0,4665340000.0
2022-01-20,4482.72998046875,14846.4599609375,4602.10986328125,15347.6201171875,4477.9501953125,14832.6904296875,4547.35009765625,15176.3798828125,4640870000.0,5102050000.0
2022-01-21,4397.93994140625,14438.400390625,4494.52001953125,14868.4501953125,4395.33984375,14432.6396484375,4471.3798828125,14728.66015625,5589100000.0,5870830000.0
2022-01-24,4410.1298828125,14509.580078125,4417.35009765625,14532.5703125,4222.6201171875,13724.849609375,4356.31982421875,14160.91015625,6928110000.0,6998770000.0
2022-01-25,4356.4501953125,14149.1201171875,4411.009765625,14410.4296875,4287.10986328125,14033.8095703125,4366.64013671875,14237.599609375,5145050000.0,5019380000.0
2022-01-26,4349.93017578125,14172.759765625,4453.22998046875,14646.5400390625,4304.7998046875,14006.400390625,4408.43017578125,14492.51953125,5570640000.0,5771140000.0
2022-01-27,4326.509765625,14003.1103515625,4428.740234375,14419.4501953125,4309.5,13972.8798828125,4380.580078125,14346.4599609375,5214200000.0,5177380000.0
2022-01-28,4431.85009765625,14454.6103515625,4432.72021484375,14457.7802734375,4292.4599609375,13880.48046875,4336.18994140625,14091.3095703125,5031090000.0,4971930000.0
2022-01-31,4515.5498046875,14930.0498046875,4516.89013671875,14934.51953125,4414.02001953125,14442.8798828125,4431.7900390625,14505.0703125,5098610000.0,5124940000.0
2022-02-01,4546.5400390625,15019.6796875,4550.490234375,15034.419921875,4483.52978515625,14749.490234375,4519.56982421875,14966.599609375,4816830000.0,4671850000.0
2022-02-02,4589.3798828125,15139.740234375,4595.31005859375,15196.400390625,4544.31982421875,14960.849609375,4566.39013671875,15173.0302734375,4481580000.0,4673140000.0
2022-02-03,4477.43994140625,14501.1103515625,4542.8798828125,14856.509765625,4470.39013671875,14471.2001953125,4535.41015625,14693.849609375,4401970000.0,4326300000.0
2022-02-04,4500.52978515625,14694.349609375,4539.66015625,14832.0498046875,4451.5,14452.2802734375,4482.7900390625,14566.2802734375,4706290000.0,4121340000.0
2022-02-07,4483.8701171875,14571.25,4521.85986328125,14813.8603515625,4471.47021484375,14524.6298828125,4505.75,14716.4296875,4228480000.0,4268730000.0
2022-02-08,4521.5400390625,14747.0302734375,4531.31982421875,14785.2197265625,4465.39990234375,14485.7802734375,4480.02001953125,14533.25,4459620000.0,4293770000.0
2022-02-09,4587.18017578125,15056.9599609375,4590.02978515625,15057.900390625,4547.0,14870.3603515625,4547.0,14930.990234375,4524350000.0,4729730000.0
2022-02-10,4504.080078125,14705.6396484375,4588.919921875,15037.259765625,4484.31005859375,14636.6201171875,4553.240234375,14770.6796875,5314860000.0,5212510000.0
2022-02-11,4418.64013671875,14253.83984375,4526.330078125,14769.6396484375,4401.41015625,14194.5400390625,4506.27001953125,14739.4599609375,5251500000.0,5237320000.0
2022-02-14,4401.669921875,14268.58984375,4426.22021484375,14400.7802734375,4364.83984375,14119.73046875,4412.60986328125,14233.400390625,4600390000.0,4347350000.0
2022-02-15,4471.06982421875,14620.8203125,4472.77001953125,14624.5302734375,4429.27978515625,14444.4599609375,4429.27978515625,14482.1103515625,4430830000.0,4416840000.0
2022-02-16,4475.009765625,14603.6396484375,4489.5498046875,14647.7900390625,4429.68017578125,14399.2900390625,4455.75,14514.83984375,4283640000.0,4238560000.0
2022-02-17,4380.259765625,14171.740234375,4456.06005859375,14497.4599609375,4373.81005859375,14155.4296875,4456.06005859375,14485.080078125,4539420000.0,4278370000.0
2022-02-18,4348.8701171875,14009.5400390625,4394.60009765625,14225.7197265625,4327.22021484375,13918.759765625,4384.56982421875,14207.5498046875,4708060000.0,4501940000.0
2022-02-22,4304.759765625,13870.5302734375,4362.1201171875,14109.259765625,4267.10986328125,13720.919921875,4332.740234375,13892.8095703125,5121900000.0,4849170000.0
2022-02-23,4225.5,13509.4296875,4341.509765625,14035.9296875,4221.509765625,13502.580078125,4324.93017578125,14016.9404296875,4797430000.0,4639330000.0
2022-02-24,4288.7001953125,13974.669921875,4294.72998046875,13989.099609375,4114.64990234375,13065.4404296875,4155.77001953125,13065.4404296875,6752130000.0,6180200000.0
2022-02-25,4384.64990234375,14189.16015625,4385.33984375,14193.0,4286.830078125,13850.2900390625,4298.3798828125,13973.900390625,5177060000.0,4628720000.0
2022-02-28,4373.93994140625,14237.8095703125,4388.83984375,14296.599609375,4315.1201171875,14009.3603515625,4354.169921875,14058.6103515625,6071370000.0,5928130000.0
2022-03-01,4306.259765625,14005.990234375,4378.4501953125,14271.580078125,4279.5400390625,13906.919921875,4363.14013671875,14197.66015625,5846230000.0,6131350000.0
2022-03-02,4386.5400390625,14243.6904296875,4401.47998046875,14292.7197265625,4322.56005859375,13962.6904296875,4322.56005859375,14075.1103515625,5337870000.0,5246390000.0
2022-03-03,4363.490234375,14035.2099609375,4416.77978515625,14342.5595703125,4345.56005859375,13965.1103515625,4401.31005859375,14339.7001953125,5039890000.0,5092580000.0
2022-03-04,4328.8701171875,13837.830078125,4342.1201171875,13992.9697265625,4284.97998046875,13738.6103515625,4342.1201171875,13957.599609375,5797380000.0,5343900000.0
2022-03-07,4201.08984375,13319.3798828125,4327.009765625,13879.099609375,4199.85009765625,13314.4404296875,4327.009765625,13853.5302734375,6940470000.0,6195370000.0
2022-03-08,4170.7001953125,13267.6103515625,4276.93994140625,13663.26953125,4157.8701171875,13129.400390625,4202.66015625,13275.23046875,7243120000.0,6683960000.0
2022-03-09,4277.8798828125,13742.2001953125,4299.39990234375,13793.1103515625,4223.10009765625,13504.48046875,4223.10009765625,13610.48046875,5662670000.0,5396550000.0
2022-03-10,4259.52001953125,13591.0,4268.27978515625,13633.6904296875,4209.7998046875,13399.4599609375,4252.5498046875,13577.83984375,4980830000.0,5071250000.0
2022-03-11,4204.31005859375,13301.830078125,4291.009765625,13714.4404296875,4200.490234375,13285.1904296875,4279.5,13701.7998046875,4938640000.0,5288210000.0
2022-03-14,4173.10986328125,13046.6396484375,4247.56982421875,13386.669921875,4161.72021484375,13020.400390625,4202.75,13248.08984375,5574920000.0,5876710000.0
2022-03-15,4262.4501953125,13458.5595703125,4271.0498046875,13488.1796875,4187.89990234375,13092.4501953125,4188.81982421875,13174.9697265625,5392470000.0,5440100000.0
2022-03-16,4357.85986328125,13956.7900390625,4358.89990234375,13960.25,4251.990234375,13475.08984375,4288.14013671875,13633.1201171875,6309750000.0,6552210000.0
2022-03-17,4411.669921875,14118.599609375,4412.669921875,14125.669921875,4335.64990234375,13827.33984375,4345.10986328125,13878.990234375,4985090000.0,5612090000.0
2022-03-18,4463.1201171875,14420.080078125,4465.39990234375,14427.4697265625,4390.56982421875,14014.4296875,4407.33984375,14061.2900390625,8278430000.0,8149290000.0
2022-03-21,4461.18017578125,14376.08984375,4481.75,14470.6796875,4424.2998046875,14190.5302734375,4462.39990234375,14377.150390625,4869820000.0,5673940000.0
2022-03-22,4511.60986328125,14654.330078125,4522.0,14688.9697265625,4469.10009765625,14385.5498046875,4469.10009765625,14396.0302734375,4754840000.0,5445100000.0
2022-03-23,4456.240234375,14447.5498046875,4501.06982421875,14681.330078125,4455.81005859375,14446.0400390625,4493.10009765625,14525.2197265625,4550670000.0,5024230000.0
2022-03-24,4520.16015625,14765.6904296875,4520.580078125,14767.73046875,4465.169921875,14440.669921875,4469.97998046875,14529.7197265625,4131390000.0,5149520000.0
2022-03-25,4543.06005859375,14754.3095703125,4546.02978515625,14805.8798828125,4501.06982421875,14577.58984375,4522.91015625,14766.900390625,4305020000.0,5585100000.0
2022-03-28,4575.52001953125,14987.400390625,4575.64990234375,14989.080078125,4517.68994140625,14705.919921875,4541.08984375,14763.16015625,4312260000.0,5129500000.0
2022-03-29,4631.60009765625,15239.3203125,4637.2998046875,15265.419921875,4589.66015625,15039.6103515625,4602.85986328125,15142.9296875,5085910000.0,6060890000.0
2022-03-30,4602.4501953125,15071.5498046875,4627.77001953125,15229.009765625,4581.31982421875,15010.33984375,4624.2001953125,15177.150390625,4385570000.0,5479200000.0
2022-03-31,4530.41015625,14838.490234375,4603.06982421875,15088.3798828125,4530.41015625,14835.16015625,4599.02001953125,15074.23046875,4823020000.0,5453890000.0
2022-04-01,4545.85986328125,14861.2099609375,4548.7001953125,14925.9296875,4507.56982421875,14723.830078125,4540.31982421875,14886.91015625,4562940000.0,5002790000.0
2022-04-04,4582.64013671875,15159.580078125,4583.5,15161.8896484375,4539.2099609375,14884.5703125,4547.97021484375,14903.3798828125,4547350000.0,4630100000.0
2022-04-05,4525.1201171875,14820.6396484375,4593.4501953125,15120.669921875,4514.169921875,14782.5703125,4572.4501953125,15109.26953125,4800620000.0,4727710000.0
2022-04-06,4481.14990234375,14498.8896484375,4503.93994140625,14639.349609375,4450.0400390625,14395.400390625,4494.169921875,14600.2998046875,4986830000.0,5360420000.0
2022-04-07,4500.2099609375,14531.8095703125,4521.16015625,14624.240234375,4450.2998046875,14315.6904296875,4474.64990234375,14469.5,4821490000.0,4856090000.0
2022-04-08,4488.27978515625,14327.259765625,4520.41015625,14490.1904296875,4474.60009765625,14307.6796875,4494.14990234375,14450.5302734375,4083200000.0,4574080000.0
2022-04-11,4412.52978515625,13990.2099609375,4464.35009765625,14187.669921875,4408.3798828125,13979.1396484375,4462.64013671875,14149.599609375,4266290000.0,4946680000.0
2022-04-12,4397.4501953125,13940.240234375,4471.0,14264.740234375,4381.33984375,13882.75,4437.58984375,14175.66015625,4152090000.0,4991720000.0
2022-04-13,4446.58984375,14217.2900390625,4453.919921875,14258.8095703125,4392.7001953125,13919.48046875,4394.2998046875,13939.6103515625,3828150000.0,4909720000.0
2022-04-14,4392.58984375,13893.2099609375,4460.4599609375,14235.3896484375,4390.77001953125,13884.8203125,4449.1201171875,14225.4697265625,4083090000.0,4642240000.0
2022-04-18,4391.68994140625,13910.759765625,4410.31005859375,13997.9296875,4370.2998046875,13788.9599609375,4385.6298828125,13859.4697265625,3910490000.0,4365230000.0
2022-04-19,4462.2099609375,14210.259765625,4471.02978515625,14236.509765625,4390.6298828125,13844.740234375,4390.6298828125,13882.75,4108120000.0,4562840000.0
2022-04-20,4459.4501953125,13998.5302734375,4488.2900390625,14263.6103515625,4448.759765625,13962.8603515625,4472.259765625,14246.2001953125,4290450000.0,4678930000.0
2022-04-21,4393.66015625,13720.4501953125,4512.93994140625,14277.2099609375,4384.47021484375,13682.6796875,4489.169921875,14174.919921875,4636890000.0,5233110000.0
2022-04-22,4271.77978515625,13356.8701171875,4385.830078125,13769.400390625,4267.6201171875,13342.7900390625,4385.830078125,13714.6298828125,4651940000.0,4475090000.0
2022-04-25,4296.1201171875,13533.2197265625,4299.02001953125,13541.76953125,4200.81982421875,13239.73046875,4255.33984375,13275.41015625,5240040000.0,4845160000.0
2022-04-26,4175.2001953125,13009.7099609375,4278.14013671875,13447.66015625,4175.0400390625,13009.650390625,4278.14013671875,13447.66015625,4689970000.0,5168160000.0
2022-04-27,4183.9599609375,13003.3603515625,4240.7099609375,13241.9404296875,4162.89990234375,12936.41015625,4186.52001953125,13009.400390625,4769680000.0,4810720000.0
2022-04-28,4287.5,13456.0595703125,4308.4501953125,13542.5595703125,4188.6298828125,13038.169921875,4222.580078125,13254.9599609375,4854180000.0,5067150000.0
2022-04-29,4131.93017578125,12854.7998046875,4269.68017578125,13428.5302734375,4124.27978515625,12835.48046875,4253.75,13274.9404296875,5084030000.0,4733070000.0
2022-05-02,4155.3798828125,13075.849609375,4169.81005859375,13083.5703125,4062.510009765625,12716.6298828125,4130.60986328125,12864.830078125,5163790000.0,4918240000.0
2022-05-03,4175.47998046875,13089.900390625,4200.10009765625,13178.740234375,4147.080078125,12982.7001953125,4159.77978515625,13045.349609375,4582050000.0,4547280000.0
2022-05-04,4300.169921875,13535.7099609375,4307.66015625,13556.669921875,4148.91015625,12887.5302734375,4181.18017578125,13110.2998046875,5136360000.0,5498050000.0
2022-05-05,4146.8701171875,12850.5498046875,4270.43017578125,13344.7900390625,4106.009765625,12710.58984375,4270.43017578125,13344.7900390625,5077030000.0,5308920000.0
2022-05-06,4123.33984375,12693.5302734375,4157.68994140625,12926.580078125,4067.909912109375,12522.76953125,4128.169921875,12776.8603515625,5116940000.0,5324480000.0
2022-05-09,3991.239990234375,12187.7197265625,4081.27001953125,12542.3203125,3975.47998046875,12136.1904296875,4081.27001953125,12465.91015625,5954520000.0,5939140000.0
2022-05-10,4001.050048828125,12345.8603515625,4068.820068359375,12537.8896484375,3958.169921875,12173.4697265625,4035.179931640625,12496.83984375,5885820000.0,6218260000.0
2022-05-11,3935.179931640625,11967.5595703125,4049.090087890625,12470.8896484375,3928.820068359375,11939.08984375,3990.080078125,12240.2099609375,5816140000.0,6152370000.0
2022-05-12,3930.080078125,11945.5,3964.800048828125,12128.73046875,3858.8701171875,11692.1201171875,3903.949951171875,11790.1298828125,6286450000.0,6679470000.0
2022-05-13,4023.889892578125,12387.400390625,4038.8798828125,12429.2802734375,3963.89990234375,12069.1298828125,3963.89990234375,12125.9296875,5183340000.0,5894020000.0
2022-05-16,4008.010009765625,12243.580078125,4046.4599609375,12395.509765625,3983.989990234375,12196.2099609375,4013.02001953125,12297.0703125,4415030000.0,4930250000.0
2022-05-17,4088.85009765625,12564.099609375,4090.719970703125,12572.990234375,4033.929931640625,12333.990234375,4052.0,12496.6298828125,4841410000.0,5093960000.0
2022-05-18,3923.679931640625,11928.3095703125,4051.97998046875,12389.9599609375,3911.909912109375,11887.0,4051.97998046875,12352.919921875,5103220000.0,5064120000.0
2022-05-19,3900.7900390625,11875.6298828125,3945.9599609375,12066.849609375,3876.580078125,11795.7900390625,3899.0,11872.5595703125,5113550000.0,5154410000.0
2022-05-20,3901.360107421875,11835.6201171875,3943.419921875,12044.7001953125,3810.320068359375,11492.2900390625,3927.760009765625,12037.0302734375,5130730000.0,5434370000.0
2022-05-23,3973.75,12034.2802734375,3981.8798828125,12047.8095703125,3909.0400390625,11785.759765625,3919.419921875,11867.080078125,4420030000.0,4552200000.0
2022-05-24,3941.47998046875,11769.83984375,3955.679931640625,11842.8095703125,3875.1298828125,11576.1103515625,3942.93994140625,11807.7802734375,4923190000.0,4724430000.0
2022-05-25,3978.72998046875,11943.9296875,3999.330078125,12028.8896484375,3925.030029296875,11714.26953125,3929.590087890625,11732.4501953125,4802560000.0,4519690000.0
2022-05-26,4057.840087890625,12276.7900390625,4075.139892578125,12337.73046875,3984.60009765625,11901.8701171875,3984.60009765625,11906.830078125,4709970000.0,4672620000.0
2022-05-27,4158.240234375,12681.419921875,4158.490234375,12682.580078125,4077.429931640625,12405.2900390625,4077.429931640625,12421.7998046875,4375620000.0,4793900000.0
2022-05-31,4132.14990234375,12642.099609375,4168.33984375,12762.83984375,4104.8798828125,12482.3203125,4151.08984375,12688.9501953125,6822640000.0,6045500000.0
2022-06-01,4101.22998046875,12548.3603515625,4166.5400390625,12820.4697265625,4073.85009765625,12457.91015625,4149.77978515625,12750.3095703125,4531800000.0,4719900000.0
2022-06-02,4176.81982421875,12892.8896484375,4177.509765625,12897.6298828125,4074.3701171875,12447.76953125,4095.409912109375,12498.6298828125,4405790000.0,4445840000.0
2022-06-03,4108.5400390625,12548.0302734375,4142.669921875,12724.8095703125,4098.669921875,12505.759765625,4137.56982421875,12650.3798828125,3711110000.0,4130040000.0
2022-06-06,4121.43017578125,12599.6298828125,4168.77978515625,12804.4599609375,4109.18017578125,12534.580078125,4134.72021484375,12745.8896484375,4332700000.0,4647010000.0
2022-06-07,4160.68017578125,12711.6796875,4164.85986328125,12737.2998046875,4080.18994140625,12413.5595703125,4096.47021484375,12456.490234375,4248210000.0,4411240000.0
2022-06-08,4115.77001953125,12615.1298828125,4160.14013671875,12776.650390625,4107.2001953125,12578.5498046875,4147.1201171875,12682.8095703125,4159470000.0,4708980000.0
2022-06-09,4017.820068359375,12269.7802734375,4119.10009765625,12666.41015625,4017.169921875,12265.8603515625,4101.64990234375,12543.3701171875,4134170000.0,5408460000.0
2022-06-10,3900.860107421875,11832.8203125,3974.389892578125,12082.6904296875,3900.159912109375,11825.349609375,3974.389892578125,12052.58984375,4889640000.0,5152020000.0
2022-06-13,3749.6298828125,11288.3203125,3838.14990234375,11568.650390625,3734.300048828125,11254.1904296875,3838.14990234375,11472.1904296875,5636890000.0,5937320000.0
2022-06-14,3735.47998046875,11311.6904296875,3778.179931640625,11418.2197265625,3705.679931640625,11205.919921875,3763.52001953125,11385.1796875,5153890000.0,4819890000.0
2022-06-15,3789.989990234375,11593.76953125,3837.56005859375,11751.2900390625,3722.300048828125,11346.5400390625,3764.050048828125,11468.1298828125,5530480000.0,5368500000.0
2022-06-16,3666.77001953125,11127.5703125,3728.179931640625,11311.0498046875,3639.77001953125,11037.2099609375,3728.179931640625,11286.8701171875,5644930000.0,5696630000.0
2022-06-17,3674.840087890625,11265.990234375,3707.7099609375,11357.9697265625,3636.8701171875,11089.9296875,3665.89990234375,11172.650390625,8520740000.0,7452830000.0
2022-06-21,3764.7900390625,11546.759765625,3779.64990234375,11638.4697265625,3715.31005859375,11446.98046875,3715.31005859375,11446.98046875,5292260000.0,5226260000.0
2022-06-22,3759.889892578125,11527.7099609375,3801.7900390625,11708.080078125,3717.68994140625,11423.2001953125,3733.889892578125,11427.740234375,5058990000.0,5238180000.0
2022-06-23,3795.72998046875,11697.6796875,3802.580078125,11729.6201171875,3743.52001953125,11515.48046875,3774.7099609375,11622.08984375,5098640000.0,5258200000.0
2022-06-24,3911.739990234375,12105.849609375,3913.64990234375,12112.8203125,3821.75,11812.1796875,3821.75,11826.9501953125,8120260000.0,9468130000.0
2022-06-27,3900.110107421875,12008.240234375,3927.719970703125,12175.98046875,3889.659912109375,11965.669921875,3920.760009765625,12157.9296875,4325310000.0,5047860000.0
2022-06-28,3821.550048828125,11637.76953125,3945.860107421875,12133.8701171875,3820.139892578125,11633.1298828125,3913.0,12021.33984375,4270120000.0,5433220000.0
2022-06-29,3818.830078125,11658.259765625,3836.5,11710.2099609375,3799.02001953125,11537.7197265625,3825.090087890625,11619.009765625,4211240000.0,5650860000.0
2022-06-30,3785.3798828125,11503.7197265625,3818.989990234375,11650.9599609375,3738.669921875,11322.8603515625,3785.989990234375,11532.3203125,4840070000.0,5654520000.0
2022-07-01,3825.330078125,11585.6796875,3829.820068359375,11592.849609375,3752.10009765625,11378.6298828125,3781.0,11472.6298828125,4046950000.0,4865730000.0
2022-07-05,3831.389892578125,11779.900390625,3832.18994140625,11781.740234375,3742.06005859375,11366.0703125,3792.610107421875,11419.33984375,5076590000.0,5053570000.0
2022-07-06,3845.080078125,11852.58984375,3870.909912109375,11941.3095703125,3809.3701171875,11727.3603515625,3831.97998046875,11807.080078125,4417720000.0,4851170000.0
2022-07-07,3902.6201171875,12109.0498046875,3910.6298828125,12137.7099609375,3858.85009765625,11897.509765625,3858.85009765625,11913.73046875,4057770000.0,4685050000.0
2022-07-08,3899.3798828125,12125.6904296875,3918.5,12179.3203125,3869.340087890625,11956.0302734375,3888.260009765625,11977.9501953125,3521620000.0,4526570000.0
2022-07-11,3854.429931640625,11860.2802734375,3880.93994140625,12026.0595703125,3847.219970703125,11830.8896484375,3880.93994140625,12008.759765625,3423480000.0,4362910000.0
2022-07-12,3818.800048828125,11744.990234375,3873.409912109375,11990.4404296875,3802.360107421875,11684.01953125,3851.949951171875,11926.83984375,3817210000.0,4317860000.0
2022-07-13,3801.780029296875,11728.5302734375,3829.43994140625,11819.6904296875,3759.070068359375,11498.9599609375,3779.669921875,11523.91015625,4109390000.0,4433060000.0
2022-07-14,3790.3798828125,11768.400390625,3796.409912109375,11801.1103515625,3721.56005859375,11488.26953125,3763.989990234375,11637.1796875,4199690000.0,4481070000.0
2022-07-15,3863.159912109375,11983.6201171875,3863.6201171875,11987.51953125,3817.179931640625,11828.1298828125,3818.0,11896.150390625,4143800000.0,4369060000.0
2022-07-18,3830.85009765625,11877.5,3902.43994140625,12156.08984375,3818.6298828125,11836.51953125,3883.7900390625,12089.6796875,4046870000.0,5057920000.0
2022-07-19,3936.68994140625,12249.419921875,3939.81005859375,12258.3701171875,3860.72998046875,11967.919921875,3860.72998046875,12046.6904296875,4041070000.0,5302740000.0
2022-07-20,3959.89990234375,12439.6796875,3974.1298828125,12488.3896484375,3922.030029296875,12232.2001953125,3935.320068359375,12269.0703125,4185300000.0,5467080000.0
2022-07-21,3998.949951171875,12619.41015625,3999.2900390625,12620.5,3927.639892578125,12351.419921875,3955.469970703125,12466.1298828125,4132790000.0,4680930000.0
2022-07-22,3961.6298828125,12396.4697265625,4012.43994140625,12662.8603515625,3938.860107421875,12322.8203125,3998.429931640625,12575.759765625,3979240000.0,4721880000.0
2022-07-25,3966.840087890625,12328.41015625,3975.300048828125,12415.58984375,3943.4599609375,12244.400390625,3965.719970703125,12391.2099609375,3568340000.0,4346520000.0
2022-07-26,3921.050048828125,12086.900390625,3953.219970703125,12259.009765625,3910.739990234375,12051.2099609375,3953.219970703125,12248.2099609375,3778950000.0,4349760000.0
2022-07-27,4023.610107421875,12601.4697265625,4039.56005859375,12660.76953125,3951.429931640625,12256.9404296875,3951.429931640625,12299.33984375,4112180000.0,4588480000.0
2022-07-28,4072.429931640625,12717.8701171875,4078.949951171875,12741.830078125,3992.969970703125,12433.5498046875,4026.1298828125,12580.6103515625,4413000000.0,4924950000.0
2022-07-29,4130.2900390625,12947.9697265625,4140.14990234375,12986.6396484375,4079.219970703125,12726.25,4087.330078125,12784.2001953125,4616360000.0,4907410000.0
2022-08-01,4118.6298828125,12940.7802734375,4144.9501953125,13084.6103515625,4096.02001953125,12833.16015625,4112.3798828125,12877.0400390625,4202810000.0,4396390000.0
2022-08-02,4091.18994140625,12901.599609375,4140.47021484375,13073.26953125,4079.81005859375,12809.009765625,4104.2099609375,12853.0400390625,4727710000.0,4792140000.0
2022-08-03,4155.169921875,13253.259765625,4167.66015625,13289.1904296875,4107.9599609375,12974.849609375,4107.9599609375,12983.580078125,4351760000.0,5667990000.0
2022-08-04,4151.93994140625,13311.0400390625,4161.2900390625,13326.7197265625,4135.419921875,13170.4404296875,4154.85009765625,13253.76953125,4283320000.0,5451470000.0
2022-08-05,4145.18994140625,13207.6904296875,4151.580078125,13286.01953125,4107.31005859375,13070.3603515625,4115.8701171875,13107.4501953125,4085940000.0,4911300000.0
2022-08-08,4140.06005859375,13159.16015625,4186.6201171875,13394.5400390625,4128.97021484375,13103.7998046875,4155.93017578125,13227.08984375,4221090000.0,5238600000.0
2022-08-09,4122.47021484375,13008.169921875,4137.2998046875,13095.7001953125,4112.08984375,12945.599609375,4133.10986328125,13064.240234375,3913090000.0,5307340000.0
2022-08-10,4210.240234375,13378.3203125,4211.02978515625,13386.849609375,4177.259765625,13220.0498046875,4181.02001953125,13330.66015625,4546010000.0,5196210000.0
2022-08-11,4207.27001953125,13291.990234375,4257.91015625,13555.3798828125,4201.41015625,13271.349609375,4227.39990234375,13471.0302734375,4630200000.0,5815960000.0
2022-08-12,4280.14990234375,13565.8701171875,4280.47021484375,13565.8701171875,4219.77978515625,13341.650390625,4225.02001953125,13384.650390625,3788010000.0,4782610000.0
2022-08-15,4297.14013671875,13667.1796875,4301.7900390625,13685.650390625,4256.89990234375,13524.5302734375,4269.3701171875,13529.66015625,3696830000.0,4476040000.0
2022-08-16,4305.2001953125,13635.2099609375,4325.27978515625,13720.91015625,4277.77001953125,13508.4697265625,4290.4599609375,13617.66015625,4329820000.0,5028410000.0
2022-08-17,4274.0400390625,13470.8603515625,4302.18017578125,13591.580078125,4253.080078125,13389.8203125,4280.39990234375,13499.240234375,3885030000.0,5229520000.0
2022-08-18,4283.740234375,13505.990234375,4292.52978515625,13553.2802734375,4261.97998046875,13405.740234375,4273.1298828125,13474.240234375,3340330000.0,4724350000.0
2022-08-19,4228.47998046875,13242.900390625,4266.31005859375,13402.6103515625,4218.7001953125,13210.8203125,4266.31005859375,13370.25,3761340000.0,4628170000.0
2022-08-22,4137.990234375,12890.5400390625,4195.080078125,13073.0703125,4129.85986328125,12859.8203125,4195.080078125,13056.3896484375,3907430000.0,4270980000.0
2022-08-23,4128.72998046875,12881.7900390625,4159.77001953125,13000.7099609375,4124.02978515625,12852.7001953125,4133.08984375,12885.2802734375,3823520000.0,3836180000.0
2022-08-24,4140.77001953125,12917.8603515625,4156.56005859375,12995.1396484375,4119.97021484375,12843.580078125,4126.5498046875,12876.23046875,3583630000.0,3917170000.0
2022-08-25,4199.1201171875,13143.580078125,4200.5400390625,13146.83984375,4147.58984375,12951.6103515625,4153.259765625,12984.740234375,3566870000.0,4323470000.0
2022-08-26,4057.659912109375,12605.169921875,4203.0400390625,13175.25,4057.659912109375,12603.41015625,4198.740234375,13129.91015625,3832750000.0,4530000000.0
2022-08-29,4030.610107421875,12484.3203125,4062.989990234375,12594.33984375,4017.419921875,12440.400390625,4034.580078125,12488.4599609375,3396510000.0,4209850000.0
2022-08-30,3986.159912109375,12342.7001953125,4044.97998046875,12572.8798828125,3965.2099609375,12240.8203125,4041.25,12562.400390625,3835860000.0,4681520000.0
2022-08-31,3955.0,12272.0302734375,4015.3701171875,12502.150390625,3954.530029296875,12268.080078125,4000.669921875,12448.0703125,4542490000.0,4952010000.0
2022-09-01,3966.85009765625,12274.6201171875,3970.22998046875,12290.330078125,3903.64990234375,12012.98046875,3936.72998046875,12158.8798828125,4152250000.0,4792890000.0
2022-09-02,3924.260009765625,12098.4404296875,4018.429931640625,12451.2802734375,3906.2099609375,12035.5302734375,3994.659912109375,12392.4599609375,3665850000.0,4257410000.0
2022-09-06,3908.18994140625,12011.3095703125,3942.550048828125,12152.419921875,3886.75,11928.8095703125,3930.889892578125,12106.5703125,4127340000.0,4622940000.0
2022-09-07,3979.8701171875,12259.3896484375,3987.889892578125,12298.1201171875,3906.030029296875,12026.98046875,3909.429931640625,12038.1796875,3890320000.0,4445640000.0
2022-09-08,4006.179931640625,12321.1904296875,4010.5,12374.1298828125,3944.81005859375,12120.259765625,3959.93994140625,12139.5703125,3966850000.0,4329910000.0
2022-09-09,4067.360107421875,12588.2900390625,4076.81005859375,12610.4296875,4022.93994140625,12424.150390625,4022.93994140625,12424.150390625,3901940000.0,4401590000.0
2022-09-12,4110.41015625,12739.7197265625,4119.27978515625,12752.830078125,4083.669921875,12639.759765625,4083.669921875,12649.23046875,3814200000.0,4146680000.0
2022-09-13,3932.68994140625,12033.6201171875,4037.1201171875,12420.009765625,3921.280029296875,12004.419921875,4037.1201171875,12364.830078125,4224550000.0,5188380000.0
2022-09-14,3946.010009765625,12134.400390625,3961.93994140625,12170.25,3912.179931640625,12016.4296875,3940.72998046875,12092.0302734375,4293240000.0,4861530000.0
2022-09-15,3901.35009765625,11927.490234375,3959.139892578125,12153.33984375,3888.280029296875,11867.8798828125,3932.409912109375,12034.4296875,4441830000.0,4805910000.0
2022-09-16,3873.330078125,11861.3798828125,3880.949951171875,11875.08984375,3837.080078125,11710.259765625,3880.949951171875,11775.9404296875,7954650000.0,7451840000.0
2022-09-19,3899.889892578125,11953.26953125,3900.449951171875,11956.7900390625,3838.5,11752.4296875,3849.909912109375,11753.599609375,3766850000.0,4168670000.0
2022-09-20,3855.929931640625,11851.5400390625,3876.010009765625,11951.1298828125,3827.5400390625,11761.6904296875,3875.22998046875,11855.83984375,4058050000.0,4028100000.0
2022-09-21,3789.929931640625,11637.7900390625,3907.070068359375,12062.51953125,3789.489990234375,11636.25,3871.39990234375,11892.7197265625,4078330000.0,4471000000.0
2022-09-22,3757.989990234375,11501.650390625,3790.89990234375,11617.990234375,3749.449951171875,11448.8603515625,3782.360107421875,11574.3203125,4284600000.0,4916470000.0
2022-09-23,3693.22998046875,11311.240234375,3727.139892578125,11402.41015625,3647.469970703125,11169.66015625,3727.139892578125,11398.75,5144270000.0,5134350000.0
2022-09-26,3655.0400390625,11254.1103515625,3715.669921875,11473.3603515625,3644.760009765625,11235.740234375,3682.719970703125,11283.1396484375,4886140000.0,4697730000.0
2022-09-27,3647.2900390625,11271.75,3717.530029296875,11502.3798828125,3623.2900390625,11175.2900390625,3686.43994140625,11411.33984375,4577740000.0,4445050000.0
2022-09-28,3719.0400390625,11493.830078125,3736.739990234375,11546.8701171875,3640.610107421875,11210.8095703125,3651.93994140625,11258.740234375,4684850000.0,4556100000.0
2022-09-29,3640.469970703125,11164.7802734375,3687.010009765625,11339.91015625,3610.39990234375,11038.9404296875,3687.010009765625,11334.5703125,4681810000.0,4516630000.0
2022-09-30,3585.6201171875,10971.2197265625,3671.43994140625,11296.16015625,3584.1298828125,10966.9501953125,3633.47998046875,11123.1103515625,5645360000.0,4649710000.0
2022-10-03,3678.429931640625,11229.73046875,3698.35009765625,11296.4296875,3604.929931640625,10985.009765625,3609.780029296875,11059.169921875,4806680000.0,4415440000.0
2022-10-04,3790.929931640625,11582.5400390625,3791.919921875,11609.25,3726.4599609375,11462.3701171875,3726.4599609375,11477.849609375,5146580000.0,5004780000.0
2022-10-05,3783.280029296875,11573.1796875,3806.909912109375,11647.6201171875,3722.659912109375,11312.51953125,3753.25,11429.4697265625,4293180000.0,4091860000.0
2022-10-06,3744.52001953125,11485.5,3797.929931640625,11660.5498046875,3739.219970703125,11472.830078125,3771.969970703125,11556.400390625,4252100000.0,4423320000.0
2022-10-07,3639.659912109375,11039.4697265625,3706.739990234375,11293.650390625,3620.72998046875,10991.66015625,3706.739990234375,11272.4599609375,4449660000.0,4634190000.0
2022-10-10,3612.389892578125,10926.9697265625,3652.169921875,11063.2099609375,3588.10009765625,10824.25,3647.510009765625,11048.509765625,3834320000.0,3989640000.0
2022-10-11,3588.840087890625,10791.349609375,3640.659912109375,10981.91015625,3568.449951171875,10716.330078125,3595.860107421875,10865.3203125,4759030000.0,4738840000.0
2022-10-12,3577.030029296875,10785.6201171875,3608.340087890625,10886.490234375,3573.860107421875,10754.849609375,3590.830078125,10810.2998046875,4006830000.0,4091030000.0
2022-10-13,3669.909912109375,11033.580078125,3685.409912109375,11087.66015625,3491.580078125,10440.6396484375,3520.3701171875,10481.580078125,5021680000.0,5300080000.0
2022-10-14,3583.070068359375,10692.0595703125,3712.0,11152.8896484375,3579.679931640625,10677.48046875,3690.409912109375,11130.080078125,4243030000.0,4393000000.0
2022-10-17,3677.949951171875,11062.5302734375,3689.72998046875,11090.8701171875,3638.64990234375,10959.740234375,3638.64990234375,10967.25,4352780000.0,4439190000.0
2022-10-18,3719.97998046875,11147.740234375,3762.7900390625,11374.3798828125,3686.530029296875,11035.7998046875,3746.260009765625,11368.759765625,4483740000.0,5047360000.0
2022-10-19,3695.159912109375,11103.3798828125,3728.580078125,11231.4599609375,3666.510009765625,11008.1103515625,3703.110107421875,11081.8203125,4223800000.0,4955090000.0
2022-10-20,3665.780029296875,11046.7099609375,3736.0,11279.8095703125,3656.43994140625,11001.2802734375,3689.050048828125,11081.2197265625,4496620000.0,4628010000.0
2022-10-21,3752.75,11310.330078125,3757.889892578125,11327.76953125,3647.419921875,10962.009765625,3657.10009765625,10998.169921875,5078020000.0,4706440000.0
2022-10-24,3797.340087890625,11430.259765625,3810.739990234375,11468.1796875,3741.64990234375,11166.490234375,3762.010009765625,11321.1103515625,4747930000.0,4808710000.0
2022-10-25,3859.110107421875,11669.990234375,3862.85009765625,11681.849609375,3799.43994140625,11480.41015625,3799.43994140625,11482.8701171875,4843120000.0,5141760000.0
2022-10-26,3830.60009765625,11405.900390625,3886.14990234375,11657.0595703125,3824.070068359375,11388.33984375,3825.969970703125,11409.7900390625,4817310000.0,5224440000.0
2022-10-27,3807.300048828125,11191.6298828125,3859.949951171875,11417.0400390625,3803.7900390625,11179.900390625,3834.68994140625,11387.7099609375,4687320000.0,4773520000.0
2022-10-28,3901.06005859375,11546.2099609375,3905.419921875,11563.16015625,3808.260009765625,11176.990234375,3808.260009765625,11176.990234375,4459410000.0,4731940000.0
2022-10-31,3871.97998046875,11405.5703125,3893.72998046875,11482.990234375,3863.179931640625,11331.259765625,3881.85009765625,11465.2099609375,4820620000.0,4753740000.0
2022-11-01,3856.10009765625,11288.9501953125,3911.7900390625,11574.3896484375,3843.800048828125,11278.2802734375,3901.7900390625,11571.5302734375,4481210000.0,4677520000.0
2022-11-02,3759.68994140625,10906.33984375,3894.43994140625,11410.91015625,3758.679931640625,10903.48046875,3852.89990234375,11300.26953125,4899000000.0,5436420000.0
2022-11-03,3719.889892578125,10690.599609375,3750.590087890625,10852.1796875,3698.14990234375,10680.830078125,3733.25,10769.4296875,4625290000.0,5102190000.0
2022-11-04,3770.550048828125,10857.0302734375,3796.340087890625,10934.6201171875,3708.840087890625,10632.3896484375,3766.97998046875,10911.98046875,5400180000.0,5453750000.0
2022-11-07,3806.800048828125,10977.0,3813.949951171875,11001.16015625,3764.699951171875,10817.58984375,3780.7099609375,10900.830078125,4341620000.0,4456690000.0
2022-11-08,3828.110107421875,11059.5,3859.39990234375,11191.900390625,3786.280029296875,10897.5302734375,3817.02001953125,11039.580078125,4607640000.0,5134500000.0
2022-11-09,3748.570068359375,10797.5498046875,3818.199951171875,11012.66015625,3744.219970703125,10790.349609375,3810.93994140625,10971.4296875,4645010000.0,4977460000.0
2022-11-10,3956.3701171875,11605.9599609375,3958.330078125,11612.2001953125,3859.889892578125,11235.740234375,3859.889892578125,11350.419921875,5781260000.0,6433000000.0
2022-11-11,3992.929931640625,11817.009765625,4001.47998046875,11840.0703125,3944.820068359375,11535.5595703125,3963.719970703125,11604.3603515625,5593310000.0,5867750000.0
2022-11-14,3957.25,11700.9404296875,4008.969970703125,11863.8203125,3956.39990234375,11669.099609375,3977.969970703125,11728.1103515625,4561930000.0,5004060000.0
2022-11-15,3991.72998046875,11871.150390625,4028.840087890625,12024.9501953125,3953.169921875,11735.400390625,4006.409912109375,12006.4501953125,5015310000.0,5617310000.0
2022-11-16,3958.7900390625,11699.08984375,3983.090087890625,11796.990234375,3954.340087890625,11673.1396484375,3976.820068359375,11767.419921875,4165320000.0,4585190000.0
2022-11-17,3946.56005859375,11676.8603515625,3954.330078125,11737.6103515625,3906.5400390625,11519.3798828125,3919.260009765625,11521.6396484375,4051780000.0,4354360000.0
2022-11-18,3965.340087890625,11677.01953125,3979.889892578125,11794.6796875,3935.97998046875,11579.6396484375,3966.389892578125,11791.849609375,4037360000.0,4175420000.0
2022-11-21,3949.93994140625,11553.4501953125,3962.0,11664.9404296875,3933.340087890625,11524.4404296875,3956.22998046875,11623.349609375,3850690000.0,3977130000.0
2022-11-22,4003.580078125,11724.83984375,4005.8798828125,11731.759765625,3956.8798828125,11503.33984375,3965.510009765625,11590.830078125,3887990000.0,4186360000.0
2022-11-23,4027.260009765625,11838.7197265625,4033.780029296875,11866.419921875,3998.659912109375,11722.009765625,4000.300048828125,11725.080078125,3279720000.0,4431530000.0
2022-11-25,4026.1201171875,11756.0302734375,4034.02001953125,11803.91015625,4020.760009765625,11748.7900390625,4023.340087890625,11777.330078125,1706460000.0,2184080000.0
2022-11-28,3963.93994140625,11587.75,4012.27001953125,11764.830078125,3955.77001953125,11555.259765625,4005.360107421875,11684.0703125,3615430000.0,4271360000.0
2022-11-29,3957.6298828125,11503.4501953125,3976.77001953125,11613.330078125,3937.64990234375,11450.33984375,3964.18994140625,11590.2998046875,3546040000.0,4592830000.0
2022-11-30,4080.110107421875,12030.0595703125,4080.110107421875,12031.33984375,3938.580078125,11481.8896484375,3957.179931640625,11505.740234375,6579360000.0,6653460000.0
2022-12-01,4076.570068359375,12041.8896484375,4100.509765625,12115.33984375,4050.8701171875,11928.66015625,4087.139892578125,12030.240234375,4527130000.0,5158120000.0
2022-12-02,4071.699951171875,11994.259765625,4080.47998046875,12027.6201171875,4026.6298828125,11825.5302734375,4040.169921875,11845.5302734375,4012620000.0,4523010000.0
2022-12-05,3998.840087890625,11786.7998046875,4052.449951171875,11957.3603515625,3984.489990234375,11732.150390625,4052.02001953125,11899.5400390625,4280820000.0,4510030000.0
2022-12-06,3941.260009765625,11549.6904296875,4001.510009765625,11790.9296875,3918.389892578125,11488.599609375,3996.6298828125,11775.2001953125,4368380000.0,4713330000.0
2022-12-07,3933.919921875,11497.3896484375,3957.570068359375,11577.6904296875,3922.679931640625,11431.9599609375,3933.280029296875,11490.990234375,4118050000.0,4343860000.0
2022-12-08,3963.510009765625,11637.5,3974.18994140625,11672.1396484375,3935.830078125,11470.6796875,3947.7900390625,11543.6796875,4006900000.0,4281800000.0
2022-12-09,3934.3798828125,11563.330078125,3977.02001953125,11707.08984375,3933.0400390625,11550.3095703125,3954.169921875,11594.3798828125,3888260000.0,4337440000.0
2022-12-12,3990.56005859375,11706.4404296875,3990.7099609375,11707.7099609375,3935.300048828125,11529.41015625,3939.2900390625,11572.259765625,3904130000.0,4829990000.0
2022-12-13,4019.64990234375,11834.2099609375,4100.9599609375,12166.41015625,3993.030029296875,11724.900390625,4069.3798828125,12141.240234375,5079360000.0,6126890000.0
2022-12-14,3995.320068359375,11740.919921875,4053.760009765625,11941.2802734375,3965.64990234375,11617.41015625,4015.5400390625,11824.5400390625,4472340000.0,5485150000.0
2022-12-15,3895.75,11345.2197265625,3958.3701171875,11591.330078125,3879.449951171875,11300.349609375,3958.3701171875,11573.3798828125,4493900000.0,5536070000.0
2022-12-16,3852.360107421875,11243.7197265625,3890.909912109375,11383.3896484375,3827.909912109375,11175.5400390625,3890.909912109375,11313.6396484375,7493660000.0,7968170000.0
2022-12-19,3817.659912109375,11084.58984375,3854.860107421875,11251.5703125,3800.0400390625,11029.76953125,3853.7900390625,11243.0,3969610000.0,4631820000.0
2022-12-20,3821.6201171875,11072.419921875,3838.239990234375,11143.6201171875,3795.6201171875,10967.0703125,3810.469970703125,11023.4697265625,3985370000.0,4707190000.0
2022-12-21,3878.43994140625,11235.8798828125,3889.820068359375,11285.7802734375,3839.489990234375,11083.3603515625,3839.489990234375,11110.650390625,3775200000.0,4401420000.0
2022-12-22,3822.389892578125,10956.1396484375,3853.260009765625,11114.23046875,3764.489990234375,10784.01953125,3853.260009765625,11099.3603515625,3956950000.0,5125070000.0
2022-12-23,3844.820068359375,10985.4501953125,3845.800048828125,11007.08984375,3797.010009765625,10830.900390625,3815.110107421875,10911.0400390625,2819280000.0,3544680000.0
2022-12-27,3829.25,10822.509765625,3846.64990234375,10957.4404296875,3813.219970703125,10807.6103515625,3843.340087890625,10944.2998046875,3030300000.0,3827290000.0
2022-12-28,3783.219970703125,10679.33984375,3848.320068359375,10898.6396484375,3780.780029296875,10671.1904296875,3829.56005859375,10807.1201171875,3083520000.0,3842970000.0
2022-12-29,3849.280029296875,10951.0498046875,3858.18994140625,10981.0595703125,3805.449951171875,10776.6201171875,3805.449951171875,10800.7998046875,3003680000.0,4154100000.0
2022-12-30,3839.5,10939.759765625,3839.85009765625,10942.900390625,3800.340087890625,10778.6396484375,3829.06005859375,10835.58984375,2979870000.0,3959030000.0
2023-01-03,3824.139892578125,10862.6396484375,3878.4599609375,11093.099609375,3794.330078125,10770.9296875,3853.2900390625,11038.419921875,3959140000.0,4780650000.0
2023-01-04,3852.969970703125,10914.7998046875,3873.159912109375,10981.4599609375,3815.77001953125,10785.5302734375,3840.360107421875,10949.33984375,4414080000.0,5085380000.0
2023-01-05,3808.10009765625,10741.2197265625,3839.739990234375,10842.330078125,3802.419921875,10728.259765625,3839.739990234375,10837.25,3893450000.0,4764270000.0
2023-01-06,3895.080078125,11040.349609375,3906.18994140625,11082.58984375,3809.56005859375,10696.419921875,3823.3701171875,10807.4599609375,3923560000.0,5199780000.0
2023-01-09,3892.090087890625,11108.4501953125,3950.570068359375,11304.83984375,3890.419921875,11085.3203125,3910.820068359375,11133.0703125,4311770000.0,5132190000.0
2023-01-10,3919.25,11205.7802734375,3919.830078125,11207.5595703125,3877.2900390625,11050.6796875,3888.570068359375,11069.0498046875,3851030000.0,4710680000.0
2023-01-11,3969.610107421875,11402.51953125,3970.070068359375,11403.8896484375,3928.5400390625,11220.75,3932.35009765625,11259.16015625,4303360000.0,5284390000.0
2023-01-12,3983.169921875,11459.6103515625,3997.760009765625,11500.8603515625,3937.56005859375,11246.01953125,3977.570068359375,11441.4501953125,4440260000.0,5681240000.0
2023-01-13,3999.090087890625,11541.48046875,4003.949951171875,11547.9599609375,3947.669921875,11347.599609375,3960.60009765625,11362.1298828125,3939700000.0,5077990000.0
2023-01-17,3990.969970703125,11557.1904296875,4015.389892578125,11615.9501953125,3984.570068359375,11484.01953125,3999.280029296875,11531.5400390625,4235560000.0,5138410000.0
2023-01-18,3928.860107421875,11410.2900390625,4014.159912109375,11690.26953125,3926.590087890625,11403.3095703125,4002.25,11636.6103515625,4298710000.0,5288630000.0
2023-01-19,3898.85009765625,11295.669921875,3922.93994140625,11388.4599609375,3885.5400390625,11251.9404296875,3911.840087890625,11345.1904296875,3991500000.0,4660800000.0
2023-01-20,3972.610107421875,11619.0302734375,3972.9599609375,11623.2001953125,3897.860107421875,11329.5400390625,3909.0400390625,11363.849609375,4013360000.0,5980110000.0
2023-01-23,4019.81005859375,11872.5400390625,4039.31005859375,11918.8603515625,3971.639892578125,11617.830078125,3978.139892578125,11652.0,3945210000.0,5997810000.0
2023-01-24,4016.949951171875,11846.6396484375,4023.919921875,11889.3701171875,3989.7900390625,11780.0703125,4001.739990234375,11802.9501953125,3320430000.0,5670860000.0
2023-01-25,4016.219970703125,11814.6904296875,4019.550048828125,11841.8095703125,3949.06005859375,11550.0703125,3982.7099609375,11636.009765625,3724020000.0,5485570000.0
2023-01-26,4060.429931640625,12051.48046875,4061.570068359375,12055.8095703125,4013.2900390625,11853.3701171875,4036.080078125,11972.5703125,3809590000.0,5732890000.0
2023-01-27,4070.56005859375,12166.599609375,4094.2099609375,12248.150390625,4048.699951171875,11999.8701171875,4053.719970703125,12000.2099609375,3907760000.0,6243800000.0
2023-01-30,4017.77001953125,11912.3896484375,4063.85009765625,12087.6796875,4015.550048828125,11906.1103515625,4049.27001953125,12047.16015625,3802000000.0,5122320000.0
2023-01-31,4076.60009765625,12101.9296875,4077.159912109375,12104.1298828125,4020.43994140625,11915.9404296875,4020.85009765625,11915.9404296875,4679320000.0,5695150000.0
2023-02-01,4119.2099609375,12363.099609375,4148.9501953125,12458.8701171875,4037.199951171875,12010.73046875,4070.070068359375,12087.919921875,4856930000.0,6336040000.0
2023-02-02,4179.759765625,12803.1396484375,4195.43994140625,12880.98046875,4141.8798828125,12600.759765625,4158.68017578125,12655.1796875,5624360000.0,7038210000.0
2023-02-03,4136.47998046875,12573.3603515625,4182.35986328125,12828.7099609375,4123.35986328125,12520.9501953125,4136.68994140625,12520.9501953125,4694510000.0,5954490000.0
2023-02-06,4111.080078125,12464.509765625,4124.6298828125,12558.8701171875,4093.3798828125,12411.8798828125,4119.56982421875,12468.7998046875,4114240000.0,5538350000.0
2023-02-07,4164.0,12728.26953125,4176.5400390625,12771.58984375,4088.389892578125,12419.7099609375,4105.35009765625,12474.9501953125,4355860000.0,5720240000.0
2023-02-08,4117.85986328125,12495.3798828125,4156.85009765625,12709.4501953125,4111.669921875,12471.1201171875,4153.47021484375,12680.0302734375,4029820000.0,5052870000.0
2023-02-09,4081.5,12381.169921875,4156.22998046875,12679.5400390625,4069.669921875,12327.4404296875,4144.25,12677.5400390625,4270200000.0,5536290000.0
2023-02-10,4090.4599609375,12304.919921875,4094.360107421875,12375.7197265625,4060.7900390625,12204.2099609375,4068.919921875,12306.58984375,3891520000.0,4885030000.0
2023-02-13,4137.2900390625,12502.3095703125,4138.89990234375,12522.7802734375,4092.669921875,12313.4501953125,4096.6201171875,12356.5,3448620000.0,4752880000.0
2023-02-14,4136.1298828125,12590.8896484375,4159.77001953125,12627.400390625,4095.010009765625,12356.3203125,4126.7001953125,12413.099609375,3929200000.0,5032430000.0
2023-02-15,4147.60009765625,12687.8896484375,4148.10986328125,12689.33984375,4103.97998046875,12486.419921875,4119.5,12531.599609375,4075980000.0,5056640000.0
2023-02-16,4090.409912109375,12442.48046875,4136.5400390625,12653.400390625,4089.489990234375,12440.0,4114.75,12495.0703125,4143660000.0,5159410000.0
2023-02-17,4079.090087890625,12358.1796875,4081.510009765625,12385.51953125,4047.949951171875,12233.7900390625,4077.389892578125,12352.2998046875,4045480000.0,4925230000.0
2023-02-21,3997.340087890625,12060.2998046875,4052.35009765625,12257.0595703125,3995.18994140625,12058.23046875,4052.35009765625,12205.2099609375,4121590000.0,5002540000.0
2023-02-22,3991.050048828125,12066.26953125,4017.3701171875,12156.2099609375,3976.89990234375,12006.0400390625,4001.830078125,12085.669921875,4079320000.0,4671270000.0
2023-02-23,4012.320068359375,12180.1396484375,4028.300048828125,12227.400390625,3969.18994140625,12003.3095703125,4018.60009765625,12224.4404296875,3952940000.0,4714580000.0
2023-02-24,3970.0400390625,11969.650390625,3978.25,12018.3203125,3943.080078125,11900.83984375,3973.239990234375,11979.7998046875,3877700000.0,4432650000.0
2023-02-27,3982.239990234375,12057.7900390625,4018.050048828125,12159.6396484375,3973.550048828125,12034.6103515625,3992.360107421875,12106.7900390625,3836950000.0,4494000000.0
2023-02-28,3970.14990234375,12042.1201171875,3997.5,12146.51953125,3968.97998046875,12021.3203125,3977.18994140625,12041.75,5043400000.0,5340950000.0
2023-03-01,3951.389892578125,11938.5703125,3971.72998046875,12054.48046875,3939.050048828125,11906.580078125,3963.340087890625,12026.7197265625,4249480000.0,4927530000.0
2023-03-02,3981.35009765625,12044.8701171875,3990.840087890625,12074.58984375,3928.159912109375,11830.08984375,3938.679931640625,11830.08984375,4244900000.0,5313760000.0
2023-03-03,4045.639892578125,12290.8095703125,4048.2900390625,12300.4599609375,3995.169921875,12095.240234375,3998.02001953125,12110.7099609375,4084730000.0,5102210000.0
2023-03-06,4048.419921875,12302.48046875,4078.489990234375,12466.8798828125,4044.610107421875,12297.5703125,4055.14990234375,12344.650390625,4000870000.0,4982880000.0
2023-03-07,3986.3701171875,12152.169921875,4050.0,12344.0400390625,3980.31005859375,12130.009765625,4048.260009765625,12303.1904296875,3922500000.0,5422820000.0
2023-03-08,3992.010009765625,12215.330078125,4000.409912109375,12237.7197265625,3969.760009765625,12102.2802734375,3987.550048828125,12181.0595703125,3535570000.0,5085970000.0
2023-03-09,3918.320068359375,11995.8798828125,4017.81005859375,12340.4501953125,3908.699951171875,11970.33984375,3998.659912109375,12230.83984375,4445260000.0,5061790000.0
2023-03-10,3861.590087890625,11830.2802734375,3934.050048828125,12069.6201171875,3846.320068359375,11789.8603515625,3912.77001953125,12001.7001953125,5518190000.0,6193500000.0
2023-03-13,3855.760009765625,11923.169921875,3905.050048828125,12073.9599609375,3808.860107421875,11695.41015625,3835.1201171875,11752.099609375,6558020000.0,6201490000.0
2023-03-14,3919.2900390625,12199.7900390625,3937.2900390625,12217.8701171875,3873.6298828125,12035.2197265625,3894.010009765625,12078.4599609375,5665870000.0,5533120000.0
2023-03-15,3891.929931640625,12251.3203125,3894.260009765625,12269.4501953125,3838.239990234375,12026.1796875,3876.739990234375,12083.240234375,6594010000.0,5912430000.0
2023-03-16,3960.280029296875,12581.3896484375,3964.4599609375,12595.6904296875,3864.110107421875,12190.650390625,3878.929931640625,12211.8701171875,5695790000.0,5498920000.0
2023-03-17,3916.639892578125,12519.8798828125,3958.909912109375,12674.33984375,3901.27001953125,12444.080078125,3958.68994140625,12570.16015625,9354280000.0,7903090000.0
2023-03-20,3951.570068359375,12562.6103515625,3956.6201171875,12578.349609375,3916.889892578125,12407.8203125,3917.469970703125,12487.7900390625,5347140000.0,4970630000.0
2023-03-21,4002.8701171875,12741.4404296875,4009.080078125,12762.4501953125,3971.18994140625,12582.759765625,3975.889892578125,12643.349609375,4920240000.0,4829870000.0
2023-03-22,3936.969970703125,12567.150390625,4039.489990234375,12943.6201171875,3936.169921875,12563.7802734375,4002.0400390625,12742.41015625,4533010000.0,4981590000.0
2023-03-23,3948.719970703125,12729.23046875,4007.659912109375,12900.099609375,3919.050048828125,12611.669921875,3959.2099609375,12735.599609375,4991600000.0,4917460000.0
2023-03-24,3970.989990234375,12767.0498046875,3972.739990234375,12770.2802734375,3909.159912109375,12608.150390625,3939.2099609375,12700.509765625,4583970000.0,4363650000.0
2023-03-27,3977.530029296875,12673.0703125,4003.830078125,12839.419921875,3970.489990234375,12647.9404296875,3982.929931640625,12797.900390625,4233540000.0,4330320000.0
2023-03-28,3971.27001953125,12610.5703125,3979.199951171875,12654.91015625,3951.530029296875,12517.8701171875,3974.1298828125,12654.91015625,4014600000.0,4036910000.0
2023-03-29,4027.81005859375,12846.0302734375,4030.590087890625,12867.3203125,3999.530029296875,12734.6796875,3999.530029296875,12768.1396484375,4145250000.0,4493540000.0
2023-03-30,4050.830078125,12963.1396484375,4057.85009765625,12987.9697265625,4032.10009765625,12894.1396484375,4046.739990234375,12934.990234375,3930860000.0,4738880000.0
2023-03-31,4109.31005859375,13181.349609375,4110.75,13188.830078125,4056.179931640625,12968.0,4056.179931640625,12968.9599609375,4525120000.0,5521150000.0
2023-04-03,4124.509765625,13148.349609375,4127.66015625,13157.4697265625,4098.7900390625,13036.5498046875,4102.2001953125,13084.099609375,4234700000.0,4816440000.0
2023-04-04,4100.60009765625,13100.080078125,4133.1298828125,13204.080078125,4086.8701171875,13049.98046875,4128.02978515625,13165.3203125,4227800000.0,4298760000.0
2023-04-05,4090.3798828125,12967.2001953125,4099.68994140625,13065.2802734375,4072.56005859375,12894.4404296875,4094.5,13056.7900390625,3968020000.0,4378590000.0
2023-04-06,4105.02001953125,13062.599609375,4107.31982421875,13078.099609375,4069.840087890625,12846.0302734375,4081.14990234375,12892.900390625,3486690000.0,3862800000.0
2023-04-10,4109.10986328125,13051.23046875,4109.5,13051.849609375,4072.550048828125,12861.51953125,4085.199951171875,12936.51953125,3423650000.0,4334070000.0
2023-04-11,4108.93994140625,12964.150390625,4124.259765625,13049.5595703125,4102.60986328125,12947.66015625,4110.2900390625,13040.490234375,3665830000.0,4676960000.0
2023-04-12,4091.949951171875,12848.349609375,4134.3701171875,13071.98046875,4086.93994140625,12833.3095703125,4121.72021484375,13043.9697265625,3633120000.0,4909770000.0
2023-04-13,4146.22021484375,13109.3896484375,4150.259765625,13124.41015625,4099.39990234375,12920.01953125,4100.0400390625,12922.900390625,3596590000.0,4942990000.0
2023-04-14,4137.64013671875,13079.51953125,4163.18994140625,13152.2802734375,4113.2001953125,12962.509765625,4140.10986328125,13044.6904296875,3575690000.0,4655740000.0
2023-04-17,4151.31982421875,13087.7099609375,4151.72021484375,13105.6796875,4123.18017578125,12981.259765625,4137.169921875,13053.259765625,3611180000.0,4823180000.0
2023-04-18,4154.8701171875,13091.7900390625,4169.47998046875,13196.1796875,4140.35986328125,13044.2099609375,4164.259765625,13180.3095703125,3536640000.0,4851810000.0
2023-04-19,4154.52001953125,13088.7099609375,4162.56982421875,13128.25,4134.490234375,12988.2001953125,4139.330078125,12992.509765625,3572560000.0,4972700000.0
2023-04-20,4129.7900390625,12985.98046875,4148.56982421875,13107.919921875,4114.56982421875,12933.7998046875,4130.47998046875,12962.2900390625,3772080000.0,4590530000.0
2023-04-21,4133.52001953125,13000.76953125,4138.02001953125,13030.849609375,4113.85986328125,12899.6396484375,4132.14013671875,12970.3203125,3611750000.0,4868050000.0
2023-04-24,4137.0400390625,12969.759765625,4142.41015625,13044.2197265625,4117.77001953125,12883.76953125,4132.06982421875,12981.7099609375,3290940000.0,4854050000.0
2023-04-25,4071.6298828125,12725.1103515625,4126.43017578125,12933.2802734375,4071.3798828125,12724.240234375,4126.43017578125,12905.08984375,3978640000.0,4806020000.0
2023-04-26,4055.989990234375,12806.48046875,4089.669921875,12929.6201171875,4049.35009765625,12783.419921875,4087.780029296875,12866.6396484375,3837030000.0,5281970000.0
2023-04-27,4135.35009765625,13160.0302734375,4138.240234375,13175.6201171875,4075.2900390625,12938.5,4075.2900390625,12963.2099609375,3750550000.0,5253710000.0
2023-04-28,4169.47998046875,13245.990234375,4170.06005859375,13247.3896484375,4127.18017578125,13096.9404296875,4129.6298828125,13139.349609375,4087800000.0,5331380000.0
2023-05-01,4167.8701171875,13231.4697265625,4186.919921875,13287.4697265625,4164.1201171875,13186.400390625,4166.7900390625,13229.1103515625,3321370000.0,5168430000.0
2023-05-02,4119.580078125,13113.66015625,4164.10009765625,13241.5302734375,4089.719970703125,13046.7900390625,4164.10009765625,13225.48046875,4486130000.0,5501410000.0
2023-05-03,4090.75,13030.2099609375,4148.2998046875,13231.7099609375,4088.860107421875,13026.0400390625,4122.25,13123.099609375,4246510000.0,5782160000.0
2023-05-04,4061.219970703125,12982.48046875,4082.610107421875,13064.01953125,4048.280029296875,12938.4501953125,4082.550048828125,13014.0703125,4920090000.0,4745780000.0
2023-05-05,4136.25,13259.1298828125,4147.02001953125,13291.1103515625,4084.72998046875,13059.91015625,4084.72998046875,13070.7001953125,4186270000.0,4574790000.0
2023-05-08,4138.1201171875,13291.6396484375,4142.2998046875,13302.4296875,4123.81005859375,13193.080078125,4136.97998046875,13247.08984375,3641640000.0,4216360000.0
2023-05-09,4119.169921875,13201.1103515625,4130.35009765625,13254.8095703125,4116.64990234375,13193.8798828125,4124.25,13228.6396484375,3810140000.0,4126780000.0
2023-05-10,4137.64013671875,13347.830078125,4154.27978515625,13384.419921875,4098.919921875,13204.7900390625,4143.740234375,13308.41015625,4057160000.0,4948260000.0
2023-05-11,4130.6201171875,13389.7802734375,4132.7998046875,13411.7001953125,4109.2900390625,13306.080078125,4132.240234375,13376.849609375,3752900000.0,4489490000.0
2023-05-12,4124.080078125,13340.1796875,4143.740234375,13427.419921875,4099.1201171875,13256.5595703125,4138.5400390625,13407.01953125,3533740000.0,4170000000.0
2023-05-15,4136.27978515625,13413.509765625,4141.25,13419.8095703125,4110.27001953125,13297.849609375,4126.64990234375,13352.259765625,3562170000.0,3979290000.0
2023-05-16,4109.89990234375,13426.009765625,4135.5400390625,13498.4404296875,4109.85986328125,13384.76953125,4127.9501953125,13385.3701171875,3654200000.0,4067510000.0
2023-05-17,4158.77001953125,13589.259765625,4164.669921875,13608.330078125,4113.6201171875,13419.349609375,4122.85009765625,13474.51953125,4039080000.0,4501820000.0
2023-05-18,4198.0498046875,13834.6201171875,4202.2001953125,13844.759765625,4153.5,13606.8095703125,4157.68017578125,13608.9501953125,3980500000.0,4532890000.0
2023-05-19,4191.97998046875,13803.490234375,4212.91015625,13874.419921875,4180.2001953125,13763.900390625,4204.14990234375,13842.6904296875,4041900000.0,3935780000.0
2023-05-22,4192.6298828125,13849.740234375,4209.22021484375,13893.7099609375,4179.68017578125,13792.9697265625,4190.77978515625,13805.330078125,3728520000.0,4278920000.0
2023-05-23,4145.580078125,13672.5400390625,4185.68017578125,13827.099609375,4142.5400390625,13662.91015625,4176.7998046875,13773.6796875,4155320000.0,4347440000.0
2023-05-24,4115.240234375,13604.48046875,4132.9599609375,13655.73046875,4103.97998046875,13520.919921875,4132.9599609375,13589.01953125,0.0,4088270000.0
2023-05-25,4151.27978515625,13938.5302734375,4165.740234375,13986.8701171875,4129.72998046875,13812.1796875,4155.7099609375,13920.8896484375,4147760000.0,4651640000.0
2023-05-26,4205.4501953125,14298.41015625,4212.8701171875,14329.490234375,4156.16015625,13982.16015625,4156.16015625,13990.5498046875,3715460000.0,4434070000.0
2023-05-30,4205.52001953125,14354.990234375,4231.10009765625,14520.169921875,4192.18017578125,14301.080078125,4226.7099609375,14465.58984375,4228510000.0,4843470000.0
2023-05-31,4179.830078125,14254.08984375,4195.43994140625,14375.3798828125,4166.14990234375,14216.16015625,4190.740234375,14293.5595703125,5980670000.0,5905760000.0
2023-06-01,4221.02001953125,14441.509765625,4232.43017578125,14493.3095703125,4171.64013671875,14219.9404296875,4183.02978515625,14269.08984375,4391860000.0,4610310000.0
2023-06-02,4282.3701171875,14546.6396484375,4290.669921875,14595.8095703125,4241.009765625,14442.150390625,4241.009765625,14517.080078125,4454200000.0,4426760000.0
2023-06-05,4273.7900390625,14556.5,4299.27978515625,14662.9501953125,4266.81982421875,14516.8798828125,4282.990234375,14550.1298828125,3813290000.0,4344280000.0
2023-06-06,4283.85009765625,14558.08984375,4288.330078125,14593.5,4263.08984375,14476.990234375,4271.33984375,14526.099609375,3996560000.0,4810910000.0
2023-06-07,4267.52001953125,14303.2900390625,4299.18994140625,14647.91015625,4263.9599609375,14283.8798828125,4285.47021484375,14573.26953125,4537800000.0,5270600000.0
2023-06-08,4293.93017578125,14484.5400390625,4298.009765625,14503.3095703125,4261.06982421875,14314.6904296875,4268.68994140625,14319.240234375,3826740000.0,4280160000.0
2023-06-09,4298.85986328125,14528.3603515625,4322.6201171875,14672.849609375,4291.7001953125,14487.48046875,4304.8798828125,14574.240234375,3786510000.0,4412710000.0
2023-06-12,4338.93017578125,14784.2998046875,4340.1298828125,14789.599609375,4304.3701171875,14571.3603515625,4308.31982421875,14617.349609375,3945670000.0,4722680000.0
2023-06-13,4369.009765625,14900.849609375,4375.3701171875,14931.830078125,4349.31005859375,14770.1396484375,4352.60986328125,14911.259765625,4275400000.0,5522100000.0
2023-06-14,4372.58984375,15005.6904296875,4391.81982421875,15017.099609375,4337.85009765625,14784.6201171875,4366.2900390625,14894.099609375,4252110000.0,5772550000.0
2023-06-15,4425.83984375,15185.48046875,4439.2001953125,15246.6201171875,4362.60009765625,14930.1201171875,4365.330078125,14949.7001953125,4176690000.0,5667520000.0
2023-06-16,4409.58984375,15083.919921875,4448.47021484375,15284.650390625,4407.43994140625,15073.4501953125,4440.9501953125,15272.650390625,6848600000.0,8076530000.0
2023-06-20,4388.7099609375,15070.150390625,4400.14990234375,15127.419921875,4367.18994140625,14946.7197265625,4396.10986328125,15036.48046875,4055790000.0,5237710000.0
2023-06-21,4365.68994140625,14867.4501953125,4386.22021484375,15038.900390625,4360.14013671875,14826.01953125,4380.009765625,15019.009765625,3709330000.0,5194640000.0
2023-06-22,4381.89013671875,15042.3203125,4382.25,15044.2197265625,4351.81982421875,14794.9501953125,4355.39990234375,14797.8896484375,3511000000.0,4499550000.0
2023-06-23,4348.330078125,14891.48046875,4366.5498046875,14983.73046875,4341.33984375,14821.8095703125,4354.169921875,14879.23046875,6053620000.0,7734500000.0
2023-06-26,4328.81982421875,14689.01953125,4362.06005859375,14982.8203125,4328.080078125,14687.01953125,4344.83984375,14866.66015625,3415030000.0,4430600000.0
2023-06-27,4378.41015625,14945.91015625,4384.419921875,14972.3095703125,4335.0,14726.75,4337.35986328125,14751.5703125,3573500000.0,5053660000.0
2023-06-28,4376.85986328125,14964.5703125,4390.35009765625,15051.080078125,4360.22021484375,14865.8095703125,4367.47998046875,14876.25,3739330000.0,4533270000.0
2023-06-29,4396.43994140625,14939.9501953125,4398.39013671875,14986.8896484375,4371.97021484375,14876.9404296875,4374.93994140625,14965.5498046875,3696660000.0,4388140000.0
2023-06-30,4450.3798828125,15179.2099609375,4458.47998046875,15213.75,4422.43994140625,15081.5703125,4422.43994140625,15085.240234375,3923450000.0,4661120000.0
2023-07-03,4455.58984375,15208.6904296875,4456.4599609375,15232.9599609375,4442.2900390625,15153.599609375,4450.47998046875,15190.5400390625,2034280000.0,2902300000.0
2023-07-05,4446.81982421875,15203.7802734375,4454.06005859375,15275.1796875,4436.60986328125,15162.66015625,4442.0400390625,15165.3603515625,3482620000.0,5339340000.0
2023-07-06,4411.58984375,15089.4501953125,4422.6201171875,15106.4501953125,4385.0498046875,14969.1396484375,4422.6201171875,15054.099609375,3682020000.0,6113080000.0
2023-07-07,4398.9501953125,15036.849609375,4440.39013671875,15210.6298828125,4397.39990234375,15032.5595703125,4404.5400390625,15070.5,3630480000.0,5098120000.0
2023-07-10,4409.52978515625,15045.6396484375,4412.60009765625,15066.4404296875,4389.919921875,14924.6396484375,4394.22998046875,15031.9501953125,3429600000.0,5275390000.0
2023-07-11,4439.259765625,15119.0595703125,4443.64013671875,15135.2900390625,4408.4599609375,14974.16015625,4415.5498046875,15068.1298828125,3624220000.0,4840950000.0
2023-07-12,4472.16015625,15307.23046875,4488.33984375,15364.08984375,4463.22998046875,15209.7099609375,4467.68994140625,15279.349609375,3920290000.0,5230620000.0
2023-07-13,4510.0400390625,15571.98046875,4517.3798828125,15602.740234375,4489.35986328125,15420.7099609375,4491.5,15432.48046875,3839530000.0,5183560000.0
2023-07-14,4505.419921875,15565.599609375,4527.759765625,15720.0595703125,4499.56005859375,15531.0,4514.60986328125,15610.0,3647450000.0,5366890000.0
2023-07-17,4522.7900390625,15713.2802734375,4532.85009765625,15745.669921875,4504.89990234375,15576.509765625,4508.85986328125,15608.2802734375,3538240000.0,4593160000.0
2023-07-18,4554.97998046875,15841.349609375,4562.2998046875,15895.6796875,4514.58984375,15607.7099609375,4521.77978515625,15671.7197265625,4090010000.0,4824070000.0
2023-07-19,4565.72021484375,15826.349609375,4578.43017578125,15932.0498046875,4557.47998046875,15781.9599609375,4563.8701171875,15888.16015625,4115670000.0,5112420000.0
2023-07-20,4534.8701171875,15466.08984375,4564.740234375,15771.83984375,4527.56005859375,15429.8701171875,4554.3798828125,15717.669921875,3761770000.0,5128020000.0
2023-07-21,4536.33984375,15425.669921875,4555.0,15600.5400390625,4535.7900390625,15410.5703125,4550.16015625,15554.9501953125,3570190000.0,5254180000.0
2023-07-24,4554.64013671875,15448.01953125,4563.41015625,15504.669921875,4541.2900390625,15374.66015625,4543.39013671875,15475.150390625,3856250000.0,4083070000.0
2023-07-25,4567.4599609375,15561.419921875,4580.6201171875,15622.6904296875,4552.419921875,15482.0400390625,4555.18994140625,15483.0595703125,3812470000.0,3812470000.0
2023-07-26,4566.75,15499.259765625,4582.47021484375,15571.16015625,4547.580078125,15411.91015625,4558.9599609375,15514.0400390625,3990290000.0,4322000000.0
2023-07-27,4537.41015625,15464.9296875,4607.06982421875,15795.509765625,4528.56005859375,15416.0498046875,4598.259765625,15734.0302734375,4553210000.0,5115840000.0
2023-07-28,4582.22998046875,15750.9296875,4590.16015625,15788.48046875,4564.009765625,15617.75,4565.75,15630.169921875,3981010000.0,4453520000.0
2023-07-31,4588.9599609375,15757.0,4594.22021484375,15803.5498046875,4573.14013671875,15702.740234375,4584.81982421875,15774.2998046875,4503600000.0,4934440000.0
2023-08-01,4576.72998046875,15718.009765625,4584.6201171875,15748.4296875,4567.52978515625,15636.5703125,4578.830078125,15696.98046875,4042370000.0,4633770000.0
2023-08-02,4513.39013671875,15370.740234375,4550.93017578125,15561.3603515625,4505.75,15321.4404296875,4550.93017578125,15561.150390625,4270710000.0,5481960000.0
2023-08-03,4501.89013671875,15353.5400390625,4519.490234375,15436.58984375,4485.5400390625,15270.7197265625,4494.27001953125,15287.76953125,4149120000.0,6036970000.0
2023-08-04,4478.02978515625,15274.919921875,4540.33984375,15523.3095703125,4474.5498046875,15258.6904296875,4513.9599609375,15420.740234375,4143310000.0,5349450000.0
2023-08-07,4518.43994140625,15407.849609375,4519.83984375,15410.849609375,4491.14990234375,15258.919921875,4491.580078125,15355.6201171875,3493920000.0,4892330000.0
2023-08-08,4499.3798828125,15273.0498046875,4503.31005859375,15295.7998046875,4464.39013671875,15148.25,4498.02978515625,15279.41015625,3884910000.0,5284550000.0
2023-08-09,4467.7099609375,15101.7099609375,4502.43994140625,15288.759765625,4461.330078125,15077.91015625,4501.56982421875,15286.990234375,3803100000.0,5591360000.0
2023-08-10,4468.830078125,15128.83984375,4527.3701171875,15366.2900390625,4457.919921875,15072.490234375,4487.16015625,15217.2900390625,4504370000.0,5299080000.0
2023-08-11,4464.0498046875,15028.0703125,4476.22998046875,15102.5302734375,4443.97998046875,14973.669921875,4450.68994140625,15010.51953125,3753290000.0,4638880000.0
2023-08-14,4489.72021484375,15205.58984375,4490.330078125,15206.259765625,4453.43994140625,14972.009765625,4458.1298828125,14988.419921875,3896410000.0,4272020000.0
2023-08-15,4437.85986328125,15037.650390625,4478.8701171875,15192.8798828125,4432.18994140625,15014.3603515625,4478.8701171875,15172.080078125,3832250000.0,4473320000.0
2023-08-16,4404.330078125,14876.4697265625,4449.9501953125,15077.0498046875,4403.5498046875,14874.01953125,4433.7900390625,15021.6298828125,3753910000.0,6243760000.0
2023-08-17,4370.35986328125,14715.8095703125,4421.169921875,14949.580078125,4364.830078125,14698.2900390625,4416.31982421875,14943.33984375,3943700000.0,5280180000.0
2023-08-18,4369.7099609375,14694.83984375,4381.81982421875,14744.5703125,4335.31005859375,14557.830078125,4344.8798828125,14589.7099609375,3940400000.0,4801910000.0
2023-08-21,4399.77001953125,14936.6904296875,4407.5498046875,14958.8701171875,4360.2998046875,14739.3701171875,4380.27978515625,14762.009765625,3726850000.0,4363070000.0
2023-08-22,4387.5498046875,14908.9599609375,4418.58984375,15037.7900390625,4382.77001953125,14883.98046875,4415.330078125,15035.0703125,3522760000.0,4282430000.0
2023-08-23,4436.009765625,15148.0595703125,4443.18017578125,15188.8603515625,4396.43994140625,14947.580078125,4396.43994140625,14947.580078125,3837270000.0,4127850000.0
2023-08-24,4376.31005859375,14816.4404296875,4458.2998046875,15279.240234375,4375.5498046875,14814.830078125,4455.16015625,15278.9296875,3723470000.0,4383820000.0
2023-08-25,4405.7099609375,14941.830078125,4418.4599609375,15001.2900390625,4356.2900390625,14715.3603515625,4389.3798828125,14858.9296875,3296180000.0,3970060000.0
2023-08-28,4433.31005859375,15052.4599609375,4439.56005859375,15086.23046875,4414.97998046875,14948.919921875,4426.02978515625,15035.48046875,2957230000.0,3666680000.0
2023-08-29,4497.6298828125,15376.5498046875,4500.14013671875,15391.5595703125,4431.68017578125,15034.5400390625,4432.75,15043.01953125,3354820000.0,4748180000.0
2023-08-30,4514.8701171875,15462.4296875,4521.64990234375,15484.830078125,4493.58984375,15341.9404296875,4500.33984375,15386.669921875,3064110000.0,4364600000.0
2023-08-31,4507.66015625,15501.0703125,4532.259765625,15575.009765625,4507.39013671875,15466.41015625,4517.009765625,15475.4296875,3946360000.0,4568610000.0
2023-09-01,4515.77001953125,15490.8603515625,4541.25,15618.849609375,4501.35009765625,15429.3603515625,4530.60009765625,15600.9501953125,3246260000.0,4033960000.0
2023-09-05,4496.830078125,15508.240234375,4514.2900390625,15556.849609375,4496.009765625,15419.9599609375,4510.06005859375,15460.51953125,3526250000.0,4379790000.0
2023-09-06,4465.47998046875,15371.4404296875,4490.35009765625,15487.0,4442.3798828125,15289.48046875,4490.35009765625,15467.3203125,3418850000.0,4215320000.0
2023-09-07,4451.14013671875,15258.51953125,4457.81005859375,15288.2001953125,4430.4599609375,15138.73046875,4434.5498046875,15174.2197265625,3763760000.0,4320830000.0
2023-09-08,4457.490234375,15280.23046875,4473.52978515625,15374.2197265625,4448.3798828125,15244.0595703125,4451.2998046875,15265.5703125,3259290000.0,4160360000.0
2023-09-11,4487.4599609375,15461.8701171875,4490.77001953125,15482.83984375,4467.89013671875,15328.349609375,4480.97998046875,15409.76953125,3369920000.0,4538870000.0
2023-09-12,4461.89990234375,15289.740234375,4487.10986328125,15447.849609375,4456.830078125,15278.8798828125,4473.27001953125,15390.58984375,3435740000.0,4595490000.0
2023-09-13,4467.43994140625,15348.5302734375,4479.39013671875,15414.6103515625,4453.52001953125,15256.599609375,4462.64990234375,15293.26953125,3529430000.0,4840310000.0
2023-09-14,4505.10009765625,15473.8896484375,4511.990234375,15512.8203125,4478.68994140625,15337.1796875,4487.77978515625,15433.009765625,3648720000.0,4649010000.0
2023-09-15,4450.31982421875,15202.400390625,4497.97998046875,15435.4501953125,4447.2099609375,15173.7099609375,4497.97998046875,15425.9501953125,6932230000.0,8162210000.0
2023-09-18,4453.52978515625,15225.3701171875,4466.35986328125,15268.9599609375,4442.10986328125,15155.4599609375,4445.1298828125,15161.169921875,3161230000.0,4855880000.0
2023-09-19,4443.9501953125,15191.23046875,4449.85009765625,15219.919921875,4416.60986328125,15069.41015625,4445.41015625,15152.5302734375,3614880000.0,4453460000.0
2023-09-20,4402.2001953125,14969.919921875,4461.02978515625,15245.1904296875,4401.3798828125,14967.599609375,4452.81005859375,15225.33984375,3308450000.0,4782440000.0
2023-09-21,4330.0,14694.240234375,4375.7001953125,14849.25,4329.169921875,14691.6904296875,4374.35986328125,14813.490234375,3662340000.0,5014890000.0
2023-09-22,4320.06005859375,14701.099609375,4357.39990234375,14855.919921875,4316.490234375,14686.83984375,4341.740234375,14756.6201171875,3349570000.0,4302700000.0
2023-09-25,4337.43994140625,14768.900390625,4338.509765625,14771.1201171875,4302.7001953125,14615.4501953125,4310.6201171875,14662.6904296875,3195650000.0,4100290000.0
2023-09-26,4273.52978515625,14545.830078125,4313.009765625,14678.48046875,4265.97998046875,14505.6796875,4312.8798828125,14668.4501953125,3472340000.0,4693540000.0
2023-09-27,4274.509765625,14580.16015625,4292.06982421875,14657.2099609375,4238.6298828125,14432.599609375,4282.6298828125,14600.1396484375,3875880000.0,4841410000.0
2023-09-28,4299.7001953125,14702.76953125,4317.27001953125,14787.580078125,4264.3798828125,14510.169921875,4269.64990234375,14530.9599609375,3846230000.0,4648390000.0
2023-09-29,4288.0498046875,14715.240234375,4333.14990234375,14901.849609375,4274.85986328125,14664.7802734375,4328.18017578125,14853.349609375,3865960000.0,5138500000.0
2023-10-02,4288.39013671875,14837.5703125,4300.580078125,14892.1796875,4260.2099609375,14701.51953125,4284.52001953125,14717.900390625,3938660000.0,4554700000.0
2023-10-03,4229.4501953125,14565.6201171875,4281.14990234375,14819.8701171875,4216.4501953125,14504.1396484375,4269.75,14744.0498046875,3953830000.0,4684310000.0
2023-10-04,4263.75,14776.25,4268.5,14803.0400390625,4220.47998046875,14592.5595703125,4233.830078125,14613.23046875,3777600000.0,4308070000.0
2023-10-05,4258.18994140625,14723.2197265625,4267.1298828125,14784.6904296875,4225.91015625,14584.3896484375,4259.31005859375,14769.5498046875,3581470000.0,4167470000.0
2023-10-06,4308.5,14973.240234375,4324.10009765625,15021.3798828125,4219.5498046875,14575.9501953125,4234.7900390625,14622.23046875,3902030000.0,4309420000.0
2023-10-09,4335.66015625,15047.150390625,4341.72998046875,15070.6396484375,4283.7900390625,14816.3203125,4289.02001953125,14871.5703125,3174630000.0,3835930000.0
2023-10-10,4358.240234375,15131.51953125,4385.4599609375,15241.9404296875,4339.64013671875,15050.5400390625,4339.75,15074.0400390625,3520240000.0,4301350000.0
2023-10-11,4376.9501953125,15241.1201171875,4378.64013671875,15248.2197265625,4345.33984375,15119.6201171875,4366.58984375,15194.5302734375,3601660000.0,4160440000.0
2023-10-12,4349.60986328125,15184.099609375,4385.85009765625,15333.98046875,4325.43017578125,15090.6904296875,4380.93994140625,15264.1103515625,3713140000.0,4858620000.0
2023-10-13,4327.77978515625,14995.1201171875,4377.10009765625,15232.3701171875,4311.97021484375,14943.419921875,4360.490234375,15225.73046875,3566560000.0,4251550000.0
2023-10-16,4373.6298828125,15172.73046875,4383.330078125,15209.5,4342.3701171875,15047.26953125,4342.3701171875,15054.48046875,3409960000.0,4308690000.0
2023-10-17,4373.2001953125,15122.009765625,4393.56982421875,15187.0595703125,4337.5400390625,14932.76953125,4345.22998046875,15009.259765625,3794850000.0,4417640000.0
2023-10-18,4314.60009765625,14909.259765625,4364.2001953125,15103.8701171875,4303.83984375,14865.8095703125,4357.35009765625,15022.2802734375,3686030000.0,4617140000.0
2023-10-19,4278.0,14783.1298828125,4339.5400390625,15023.91015625,4269.68994140625,14749.2998046875,4321.35986328125,14981.1298828125,3969730000.0,5014790000.0
2023-10-20,4224.16015625,14560.8798828125,4276.56005859375,14781.2197265625,4223.02978515625,14552.1201171875,4273.85009765625,14752.58984375,4004030000.0,4622840000.0
2023-10-23,4217.0400390625,14604.849609375,4255.83984375,14746.3701171875,4189.22021484375,14419.0595703125,4210.39990234375,14514.1103515625,3776100000.0,4669060000.0
2023-10-24,4247.68017578125,14745.8603515625,4259.3798828125,14774.16015625,4219.43017578125,14610.330078125,4235.7900390625,14678.41015625,3821820000.0,4604720000.0
2023-10-25,4186.77001953125,14381.6396484375,4232.419921875,14643.6904296875,4181.419921875,14362.240234375,4232.419921875,14642.080078125,3869370000.0,4599850000.0
2023-10-26,4137.22998046875,14109.5703125,4183.60009765625,14372.509765625,4127.89990234375,14058.330078125,4175.990234375,14314.009765625,4277640000.0,4894900000.0
2023-10-27,4117.3701171875,14180.419921875,4156.7001953125,14321.0400390625,4103.77978515625,14130.3701171875,4152.93017578125,14245.75,4019500000.0,4172100000.0
2023-10-30,4166.81982421875,14335.509765625,4177.47021484375,14388.2001953125,4132.93994140625,14225.8603515625,4139.39013671875,14283.98046875,3911140000.0,4149320000.0
2023-10-31,4193.7998046875,14409.7802734375,4195.5498046875,14420.4404296875,4153.1201171875,14232.400390625,4171.330078125,14340.8603515625,4249470000.0,4315630000.0
2023-11-01,4237.85986328125,14664.91015625,4245.64013671875,14677.8603515625,4197.740234375,14441.8896484375,4201.27001953125,14453.6796875,4224900000.0,4545120000.0
2023-11-02,4317.77978515625,14919.5498046875,4319.72021484375,14930.759765625,4268.259765625,14792.8095703125,4268.259765625,14856.9501953125,4669780000.0,4962950000.0
2023-11-03,4358.33984375,15099.490234375,4373.6201171875,15149.7802734375,4334.22998046875,14965.2900390625,4334.22998046875,14985.1201171875,4570960000.0,4918750000.0
2023-11-06,4365.97998046875,15154.9296875,4372.2099609375,15180.1904296875,4347.52978515625,15064.91015625,4364.27001953125,15137.16015625,3656340000.0,4345850000.0
2023-11-07,4378.3798828125,15296.01953125,4386.259765625,15335.4404296875,4355.41015625,15153.3095703125,4366.2099609375,15201.76953125,3791230000.0,4354460000.0
2023-11-08,4382.77978515625,15313.240234375,4391.2001953125,15343.1904296875,4359.759765625,15220.8798828125,4384.3701171875,15313.900390625,3729510000.0,4685550000.0
2023-11-09,4347.35009765625,15187.900390625,4393.39990234375,15382.1103515625,4343.93994140625,15171.3203125,4391.41015625,15351.1201171875,3900780000.0,5313970000.0
2023-11-10,4415.240234375,15529.1201171875,4418.02978515625,15535.2001953125,4353.33984375,15237.169921875,4364.14990234375,15252.3603515625,3665080000.0,4722140000.0
2023-11-13,4411.5498046875,15482.7900390625,4421.759765625,15524.66015625,4393.81982421875,15404.7099609375,4406.66015625,15469.2099609375,3326240000.0,4349590000.0
2023-11-14,4495.7001953125,15812.4697265625,4508.669921875,15850.33984375,4458.97021484375,15726.1201171875,4458.97021484375,15744.3603515625,4700350000.0,5332490000.0
2023-11-15,4502.8798828125,15817.1796875,4521.169921875,15904.6298828125,4495.31005859375,15765.3095703125,4505.2998046875,15881.7197265625,4347170000.0,5063830000.0
2023-11-16,4508.240234375,15833.169921875,4511.990234375,15842.6298828125,4487.830078125,15738.2197265625,4497.080078125,15765.2001953125,3964520000.0,4545180000.0
2023-11-17,4514.02001953125,15837.990234375,4520.1201171875,15876.8701171875,4499.66015625,15766.9404296875,4509.5498046875,15803.98046875,3777240000.0,4408640000.0
2023-11-20,4547.3798828125,16027.0595703125,4557.10986328125,16056.759765625,4510.35986328125,15844.830078125,4511.7001953125,15845.2001953125,3644790000.0,4561810000.0
2023-11-21,4538.18994140625,15933.6201171875,4542.14013671875,15968.08984375,4525.509765625,15866.8203125,4538.77001953125,15951.5498046875,3511080000.0,4128600000.0
2023-11-22,4556.6201171875,16001.3896484375,4568.43017578125,16119.3095703125,4545.0498046875,15964.0400390625,4553.0400390625,16025.740234375,3042810000.0,3855240000.0
2023-11-24,4559.33984375,15982.009765625,4560.31005859375,16007.4296875,4552.7998046875,15940.6201171875,4555.83984375,15974.849609375,1639500000.0,2541840000.0
2023-11-27,4550.43017578125,15961.98046875,4560.52001953125,16045.2998046875,4546.31982421875,15932.1904296875,4554.85986328125,15969.7197265625,3403990000.0,4205880000.0
2023-11-28,4554.89013671875,16010.4296875,4568.14013671875,16031.51953125,4540.509765625,15921.0703125,4545.5498046875,15940.2900390625,3586240000.0,4474400000.0
2023-11-29,4550.580078125,15987.599609375,4587.64013671875,16166.509765625,4547.14990234375,15976.6904296875,4571.83984375,16111.3603515625,4418760000.0,4890220000.0
2023-11-30,4567.7998046875,15947.8701171875,4569.89013671875,16013.48046875,4537.240234375,15825.669921875,4554.8701171875,15987.66015625,5399300000.0,5678070000.0
2023-12-01,4594.6298828125,15997.580078125,4599.39013671875,16013.75,4554.7099609375,15834.9296875,4559.43017578125,15892.58984375,4397120000.0,5607000000.0
2023-12-04,4569.77978515625,15839.669921875,4572.3701171875,15852.4501953125,4546.72021484375,15695.580078125,4564.3701171875,15837.1201171875,4369910000.0,6270020000.0
2023-12-05,4567.18017578125,15877.7099609375,4578.56005859375,15931.83984375,4551.68017578125,15760.58984375,4557.25,15763.650390625,3909950000.0,6179120000.0
2023-12-06,4549.33984375,15788.0498046875,4590.740234375,15990.9404296875,4546.5,15776.9501953125,4586.22998046875,15990.2001953125,4245680000.0,5167030000.0
2023-12-07,4585.58984375,16022.490234375,4590.919921875,16042.509765625,4565.22021484375,15875.48046875,4568.83984375,15888.23046875,3818880000.0,5694310000.0
2023-12-08,4604.3701171875,16084.6904296875,4609.22998046875,16100.8603515625,4574.06005859375,15937.580078125,4576.2001953125,15952.849609375,3707010000.0,5430840000.0
2023-12-11,4622.43994140625,16221.73046875,4623.7099609375,16232.259765625,4593.39013671875,16061.8701171875,4593.39013671875,16069.6201171875,3823210000.0,5607820000.0
2023-12-12,4643.7001953125,16354.25,4643.93017578125,16354.25,4608.08984375,16175.4599609375,4618.2998046875,16209.6103515625,3808380000.0,4950100000.0
2023-12-13,4707.08984375,16562.369140625,4709.68994140625,16581.0390625,4643.22998046875,16357.2099609375,4646.2001953125,16392.1796875,5063650000.0,6732040000.0
2023-12-14,4719.5498046875,16537.830078125,4738.56982421875,16660.7109375,4694.33984375,16419.259765625,4721.0400390625,16603.5390625,6314040000.0,8033170000.0
2023-12-15,4719.18994140625,16623.44921875,4725.52978515625,16669.76953125,4704.68994140625,16557.009765625,4714.22998046875,16587.0,8218980000.0,8377630000.0
2023-12-18,4740.56005859375,16729.80078125,4749.52001953125,16764.3203125,4725.580078125,16629.2890625,4725.580078125,16631.109375,4060340000.0,5866080000.0
2023-12-19,4768.3701171875,16811.849609375,4768.68994140625,16813.009765625,4743.72021484375,16733.380859375,4743.72021484375,16734.25,4026970000.0,5757180000.0
2023-12-20,4698.35009765625,16554.16015625,4778.009765625,16860.6796875,4697.81982421875,16552.060546875,4764.72998046875,16763.640625,4201320000.0,6294700000.0
2023-12-21,4746.75,16757.41015625,4748.7099609375,16768.01953125,4708.35009765625,16621.51953125,4724.2900390625,16719.609375,3431180000.0,5465640000.0
2023-12-22,4754.6298828125,16777.400390625,4772.93994140625,16839.25,4736.77001953125,16703.5703125,4753.919921875,16799.01953125,3046770000.0,4796600000.0
2023-12-26,4774.75,16878.4609375,4784.72021484375,16907.509765625,4758.4501953125,16813.5703125,4758.85986328125,16816.779296875,2513910000.0,6120600000.0
2023-12-27,4781.580078125,16906.80078125,4785.39013671875,16922.009765625,4768.89990234375,16859.55078125,4773.4501953125,16896.140625,2748450000.0,7480170000.0
2023-12-28,4783.35009765625,16898.470703125,4793.2998046875,16969.169921875,4780.97998046875,16891.3203125,4786.43994140625,16963.51953125,2698860000.0,5090570000.0
2023-12-29,4769.830078125,16825.9296875,4788.43017578125,16919.509765625,4751.990234375,16757.890625,4782.8798828125,16902.439453125,3126060000.0,5441060000.0
2024-01-02,4742.830078125,16543.939453125,4754.330078125,16686.599609375,4722.669921875,16453.150390625,4745.2001953125,16667.30078125,3743050000.0,5791170000.0
2024-01-03,4704.81005859375,16368.490234375,4729.2900390625,16471.080078125,4699.7099609375,16352.1396484375,4725.06982421875,16413.259765625,3950760000.0,5449950000.0
2024-01-04,4688.68017578125,16282.009765625,4726.77978515625,16419.439453125,4687.52978515625,16276.4296875,4697.419921875,16290.7802734375,3715480000.0,5289220000.0
2024-01-05,4697.240234375,16305.98046875,4721.490234375,16415.390625,4682.10986328125,16249.1904296875,4690.56982421875,16281.740234375,3844370000.0,5232820000.0
2024-01-08,4763.5400390625,16649.869140625,4764.5400390625,16655.23046875,4699.81982421875,16349.3896484375,4703.7001953125,16354.2197265625,3742320000.0,6337770000.0
2024-01-09,4756.5,16678.69921875,4765.47021484375,16710.880859375,4730.35009765625,16513.73046875,4741.93017578125,16531.9609375,3529960000.0,5068410000.0
2024-01-10,4783.4501953125,16793.05078125,4790.7998046875,16827.369140625,4756.2001953125,16654.740234375,4759.93994140625,16702.55078125,3498680000.0,4404590000.0
2024-01-11,4780.240234375,16820.900390625,4798.5,16898.16015625,4739.580078125,16618.859375,4792.1298828125,16852.189453125,3759890000.0,5044690000.0
2024-01-12,4783.830078125,16832.919921875,4802.39990234375,16900.369140625,4768.97998046875,16776.919921875,4791.18017578125,16855.0,3486340000.0,4958940000.0
2024-01-16,4765.97998046875,16830.7109375,4782.33984375,16895.330078125,4747.1201171875,16726.58984375,4772.35009765625,16775.099609375,4260550000.0,6386180000.0
2024-01-17,4739.2099609375,16736.279296875,4744.22998046875,16749.109375,4714.81982421875,16561.490234375,4739.1298828125,16705.509765625,3928600000.0,5181740000.0
2024-01-18,4780.93994140625,16982.2890625,4785.7900390625,16996.98046875,4740.56982421875,16818.130859375,4760.10009765625,16894.330078125,4019000000.0,5587440000.0
2024-01-19,4839.81005859375,17314.0,4842.06982421875,17317.2109375,4785.8701171875,17041.849609375,4796.27978515625,17060.140625,4287200000.0,5604950000.0
2024-01-22,4850.43017578125,17330.380859375,4868.41015625,17450.30078125,4844.0498046875,17309.869140625,4853.419921875,17403.619140625,4297610000.0,5456240000.0
2024-01-23,4864.60009765625,17404.2109375,4866.47998046875,17410.859375,4844.3701171875,17286.01953125,4856.7998046875,17346.94921875,3912800000.0,5207680000.0
2024-01-24,4868.5498046875,17499.30078125,4903.68017578125,17665.259765625,4865.93994140625,17481.970703125,4888.56005859375,17562.3203125,4330030000.0,4983210000.0
2024-01-25,4894.16015625,17516.990234375,4898.14990234375,17631.33984375,4869.33984375,17430.369140625,4886.66015625,17589.26953125,4020430000.0,5281570000.0
2024-01-26,4890.97021484375,17421.009765625,4906.68994140625,17514.759765625,4881.47021484375,17395.5390625,4888.91015625,17432.869140625,3353400000.0,4510530000.0
2024-01-29,4927.93017578125,17596.26953125,4929.31005859375,17603.94921875,4887.39990234375,17414.619140625,4892.9501953125,17438.029296875,3525160000.0,4979310000.0
2024-01-30,4924.97021484375,17476.7109375,4931.08984375,17578.4609375,4916.27001953125,17443.76953125,4925.89013671875,17556.490234375,3836130000.0,4719240000.0
2024-01-31,4845.64990234375,17137.240234375,4906.75,17375.3203125,4845.14990234375,17128.740234375,4899.18994140625,17269.98046875,4696120000.0,5875610000.0
2024-02-01,4906.18994140625,17344.7109375,4906.97021484375,17356.759765625,4853.52001953125,17175.830078125,4861.10986328125,17216.990234375,4386090000.0,5046920000.0
2024-02-02,4958.60986328125,17642.73046875,4975.2900390625,17682.2890625,4907.990234375,17378.369140625,4916.06005859375,17415.939453125,3974350000.0,4800690000.0
2024-02-05,4942.81005859375,17613.0390625,4957.18994140625,17655.76953125,4918.08984375,17469.619140625,4957.18994140625,17634.689453125,4023640000.0,4831020000.0
2024-02-06,4954.22998046875,17572.73046875,4957.77001953125,17680.619140625,4934.8798828125,17475.4296875,4950.16015625,17664.439453125,4440880000.0,4759640000.0
2024-02-07,4995.06005859375,17755.0703125,4999.89013671875,17784.169921875,4969.0498046875,17637.73046875,4973.0498046875,17674.58984375,4895590000.0,4567580000.0
2024-02-08,4997.91015625,17783.169921875,5000.39990234375,17814.119140625,4987.08984375,17728.55078125,4995.16015625,17757.599609375,4341860000.0,5675850000.0
2024-02-09,5026.60986328125,17962.41015625,5030.06005859375,17987.900390625,5000.33984375,17798.810546875,5004.169921875,17820.98046875,3912990000.0,5797260000.0
2024-02-12,5021.83984375,17882.66015625,5048.39013671875,18041.44921875,5016.830078125,17859.66015625,5026.830078125,17942.279296875,3805740000.0,5458490000.0
2024-02-13,4953.169921875,17600.419921875,4971.2998046875,17717.669921875,4920.31005859375,17478.23046875,4967.93994140625,17519.80078125,4302190000.0,5599860000.0
2024-02-14,5000.6201171875,17807.630859375,5002.52001953125,17815.1796875,4956.4501953125,17619.919921875,4976.43994140625,17728.900390625,3845600000.0,5092660000.0
2024-02-15,5029.72998046875,17845.720703125,5032.72021484375,17864.58984375,4999.43994140625,17722.310546875,5003.14013671875,17815.3203125,4137970000.0,6049100000.0
2024-02-16,5005.56982421875,17685.98046875,5038.7001953125,17864.16015625,4999.52001953125,17663.400390625,5031.1298828125,17853.58984375,3833270000.0,5223800000.0
2024-02-20,4975.509765625,17546.099609375,4993.7099609375,17657.080078125,4955.02001953125,17399.41015625,4989.31982421875,17591.169921875,4034880000.0,5595700000.0
2024-02-21,4981.7998046875,17478.91015625,4983.2099609375,17482.130859375,4946.0,17319.439453125,4963.02978515625,17412.7890625,3788390000.0,4845740000.0
2024-02-22,5087.02978515625,18004.69921875,5094.39013671875,18034.80078125,5038.830078125,17808.259765625,5038.830078125,17857.759765625,4051710000.0,5653930000.0
2024-02-23,5088.7998046875,17937.609375,5111.06005859375,18091.619140625,5081.4599609375,17902.779296875,5100.919921875,18052.58984375,3672790000.0,5077910000.0
2024-02-26,5069.52978515625,17933.330078125,5097.66015625,18014.109375,5068.91015625,17926.66015625,5093.0,17970.2109375,3683930000.0,5417630000.0
2024-02-27,5078.18017578125,17971.05078125,5080.68994140625,17987.5390625,5057.2900390625,17871.060546875,5074.60009765625,17962.580078125,3925950000.0,5423020000.0
2024-02-28,5069.759765625,17874.5,5077.3701171875,17931.009765625,5058.35009765625,17840.359375,5067.2001953125,17895.029296875,3789370000.0,5581690000.0
2024-02-29,5096.27001953125,18043.849609375,5104.990234375,18068.51953125,5061.89013671875,17866.259765625,5085.35986328125,17991.669921875,5219740000.0,6265340000.0
2024-03-01,5137.080078125,18302.91015625,5140.330078125,18333.259765625,5094.16015625,18064.439453125,5098.509765625,18069.2890625,4748110000.0,5457910000.0
2024-03-04,5130.9501953125,18226.48046875,5149.669921875,18313.4296875,5127.18017578125,18218.25,5130.990234375,18290.099609375,4758440000.0,5725470000.0
2024-03-05,5078.64990234375,17897.869140625,5114.5400390625,18097.5,5056.81982421875,17804.5,5110.52001953125,18088.7109375,4418410000.0,6356800000.0
2024-03-06,5104.759765625,18017.5703125,5127.97021484375,18142.880859375,5092.22021484375,17941.640625,5108.02978515625,18083.509765625,4559050000.0,5511370000.0
2024-03-07,5157.35986328125,18297.990234375,5165.6201171875,18337.94921875,5128.2099609375,18101.4296875,5132.3798828125,18161.73046875,4137980000.0,5072790000.0
2024-03-08,5123.68994140625,18018.44921875,5189.259765625,18416.73046875,5117.5,17995.380859375,5164.4599609375,18312.7890625,4208870000.0,5411790000.0
2024-03-11,5117.93994140625,17951.689453125,5124.66015625,18003.05078125,5091.14013671875,17873.330078125,5111.9599609375,17959.6796875,3896430000.0,4917620000.0
2024-03-12,5175.27001953125,18219.109375,5179.8701171875,18228.369140625,5114.47998046875,17919.330078125,5134.2998046875,18063.01953125,4080510000.0,5100330000.0
2024-03-13,5165.31005859375,18068.470703125,5179.14013671875,18163.740234375,5151.8798828125,18030.400390625,5173.490234375,18151.759765625,4282890000.0,4839000000.0
2024-03-14,5150.47998046875,18014.810546875,5176.85009765625,18142.900390625,5123.2998046875,17913.630859375,5175.14013671875,18114.689453125,4687970000.0,5450980000.0
2024-03-15,5117.08984375,17808.25,5136.85986328125,17930.470703125,5104.35009765625,17764.990234375,5123.31005859375,17926.919921875,7753670000.0,8261950000.0
2024-03-18,5149.419921875,17985.009765625,5175.60009765625,18124.3203125,5145.47021484375,17973.08984375,5154.77001953125,18024.240234375,4036220000.0,5025040000.0
2024-03-19,5178.509765625,18032.19921875,5180.31005859375,18039.8203125,5131.58984375,17809.150390625,5139.08984375,17902.51953125,4031760000.0,4758740000.0
2024-03-20,5224.6201171875,18240.109375,5226.18994140625,18249.119140625,5171.5498046875,18003.240234375,5181.68994140625,18067.69921875,4064850000.0,5298380000.0
2024-03-21,5241.52978515625,18320.380859375,5261.10009765625,18464.69921875,5240.66015625,18317.099609375,5253.43017578125,18438.240234375,4207730000.0,5134740000.0
2024-03-22,5234.18017578125,18339.439453125,5246.08984375,18386.25,5229.8701171875,18267.490234375,5242.47998046875,18293.150390625,3374700000.0,4339930000.0
2024-03-25,5218.18994140625,18277.060546875,5229.08984375,18337.349609375,5216.08984375,18189.279296875,5219.52001953125,18215.5390625,3331360000.0,4636940000.0
2024-03-26,5203.580078125,18210.5390625,5235.16015625,18378.69921875,5203.419921875,18207.880859375,5228.85009765625,18329.2890625,3871790000.0,5144260000.0
2024-03-27,5248.490234375,18280.83984375,5249.259765625,18344.08984375,5213.919921875,18168.19921875,5226.31005859375,18338.189453125,3850500000.0,4768930000.0
2024-03-28,5254.35009765625,18254.689453125,5264.85009765625,18308.3203125,5245.81982421875,18231.380859375,5248.02978515625,18263.41015625,3998270000.0,5174450000.0
2024-04-01,5243.77001953125,18293.19921875,5263.9501953125,18391.580078125,5229.2001953125,18211.279296875,5257.97021484375,18280.8203125,3325930000.0,4798390000.0
2024-04-02,5205.81005859375,18121.779296875,5208.33984375,18135.5703125,5184.0498046875,18002.26953125,5204.2900390625,18076.4296875,3886590000.0,4710280000.0
2024-04-03,5211.490234375,18160.189453125,5228.75,18238.669921875,5194.3701171875,18045.419921875,5194.3701171875,18054.439453125,3703250000.0,5151500000.0
2024-04-04,5147.2099609375,17878.779296875,5256.58984375,18362.2890625,5146.06005859375,17875.75,5244.0498046875,18331.01953125,4075680000.0,5368700000.0
2024-04-05,5204.33984375,18108.4609375,5222.18017578125,18202.9609375,5157.2099609375,17912.859375,5158.9501953125,17940.279296875,3386780000.0,4578130000.0
2024-04-08,5202.39013671875,18100.189453125,5219.56982421875,18178.66015625,5197.35009765625,18050.689453125,5211.3701171875,18130.439453125,3278180000.0,4386700000.0
2024-04-09,5209.91015625,18169.900390625,5224.81005859375,18210.01953125,5160.77978515625,17973.0703125,5217.02978515625,18188.869140625,3400680000.0,4869190000.0
2024-04-10,5160.64013671875,18011.66015625,5178.43017578125,18040.830078125,5138.7001953125,17932.419921875,5167.8798828125,17957.9609375,3845930000.0,5308250000.0
2024-04-11,5199.06005859375,18307.98046875,5211.77978515625,18337.150390625,5138.77001953125,17998.25,5172.9501953125,18085.109375,3509380000.0,4714750000.0
2024-04-12,5123.41015625,18003.490234375,5175.02978515625,18166.490234375,5107.93994140625,17952.08984375,5171.509765625,18117.669921875,3963220000.0,4552740000.0
2024-04-15,5061.81982421875,17706.830078125,5168.43017578125,18152.080078125,5052.47021484375,17676.349609375,5149.669921875,18143.25,3950210000.0,4910550000.0
2024-04-16,5051.41015625,17713.66015625,5079.83984375,17817.73046875,5039.830078125,17660.890625,5064.58984375,17691.44921875,4006200000.0,5001860000.0
2024-04-17,5022.2099609375,17493.619140625,5077.9599609375,17788.5390625,5007.25,17459.5703125,5068.97021484375,17785.8203125,3596130000.0,4991470000.0
2024-04-18,5011.1201171875,17394.310546875,5056.66015625,17590.810546875,5001.89013671875,17376.490234375,5031.52001953125,17514.76953125,3619760000.0,4932540000.0
2024-04-19,4967.22998046875,17037.650390625,5019.02001953125,17362.279296875,4953.56005859375,16973.939453125,5005.43994140625,17334.7109375,3878750000.0,5316010000.0
2024-04-22,5010.60009765625,17210.890625,5038.83984375,17305.150390625,4969.39990234375,17010.25,4987.330078125,17161.109375,3820250000.0,4616730000.0
2024-04-23,5070.5498046875,17471.470703125,5076.1201171875,17513.310546875,5027.9599609375,17277.25,5028.85009765625,17297.240234375,3751400000.0,4951670000.0
2024-04-24,5071.6298828125,17526.80078125,5089.47998046875,17653.66015625,5047.02001953125,17435.330078125,5084.85986328125,17613.66015625,3656740000.0,4735870000.0
2024-04-25,5048.419921875,17430.5,5057.75,17474.4609375,4990.580078125,17172.419921875,5019.8798828125,17205.279296875,3958050000.0,4743640000.0
2024-04-26,5099.9599609375,17718.30078125,5114.6201171875,17772.779296875,5073.14013671875,17533.080078125,5084.64990234375,17566.220703125,3604140000.0,4694400000.0
2024-04-29,5116.169921875,17782.720703125,5123.490234375,17820.0,5088.64990234375,17671.029296875,5114.1298828125,17801.140625,3447450000.0,4972520000.0
2024-04-30,5035.68994140625,17440.689453125,5110.830078125,17768.869140625,5035.31005859375,17440.689453125,5103.77978515625,17720.349609375,4082470000.0,5229400000.0
2024-05-01,5018.39013671875,17318.55078125,5096.1201171875,17667.859375,5013.4501953125,17284.369140625,5029.02978515625,17382.779296875,4544170000.0,5277790000.0
2024-05-02,5064.2001953125,17541.5390625,5073.2099609375,17575.80078125,5011.0498046875,17290.640625,5049.31982421875,17474.919921875,4381660000.0,4901610000.0
2024-05-03,5127.7900390625,17890.80078125,5139.1201171875,17926.98046875,5101.22021484375,17784.779296875,5122.77978515625,17848.66015625,3924990000.0,4887310000.0
2024-05-06,5180.740234375,18093.5703125,5181.0,18094.4609375,5142.419921875,17937.279296875,5142.419921875,17950.98046875,3683250000.0,4460130000.0
2024-05-07,5187.7001953125,18091.44921875,5200.22998046875,18156.3203125,5178.9599609375,18061.609375,5187.2001953125,18106.330078125,3987890000.0,5041870000.0
2024-05-08,5187.669921875,18085.009765625,5191.9501953125,18135.33984375,5165.85986328125,17987.69921875,5168.97998046875,17987.69921875,3842100000.0,4530190000.0
2024-05-09,5214.080078125,18113.4609375,5215.2998046875,18138.01953125,5180.41015625,18012.619140625,5189.02978515625,18095.80078125,3727370000.0,4505120000.0
2024-05-10,5222.68017578125,18161.1796875,5239.66015625,18247.609375,5209.68017578125,18099.73046875,5225.490234375,18171.150390625,3617900000.0,4402110000.0
2024-05-13,5221.419921875,18198.609375,5237.259765625,18233.5,5211.16015625,18147.5703125,5233.080078125,18228.400390625,4255710000.0,4452750000.0
2024-05-14,5246.68017578125,18322.76953125,5250.3701171875,18339.580078125,5217.97998046875,18175.30078125,5221.10009765625,18187.509765625,4763580000.0,7270240000.0
2024-05-15,5308.14990234375,18596.650390625,5311.759765625,18607.529296875,5263.259765625,18359.3203125,5263.259765625,18412.810546875,4360810000.0,8538990000.0
2024-05-16,5297.10009765625,18557.9609375,5325.490234375,18669.5,5296.18994140625,18553.30078125,5310.06982421875,18589.98046875,3817470000.0,11932600000.0
2024-05-17,5303.27001953125,18546.23046875,5305.4501953125,18590.369140625,5283.58984375,18462.25,5303.10009765625,18571.8203125,3578120000.0,9587280000.0
2024-05-20,5308.1298828125,18674.189453125,5325.31982421875,18703.830078125,5302.39990234375,18549.83984375,5305.35009765625,18559.220703125,3420100000.0,6861320000.0
2024-05-21,5321.41015625,18713.80078125,5324.31982421875,18721.1796875,5297.8701171875,18589.91015625,5298.68994140625,18603.990234375,3662240000.0,6245090000.0
2024-05-22,5307.009765625,18705.19921875,5323.18017578125,18756.689453125,5286.009765625,18606.16015625,5319.27978515625,18733.5390625,3847130000.0,7277340000.0
2024-05-23,5267.83984375,18623.390625,5341.8798828125,18907.5390625,5256.93017578125,18554.890625,5340.259765625,18907.140625,3869520000.0,7752800000.0
2024-05-24,5304.72021484375,18808.349609375,5311.64990234375,18851.990234375,5278.39013671875,18664.7890625,5281.4501953125,18669.359375,3005510000.0,5836040000.0
2024-05-28,5306.0400390625,18869.439453125,5315.91015625,18875.19921875,5280.89013671875,18755.939453125,5315.91015625,18855.150390625,3751540000.0,6293380000.0
2024-05-29,5266.9501953125,18736.75,5282.27001953125,18814.8203125,5262.7001953125,18706.619140625,5278.72998046875,18708.0703125,3552750000.0,6652480000.0
2024-05-30,5235.47998046875,18538.66015625,5260.2099609375,18705.259765625,5222.10009765625,18487.759765625,5259.77001953125,18683.25,3818750000.0,6659290000.0
2024-05-31,5277.509765625,18536.650390625,5280.330078125,18574.560546875,5191.68017578125,18189.779296875,5243.2099609375,18550.80078125,5437160000.0,6674090000.0
2024-06-03,5283.39990234375,18600.970703125,5302.10986328125,18707.220703125,5234.31982421875,18392.5703125,5297.14990234375,18666.720703125,4046920000.0,5422040000.0
2024-06-04,5291.33984375,18654.83984375,5298.7998046875,18697.94921875,5257.6298828125,18521.849609375,5278.240234375,18598.0,3707900000.0,4917350000.0
2024-06-05,5354.02978515625,19035.05078125,5354.16015625,19035.869140625,5297.64013671875,18768.25,5314.47998046875,18791.279296875,3591460000.0,5325000000.0
2024-06-06,5352.9599609375,19021.189453125,5362.35009765625,19071.7890625,5335.35986328125,18978.859375,5357.7998046875,19053.009765625,3609990000.0,4960580000.0
2024-06-07,5346.990234375,19000.94921875,5375.080078125,19113.880859375,5331.330078125,18958.6796875,5343.81005859375,18992.580078125,3692760000.0,4755650000.0
2024-06-10,5360.7900390625,19074.669921875,5365.7900390625,19089.830078125,5331.52001953125,18940.7109375,5341.22021484375,18945.310546875,3622280000.0,5207110000.0
2024-06-11,5375.31982421875,19210.1796875,5375.9501953125,19212.630859375,5327.25,18966.560546875,5353.0,19031.400390625,3568030000.0,5009220000.0
2024-06-12,5421.02978515625,19465.1796875,5447.25,19556.900390625,5409.1298828125,19347.279296875,5409.1298828125,19358.259765625,3962840000.0,5560630000.0
2024-06-13,5433.740234375,19576.919921875,5441.93017578125,19639.44921875,5402.509765625,19473.7109375,5441.93017578125,19609.05078125,3530380000.0,4916020000.0
2024-06-14,5431.60009765625,19659.80078125,5432.39013671875,19664.58984375,5403.75,19534.619140625,5424.080078125,19557.220703125,3438650000.0,4973820000.0
2024-06-17,5473.22998046875,19902.75,5488.5,19977.83984375,5420.39990234375,19623.7109375,5431.10986328125,19681.859375,3447840000.0,6061200000.0
2024-06-18,5487.02978515625,19908.859375,5490.3798828125,19940.5,5471.31982421875,19837.859375,5476.14990234375,19904.4296875,3544330000.0,5796180000.0
2024-06-20,5473.169921875,19752.30078125,5505.52978515625,19979.9296875,5455.56005859375,19685.029296875,5499.990234375,19962.970703125,3847060000.0,6289300000.0
2024-06-21,5464.6201171875,19700.4296875,5478.31005859375,19801.970703125,5452.02978515625,19643.51953125,5466.77001953125,19722.369140625,6773800000.0,8589160000.0
2024-06-24,5447.8701171875,19474.619140625,5490.66015625,19723.19921875,5447.58984375,19472.529296875,5459.580078125,19648.23046875,3696750000.0,5503210000.0
2024-06-25,5469.2998046875,19701.130859375,5472.8798828125,19712.419921875,5446.56005859375,19523.509765625,5460.72998046875,19555.83984375,3591960000.0,4848280000.0
2024-06-26,5477.89990234375,19751.05078125,5483.14013671875,19763.55078125,5451.8701171875,19654.1796875,5460.7099609375,19671.0703125,3563920000.0,5294310000.0
2024-06-27,5482.8701171875,19789.029296875,5490.81005859375,19850.810546875,5467.5400390625,19701.33984375,5473.58984375,19740.51953125,3589530000.0,5382060000.0
2024-06-28,5460.47998046875,19682.869140625,5523.64013671875,20017.7109375,5451.1201171875,19665.849609375,5488.47998046875,19817.0,7199220000.0,8960940000.0
2024-07-01,5475.08984375,19812.220703125,5479.5498046875,19827.75,5446.52978515625,19577.5390625,5471.080078125,19720.109375,3488760000.0,5189990000.0
2024-07-02,5509.009765625,20011.890625,5509.68994140625,20014.919921875,5458.43017578125,19741.810546875,5461.83984375,19746.220703125,3329950000.0,4526550000.0
2024-07-03,5537.02001953125,20186.630859375,5539.27001953125,20186.630859375,5507.419921875,19995.279296875,5507.43994140625,19995.279296875,2179470000.0,3713960000.0
2024-07-05,5567.18994140625,20391.970703125,5570.330078125,20407.0,5531.6298828125,20201.5,5537.91015625,20224.130859375,3253080000.0,4851000000.0
2024-07-08,5572.85009765625,20439.5390625,5583.10986328125,20455.380859375,5562.509765625,20363.369140625,5572.75,20393.890625,3185670000.0,5286260000.0
2024-07-09,5576.97998046875,20453.01953125,5590.75,20543.900390625,5574.56982421875,20395.5703125,5584.240234375,20504.169921875,3232920000.0,4839140000.0
2024-07-10,5633.91015625,20675.380859375,5635.39013671875,20690.970703125,5586.43994140625,20479.939453125,5591.259765625,20533.26953125,3336100000.0,5228240000.0
2024-07-11,5584.5400390625,20211.359375,5642.4501953125,20672.099609375,5576.52978515625,20165.0,5635.2099609375,20661.41015625,4020950000.0,6366620000.0
2024-07-12,5615.35009765625,20331.490234375,5655.56005859375,20526.080078125,5590.43994140625,20217.990234375,5590.759765625,20226.23046875,3700280000.0,5845930000.0
2024-07-15,5631.22021484375,20386.880859375,5666.93994140625,20585.169921875,5614.75,20304.529296875,5638.16015625,20401.01953125,3620470000.0,5450350000.0
2024-07-16,5667.2001953125,20398.619140625,5669.669921875,20477.0,5639.02001953125,20266.509765625,5644.08984375,20441.529296875,4041760000.0,5812930000.0
2024-07-17,5588.27001953125,19799.140625,5622.490234375,20080.26953125,5584.81005859375,19793.75,5610.06982421875,20041.310546875,4246450000.0,6007280000.0
2024-07-18,5544.58984375,19705.08984375,5614.0498046875,19947.98046875,5522.81005859375,19575.7890625,5608.56005859375,19936.240234375,4007510000.0,5977260000.0
2024-07-19,5505.0,19522.619140625,5557.5,19784.48046875,5497.0400390625,19479.380859375,5543.3701171875,19687.80078125,3760570000.0,4992930000.0
2024-07-22,5564.41015625,19822.869140625,5570.35986328125,19861.720703125,5529.0400390625,19638.369140625,5544.5400390625,19751.01953125,3375180000.0,5093620000.0
2024-07-23,5555.740234375,19754.33984375,5585.33984375,19904.599609375,5550.89990234375,19736.220703125,5565.2998046875,19783.330078125,3500210000.0,4938000000.0
2024-07-24,5427.1298828125,19032.390625,5508.0400390625,19482.55078125,5419.97998046875,19005.470703125,5505.83984375,19475.66015625,3945550000.0,6735560000.0
2024-07-25,5399.22021484375,18830.580078125,5491.58984375,19227.19921875,5390.9501953125,18721.7109375,5428.7001953125,19041.150390625,4592120000.0,6114350000.0
2024-07-26,5459.10009765625,19023.66015625,5488.31982421875,19142.6796875,5430.7001953125,18899.310546875,5433.669921875,18990.19921875,3638770000.0,5281560000.0
2024-07-29,5463.5400390625,19059.490234375,5487.740234375,19224.58984375,5444.43994140625,18974.509765625,5476.5498046875,19122.4296875,3379970000.0,4897230000.0
2024-07-30,5436.43994140625,18796.26953125,5489.4599609375,19165.419921875,5401.7001953125,18667.220703125,5478.72998046875,19129.560546875,3777740000.0,5564310000.0
2024-07-31,5522.2998046875,19362.4296875,5551.509765625,19426.619140625,5493.75,19162.91015625,5505.58984375,19222.849609375,4546910000.0,6292560000.0
2024-08-01,5446.68017578125,18890.390625,5566.16015625,19538.970703125,5410.419921875,18737.08984375,5537.83984375,19375.970703125,4703620000.0,6664550000.0
2024-08-02,5346.56005859375,18440.849609375,5383.89013671875,18628.779296875,5302.02978515625,18263.5,5376.6298828125,18494.240234375,5156450000.0,6313870000.0
2024-08-05,5186.330078125,17895.16015625,5250.89013671875,18169.490234375,5119.259765625,17435.390625,5151.14013671875,17444.400390625,5333250000.0,6852190000.0
2024-08-06,5240.02978515625,18077.919921875,5312.33984375,18368.6796875,5193.56005859375,17858.8203125,5206.419921875,17961.44921875,4690190000.0,5908930000.0
2024-08-07,5199.5,17867.369140625,5330.64013671875,18445.75,5195.5400390625,17851.080078125,5293.1298828125,18345.44921875,4558260000.0,5913620000.0
2024-08-08,5319.31005859375,18413.8203125,5328.02978515625,18445.41015625,5233.85009765625,17965.0703125,5252.56982421875,18102.05078125,4016830000.0,5815880000.0
2024-08-09,5344.16015625,18513.099609375,5358.669921875,18567.630859375,5300.83984375,18313.779296875,5314.66015625,18373.890625,3516400000.0,5783410000.0
2024-08-12,5344.39013671875,18542.029296875,5371.2001953125,18665.75,5324.3701171875,18433.609375,5351.8798828125,18548.23046875,3360160000.0,4890850000.0
2024-08-13,5434.43017578125,19006.4296875,5436.5,19013.009765625,5376.97998046875,18723.740234375,5376.97998046875,18724.83984375,3648980000.0,5469160000.0
2024-08-14,5455.2099609375,19022.6796875,5463.22021484375,19103.0,5415.91015625,18837.099609375,5442.35986328125,19043.759765625,3380050000.0,4985480000.0
2024-08-15,5543.22021484375,19490.150390625,5546.22998046875,19502.919921875,5501.1298828125,19239.939453125,5501.1298828125,19251.859375,3723310000.0,5478170000.0
2024-08-16,5554.25,19508.51953125,5561.97998046875,19561.240234375,5525.169921875,19376.720703125,5530.5,19393.73046875,3357690000.0,5138150000.0
2024-08-19,5608.25,19766.490234375,5608.2998046875,19767.4296875,5550.740234375,19445.099609375,5557.22998046875,19521.9296875,3222050000.0,5564300000.0
2024-08-20,5597.1201171875,19719.8203125,5620.509765625,19835.380859375,5585.5,19652.1796875,5602.8798828125,19736.349609375,2994420000.0,5305260000.0
2024-08-21,5620.85009765625,19824.83984375,5632.68017578125,19885.33984375,5591.56982421875,19690.640625,5603.08984375,19758.470703125,3119670000.0,4765150000.0
2024-08-22,5570.64013671875,19491.83984375,5643.22021484375,19938.890625,5560.9501953125,19459.859375,5637.77001953125,19911.279296875,2981530000.0,5065360000.0
2024-08-23,5634.60986328125,19720.869140625,5641.81982421875,19818.400390625,5585.16015625,19526.630859375,5602.490234375,19669.779296875,3291940000.0,5380810000.0
2024-08-26,5616.83984375,19516.439453125,5651.6201171875,19726.900390625,5602.33984375,19437.33984375,5639.66015625,19679.240234375,2938570000.0,5110940000.0
2024-08-27,5625.7998046875,19581.51953125,5631.18017578125,19617.919921875,5593.47998046875,19369.529296875,5602.89013671875,19450.5703125,2798990000.0,4362380000.0
2024-08-28,5592.18017578125,19350.779296875,5627.02978515625,19587.0390625,5560.9501953125,19221.48046875,5624.509765625,19567.44921875,3053450000.0,5211920000.0
2024-08-29,5591.9599609375,19325.44921875,5646.9501953125,19622.73046875,5583.7099609375,19281.650390625,5607.2998046875,19425.279296875,3065640000.0,5727780000.0
2024-08-30,5648.39990234375,19574.640625,5651.3701171875,19582.169921875,5581.7900390625,19326.619140625,5612.740234375,19506.26953125,4185850000.0,5531150000.0
2024-09-03,5528.93017578125,18958.740234375,5623.89013671875,19438.109375,5504.330078125,18869.80078125,5623.89013671875,19438.109375,3866350000.0,5813970000.0
2024-09-04,5520.06982421875,18921.400390625,5552.990234375,19070.8203125,5503.66015625,18808.759765625,5506.68017578125,18832.640625,3478140000.0,5011820000.0
2024-09-05,5503.41015625,18930.330078125,5546.2998046875,19102.359375,5480.5400390625,18806.830078125,5520.080078125,18864.419921875,3521650000.0,4983030000.0
2024-09-06,5408.419921875,18421.310546875,5522.47021484375,18930.76953125,5402.6201171875,18400.970703125,5507.330078125,18903.029296875,3822800000.0,5549030000.0
2024-09-09,5471.0498046875,18660.779296875,5484.2001953125,18693.859375,5434.490234375,18469.400390625,5442.06982421875,18579.80078125,3825940000.0,5132150000.0
2024-09-10,5495.52001953125,18829.140625,5497.91015625,18845.740234375,5441.72021484375,18570.669921875,5490.509765625,18722.150390625,3848180000.0,4963740000.0
2024-09-11,5554.1298828125,19237.30078125,5560.41015625,19266.390625,5406.9599609375,18531.580078125,5496.419921875,18866.0,3839450000.0,6086930000.0
2024-09-12,5595.759765625,19423.0703125,5600.7099609375,19456.41015625,5535.5,19166.80078125,5557.47998046875,19236.419921875,3655070000.0,4983120000.0
2024-09-13,5626.02001953125,19514.58984375,5636.27001953125,19556.80078125,5601.64990234375,19384.689453125,5603.33984375,19396.099609375,3500790000.0,4802880000.0
2024-09-16,5633.08984375,19423.060546875,5636.0498046875,19446.060546875,5604.52978515625,19294.1796875,5615.2099609375,19412.7890625,3437070000.0,4675530000.0
2024-09-17,5634.580078125,19432.400390625,5670.81005859375,19596.33984375,5614.0498046875,19337.119140625,5655.509765625,19539.75,3443600000.0,4959520000.0
2024-09-18,5618.259765625,19344.490234375,5689.75,19643.509765625,5615.080078125,19330.810546875,5641.68017578125,19478.509765625,3691390000.0,5611630000.0
2024-09-19,5713.64013671875,19839.830078125,5733.56982421875,19951.7890625,5686.419921875,19723.939453125,5702.6298828125,19798.7109375,4024530000.0,5574650000.0
2024-09-20,5702.5498046875,19791.490234375,5715.14013671875,19845.69921875,5674.490234375,19632.73046875,5709.64013671875,19816.2890625,7867260000.0,9914480000.0
2024-09-23,5718.56982421875,19852.19921875,5725.35986328125,19892.779296875,5704.22021484375,19797.8203125,5711.89990234375,19848.7109375,3529550000.0,5237310000.0
2024-09-24,5732.93017578125,19944.83984375,5735.31982421875,19984.470703125,5698.990234375,19739.669921875,5727.66015625,19917.560546875,3872710000.0,5347580000.0
2024-09-25,5722.259765625,19972.609375,5741.02978515625,20043.4296875,5712.06005859375,19921.220703125,5733.64990234375,19922.279296875,3624910000.0,4858060000.0
2024-09-26,5745.3701171875,20115.5390625,5767.3701171875,20273.30078125,5721.009765625,19966.990234375,5762.22021484375,20273.30078125,4391180000.0,5669210000.0
2024-09-27,5738.169921875,20008.619140625,5763.77978515625,20152.529296875,5727.33984375,19964.130859375,5755.35986328125,20147.279296875,3898530000.0,5367890000.0
2024-09-30,5762.47998046875,20060.689453125,5765.14013671875,20072.4296875,5703.52978515625,19852.849609375,5726.52001953125,19959.259765625,4425730000.0,5846150000.0
2024-10-01,5708.75,19773.30078125,5757.72998046875,20056.19921875,5681.27978515625,19622.2890625,5757.72998046875,20046.060546875,4025180000.0,5879980000.0
2024-10-02,5709.5400390625,19802.58984375,5719.6298828125,19876.69921875,5674.0,19630.91015625,5698.14013671875,19725.94921875,3829050000.0,5489040000.0
2024-10-03,5699.93994140625,19793.33984375,5718.77978515625,19902.69921875,5677.3701171875,19688.220703125,5698.18994140625,19712.330078125,3597450000.0,5208990000.0
2024-10-04,5751.06982421875,20035.01953125,5753.2099609375,20045.689453125,5702.830078125,19829.490234375,5737.47998046875,20025.16015625,3479400000.0,5136070000.0
2024-10-07,5695.93994140625,19800.740234375,5739.33984375,19990.119140625,5686.85009765625,19763.0390625,5737.7998046875,19954.66015625,3637790000.0,5240320000.0
2024-10-08,5751.1298828125,20107.779296875,5757.60009765625,20132.669921875,5714.56005859375,19881.080078125,5719.14013671875,19902.2109375,3393400000.0,5566510000.0
2024-10-09,5792.0400390625,20268.859375,5796.7998046875,20284.419921875,5745.02001953125,20047.859375,5751.7998046875,20097.560546875,3650340000.0,5228670000.0
2024-10-10,5780.0498046875,20241.759765625,5795.02978515625,20314.240234375,5764.759765625,20117.19921875,5778.35986328125,20165.25,3208790000.0,5855390000.0
2024-10-11,5815.02978515625,20271.970703125,5822.1298828125,20313.19921875,5775.08984375,20142.1796875,5775.08984375,20154.83984375,3208720000.0,5140440000.0
2024-10-14,5859.85009765625,20439.05078125,5871.41015625,20493.900390625,5829.56982421875,20355.060546875,5829.81005859375,20366.060546875,3005250000.0,4894710000.0
2024-10-15,5815.259765625,20159.830078125,5870.35986328125,20484.310546875,5804.47998046875,20083.560546875,5866.740234375,20442.76953125,3882120000.0,6522700000.0
2024-10-16,5842.47021484375,20174.05078125,5846.52001953125,20200.58984375,5808.33984375,20036.73046875,5816.580078125,20172.869140625,3467230000.0,5257570000.0
2024-10-17,5841.47021484375,20190.419921875,5878.4599609375,20377.650390625,5840.25,20186.4296875,5875.6201171875,20375.2890625,3480010000.0,5806860000.0
2024-10-18,5864.669921875,20324.0390625,5872.169921875,20360.2890625,5846.10986328125,20273.55078125,5859.43017578125,20288.48046875,3374490000.0,5090190000.0
2024-10-21,5853.97998046875,20361.470703125,5866.919921875,20386.6796875,5824.7900390625,20193.029296875,5857.81982421875,20280.490234375,3407010000.0,6092180000.0
2024-10-22,5851.2001953125,20390.4609375,5863.0400390625,20437.9296875,5821.169921875,20218.849609375,5832.7001953125,20256.970703125,3342080000.0,6407180000.0
2024-10-23,5797.419921875,20066.9609375,5834.85009765625,20312.779296875,5762.41015625,19934.919921875,5834.5,20303.55078125,3532650000.0,6245610000.0
2024-10-24,5809.85986328125,20232.869140625,5817.7998046875,20256.380859375,5784.919921875,20116.880859375,5817.7998046875,20197.619140625,3543030000.0,5761280000.0
2024-10-25,5808.1201171875,20352.01953125,5862.81982421875,20552.8203125,5799.97998046875,20322.25,5826.75,20354.91015625,3501280000.0,6100040000.0
2024-10-28,5823.52001953125,20351.0703125,5842.919921875,20470.4296875,5823.080078125,20344.8203125,5833.93017578125,20455.009765625,3691280000.0,5641660000.0
2024-10-29,5832.919921875,20550.650390625,5847.18994140625,20600.099609375,5802.169921875,20294.580078125,5819.68017578125,20369.080078125,3879100000.0,6881170000.0
2024-10-30,5813.669921875,20387.69921875,5850.93994140625,20559.51953125,5811.27978515625,20378.75,5832.64990234375,20510.919921875,3851120000.0,6514690000.0
2024-10-31,5705.4501953125,19890.419921875,5775.33984375,20227.189453125,5702.85986328125,19880.259765625,5775.33984375,20227.189453125,4425660000.0,6411940000.0
2024-11-01,5728.7998046875,20033.140625,5772.52001953125,20162.5390625,5723.22021484375,19950.990234375,5723.22021484375,19955.830078125,3796450000.0,5896470000.0
2024-11-04,5712.68994140625,19963.599609375,5741.43017578125,20106.990234375,5696.509765625,19898.5703125,5725.14990234375,20011.55078125,3602060000.0,5762320000.0
2024-11-05,5782.759765625,20227.4609375,5783.43994140625,20249.2109375,5722.10009765625,20042.9296875,5722.43017578125,20042.9296875,3768310000.0,7060340000.0
2024-11-06,5929.0400390625,20781.330078125,5936.14013671875,20807.029296875,5864.89013671875,20526.640625,5864.89013671875,20571.2890625,6329530000.0,8138050000.0
2024-11-07,5973.10009765625,21101.5703125,5983.83984375,21132.80078125,5947.2099609375,20896.41015625,5947.2099609375,20896.41015625,4925740000.0,9232670000.0
2024-11-08,5995.5400390625,21117.1796875,6012.4501953125,21155.0,5976.759765625,21050.3203125,5976.759765625,21083.580078125,4666740000.0,7316010000.0
2024-11-11,6001.35009765625,21106.58984375,6017.31005859375,21182.029296875,5986.68994140625,20993.48046875,6008.85986328125,21171.240234375,4333000000.0,8087930000.0
2024-11-12,5983.990234375,21070.7890625,6009.919921875,21144.669921875,5960.080078125,20946.740234375,6003.60009765625,21105.490234375,4243400000.0,7816410000.0
2024-11-13,5985.3798828125,21036.16015625,6008.18994140625,21154.939453125,5965.91015625,20955.240234375,5985.75,21049.66015625,4220180000.0,9623670000.0
2024-11-14,5949.169921875,20896.669921875,5993.8798828125,21067.66015625,5942.27978515625,20864.01953125,5989.68017578125,21052.0703125,4184570000.0,8680480000.0
2024-11-15,5870.6201171875,20394.130859375,5915.31982421875,20684.560546875,5853.009765625,20315.080078125,5912.7900390625,20679.98046875,4590960000.0,8002270000.0
2024-11-18,5893.6201171875,20539.189453125,5908.1201171875,20622.279296875,5865.9501953125,20401.259765625,5874.169921875,20450.2109375,3983860000.0,8455360000.0
2024-11-19,5916.97998046875,20684.58984375,5923.509765625,20696.470703125,5855.2900390625,20423.30078125,5870.0498046875,20435.6796875,4036940000.0,7246610000.0
2024-11-20,5917.10986328125,20667.099609375,5920.669921875,20676.5703125,5860.56005859375,20402.5390625,5914.33984375,20660.83984375,3772620000.0,7121670000.0
2024-11-21,5948.7099609375,20740.779296875,5963.31982421875,20814.9296875,5887.259765625,20436.80078125,5940.580078125,20775.26953125,4230120000.0,7492540000.0
2024-11-22,5969.33984375,20776.23046875,5972.89990234375,20797.240234375,5944.35986328125,20655.720703125,5944.35986328125,20737.490234375,4141420000.0,6575820000.0
2024-11-25,5987.3701171875,20804.890625,6020.75,20998.490234375,5963.91015625,20712.380859375,5992.27978515625,20918.759765625,5633150000.0,7932980000.0
2024-11-26,6021.6298828125,20922.900390625,6025.419921875,20944.900390625,5992.27001953125,20832.400390625,6000.02978515625,20871.55078125,3835170000.0,6411770000.0
2024-11-27,5998.740234375,20744.490234375,6020.16015625,20853.080078125,5984.8701171875,20615.419921875,6014.10986328125,20852.4296875,3363340000.0,5619090000.0
2024-11-29,6032.3798828125,20930.369140625,6044.169921875,20956.310546875,6003.97998046875,20751.9609375,6003.97998046875,20771.01953125,2444420000.0,4042550000.0
2024-12-02,6047.14990234375,21164.599609375,6053.580078125,21201.029296875,6035.330078125,20971.759765625,6040.10986328125,20971.759765625,4412470000.0,6370530000.0
2024-12-03,6049.8798828125,21229.3203125,6052.06982421875,21235.7890625,6033.39013671875,21081.810546875,6042.97021484375,21106.509765625,4095000000.0,6005160000.0
2024-12-04,6086.490234375,21492.359375,6089.83984375,21498.439453125,6061.06005859375,21340.83984375,6069.39013671875,21361.810546875,4003390000.0,7870030000.0
2024-12-05,6075.10986328125,21425.220703125,6094.5498046875,21517.490234375,6072.89990234375,21411.529296875,6089.02978515625,21488.51953125,4212020000.0,7229510000.0
2024-12-06,6090.27001953125,21622.25,6099.97021484375,21626.310546875,6079.97998046875,21449.619140625,6081.3798828125,21458.580078125,3924830000.0,6787610000.0
2024-12-09,6052.85009765625,21440.8203125,6088.509765625,21609.990234375,6048.6298828125,21400.76953125,6083.009765625,21573.759765625,4556460000.0,7884620000.0
2024-12-10,6034.91015625,21368.1796875,6065.39990234375,21567.01953125,6029.89013671875,21313.26953125,6057.58984375,21492.509765625,4048410000.0,6843850000.0
2024-12-11,6084.18994140625,21763.98046875,6092.58984375,21784.7109375,6060.14990234375,21533.890625,6060.14990234375,21540.380859375,4269950000.0,6639720000.0
2024-12-12,6051.25,21615.26953125,6079.68017578125,21715.830078125,6051.25,21596.669921875,6074.2900390625,21652.849609375,3678010000.0,7047550000.0
2024-12-13,6051.08984375,21780.25,6078.580078125,21886.740234375,6035.77001953125,21646.08984375,6068.169921875,21789.650390625,3584960000.0,6028250000.0
2024-12-16,6074.080078125,22096.66015625,6085.18994140625,22133.220703125,6059.14013671875,21879.740234375,6063.7900390625,21891.359375,4391100000.0,8855040000.0
2024-12-17,6050.60986328125,22001.080078125,6057.68017578125,22062.0,6035.18994140625,21921.2109375,6052.5498046875,22003.640625,4544500000.0,9534350000.0
2024-12-18,5872.16015625,21209.3203125,6070.669921875,22038.080078125,5867.7900390625,21146.830078125,6047.64990234375,21979.529296875,5246960000.0,9996120000.0
2024-12-19,5867.080078125,21110.509765625,5935.52001953125,21413.740234375,5866.06982421875,21093.4609375,5912.7099609375,21358.7890625,4896880000.0,8029590000.0
2024-12-20,5930.85009765625,21289.150390625,5982.06005859375,21540.3203125,5832.2998046875,20913.720703125,5842.0,20939.640625,8223220000.0,10962450000.0
2024-12-23,5974.06982421875,21503.169921875,5978.25,21510.08984375,5902.56982421875,21224.26953125,5940.25,21364.259765625,3593280000.0,6820720000.0
2024-12-24,6040.0400390625,21797.650390625,6040.10009765625,21797.650390625,5981.43994140625,21558.970703125,5984.6298828125,21564.369140625,1757720000.0,4739190000.0
2024-12-26,6037.58984375,21768.310546875,6049.75,21837.69921875,6007.3701171875,21645.619140625,6024.97021484375,21733.98046875,2904530000.0,6467910000.0
2024-12-27,5970.83984375,21473.01953125,6006.169921875,21642.259765625,5932.9501953125,21292.189453125,6006.169921875,21633.099609375,3159610000.0,7765120000.0
2024-12-30,5906.93994140625,21197.08984375,5940.7900390625,21346.060546875,5869.16015625,21046.630859375,5920.669921875,21189.099609375,3433250000.0,8384090000.0
2024-12-31,5881.6298828125,21012.169921875,5929.740234375,21276.140625,5868.85986328125,20979.51953125,5919.740234375,21256.01953125,3128350000.0,8873030000.0
2025-01-02,5868.5498046875,20975.619140625,5935.08984375,21236.58984375,5829.52978515625,20800.5,5903.259765625,21120.05078125,3621680000.0,8737550000.0
2025-01-03,5942.47021484375,21326.16015625,5949.33984375,21359.630859375,5888.66015625,21075.890625,5891.06982421875,21096.7890625,3667340000.0,8214050000.0
2025-01-06,5975.3798828125,21559.5,6021.0400390625,21703.490234375,5960.009765625,21462.51953125,5982.81005859375,21551.1796875,4940120000.0,9586840000.0
2025-01-07,5909.02978515625,21173.0390625,6000.68017578125,21621.25,5890.68017578125,21101.08984375,5993.259765625,21619.890625,4517330000.0,13371130000.0
2025-01-08,5918.25,21180.970703125,5927.89013671875,21242.609375,5874.77978515625,20992.080078125,5910.66015625,21156.759765625,4441740000.0,8851720000.0
2025-01-10,5827.0400390625,20847.580078125,5890.35009765625,21015.509765625,5807.77978515625,20718.779296875,5890.35009765625,21012.2890625,4751930000.0,8608880000.0
2025-01-13,5836.22021484375,20784.720703125,5838.60986328125,20797.099609375,5773.31005859375,20538.330078125,5782.02001953125,20593.650390625,4421200000.0,7830760000.0
2025-01-14,5842.91015625,20757.41015625,5871.919921875,20969.51953125,5805.419921875,20622.720703125,5859.27001953125,20896.359375,4142280000.0,7168110000.0
2025-01-15,5949.91015625,21237.849609375,5960.60986328125,21286.009765625,5905.2099609375,21024.26953125,5905.2099609375,21067.810546875,4544570000.0,7260250000.0
2025-01-16,5937.33984375,21091.25,5964.68994140625,21330.58984375,5930.72021484375,21087.849609375,5963.60986328125,21324.98046875,4285810000.0,7085990000.0
2025-01-17,5996.66015625,21441.16015625,6014.9599609375,21515.759765625,5978.43994140625,21334.630859375,5995.39990234375,21461.900390625,4366830000.0,7996360000.0
2025-01-21,6049.240234375,21566.509765625,6051.509765625,21620.23046875,6006.8798828125,21379.060546875,6014.1201171875,21557.8203125,4702920000.0,8015780000.0
2025-01-22,6086.3701171875,21853.0,6100.81005859375,21943.0390625,6076.1298828125,21756.23046875,6081.39013671875,21756.23046875,4323040000.0,7219060000.0
2025-01-23,6118.7099609375,21900.9296875,6118.72998046875,21900.9296875,6074.669921875,21722.0390625,6076.31982421875,21737.240234375,4432250000.0,6837700000.0
2025-01-24,6101.240234375,21774.009765625,6128.18017578125,21945.48046875,6088.740234375,21709.060546875,6121.43017578125,21915.48046875,4214250000.0,7708150000.0
2025-01-27,6012.27978515625,21127.279296875,6017.169921875,21292.5390625,5962.919921875,20974.900390625,5969.0400390625,21000.169921875,5198750000.0,8870200000.0
2025-01-28,6067.7001953125,21463.0390625,6074.5400390625,21500.73046875,5994.6298828125,21043.130859375,6026.97021484375,21186.080078125,4473640000.0,7121740000.0
2025-01-29,6039.31005859375,21411.4609375,6062.830078125,21477.880859375,6012.9599609375,21251.80078125,6057.7001953125,21473.009765625,4115310000.0,6497710000.0
2025-01-30,6071.169921875,21508.119140625,6086.64013671875,21623.44921875,6027.4599609375,21308.689453125,6050.75,21519.810546875,4634620000.0,6679500000.0
2025-01-31,6040.52978515625,21478.05078125,6120.91015625,21846.009765625,6030.93017578125,21425.7890625,6096.7900390625,21661.560546875,4843770000.0,7947370000.0
2025-02-03,5994.56982421875,21297.580078125,6022.1298828125,21406.580078125,5923.93017578125,21004.349609375,5969.64990234375,21084.640625,4797210000.0,8272460000.0
2025-02-04,6037.8798828125,21566.919921875,6042.47998046875,21582.400390625,5990.8701171875,21308.240234375,5998.14013671875,21319.580078125,4410160000.0,6477050000.0
2025-02-05,6061.47998046875,21658.16015625,6062.85986328125,21662.98046875,6007.06005859375,21408.640625,6020.4501953125,21453.869140625,4756250000.0,6712220000.0
2025-02-06,6083.56982421875,21774.0703125,6084.02978515625,21776.080078125,6046.830078125,21618.25,6072.22021484375,21674.169921875,4847120000.0,6642100000.0
2025-02-07,6025.990234375,21491.310546875,6101.27978515625,21869.3203125,6019.9599609375,21465.4609375,6083.1298828125,21776.279296875,4766900000.0,7748940000.0
2025-02-10,6066.43994140625,21756.73046875,6073.3798828125,21793.130859375,6044.83984375,21645.169921875,6046.39990234375,21670.060546875,4458760000.0,9535440000.0
2025-02-11,6068.5,21693.51953125,6076.27978515625,21776.25,6042.33984375,21625.509765625,6049.31982421875,21629.109375,4324880000.0,9269380000.0
2025-02-12,6051.97021484375,21719.259765625,6063.0,21745.66015625,6003.0,21454.189453125,6025.080078125,21475.41015625,4627960000.0,7946550000.0
2025-02-13,6115.06982421875,22030.7109375,6116.91015625,22038.150390625,6050.9501953125,21758.0390625,6060.58984375,21786.16015625,4763800000.0,8414510000.0
2025-02-14,6114.6298828125,22114.689453125,6127.47021484375,22139.4296875,6107.6201171875,22010.349609375,6115.52001953125,22038.609375,4335190000.0,7995720000.0
2025-02-18,6129.580078125,22164.609375,6129.6298828125,22191.369140625,6099.509765625,22029.580078125,6121.60009765625,22176.009765625,4684980000.0,8683170000.0
2025-02-19,6144.14990234375,22175.599609375,6147.43017578125,22222.609375,6111.14990234375,22045.75,6117.759765625,22121.73046875,4562330000.0,8171530000.0
2025-02-20,6117.52001953125,22068.060546875,6134.5,22148.439453125,6084.58984375,21878.75,6134.5,22132.7109375,4813690000.0,7329270000.0
2025-02-21,6013.1298828125,21614.080078125,6114.81982421875,22115.2109375,6008.56005859375,21597.16015625,6114.10009765625,22110.5390625,5434560000.0,8461020000.0
2025-02-24,5983.25,21352.080078125,6043.64990234375,21727.580078125,5977.830078125,21341.9609375,6026.68994140625,21669.359375,4990120000.0,7414760000.0
2025-02-25,5955.25,21087.25,5992.64990234375,21326.810546875,5908.490234375,20930.580078125,5982.72998046875,21318.76953125,5374690000.0,7991440000.0
2025-02-26,5956.06005859375,21132.919921875,6009.81982421875,21350.51953125,5932.68994140625,21012.619140625,5970.8701171875,21170.509765625,4869580000.0,7034450000.0
2025-02-27,5861.56982421875,20550.94921875,5993.68994140625,21323.91015625,5858.77978515625,20540.6796875,5981.8798828125,21281.359375,5057680000.0,7700290000.0
2025-02-28,5954.5,20884.41015625,5959.39990234375,20900.76953125,5837.66015625,20407.44921875,5856.740234375,20518.650390625,6441140000.0,8247520000.0
2025-03-03,5849.72021484375,20425.580078125,5986.08984375,21073.80078125,5810.91015625,20279.5,5968.330078125,20989.580078125,5613850000.0,8170140000.0
2025-03-04,5778.14990234375,20352.529296875,5865.080078125,20688.4609375,5732.58984375,20034.6796875,5811.97998046875,20281.880859375,6138110000.0,8469180000.0
2025-03-05,5842.6298828125,20628.4609375,5860.58984375,20688.720703125,5742.35009765625,20182.5703125,5781.35986328125,20363.220703125,5285970000.0,7048430000.0
2025-03-06,5738.52001953125,20052.630859375,5812.080078125,20473.41015625,5711.64013671875,19968.560546875,5785.8701171875,20231.740234375,5165080000.0,7686200000.0
2025-03-07,5770.2001953125,20201.369140625,5783.009765625,20253.220703125,5666.2900390625,19736.810546875,5726.009765625,20015.619140625,5705140000.0,8135420000.0
2025-03-10,5614.56005859375,19430.94921875,5705.3701171875,19867.080078125,5564.02001953125,19243.310546875,5705.3701171875,19826.9609375,6409370000.0,8636040000.0
2025-03-11,5572.06982421875,19376.9609375,5636.2998046875,19659.4296875,5528.41015625,19180.560546875,5603.64990234375,19405.51953125,6221240000.0,9177320000.0
2025-03-12,5599.2998046875,19596.01953125,5642.18994140625,19756.08984375,5546.08984375,19375.25,5624.83984375,19663.390625,5219830000.0,7746430000.0
2025-03-13,5521.52001953125,19225.48046875,5597.77978515625,19558.560546875,5504.64990234375,19152.5703125,5594.4501953125,19534.369140625,5018980000.0,7147050000.0
2025-03-14,5638.93994140625,19704.640625,5645.27001953125,19729.2109375,5563.85009765625,19436.0390625,5563.85009765625,19458.890625,4863180000.0,7093850000.0
2025-03-17,5675.1201171875,19812.240234375,5703.52001953125,19943.810546875,5631.1201171875,19622.470703125,5635.60009765625,19670.689453125,5031770000.0,6306340000.0
2025-03-18,5614.66015625,19483.359375,5654.52978515625,19676.05078125,5597.759765625,19397.080078125,5654.52978515625,19657.099609375,4666270000.0,6450530000.0
2025-03-19,5675.2900390625,19736.66015625,5715.330078125,19921.619140625,5622.2001953125,19497.7890625,5632.3701171875,19576.3203125,4660090000.0,6302310000.0
2025-03-20,5662.89013671875,19677.609375,5711.14990234375,19888.849609375,5632.330078125,19549.310546875,5646.919921875,19558.279296875,4678420000.0,6098330000.0
2025-03-21,5667.56005859375,19753.970703125,5670.83984375,19767.98046875,5603.10009765625,19409.1796875,5630.72998046875,19466.439453125,9367460000.0,8837930000.0
2025-03-24,5767.56982421875,20180.44921875,5775.14013671875,20208.83984375,5718.080078125,20024.970703125,5718.080078125,20041.2109375,4517990000.0,6787790000.0
2025-03-25,5776.64990234375,20287.830078125,5786.9501953125,20292.189453125,5760.419921875,20164.0703125,5775.9599609375,20196.5,4467340000.0,6475790000.0
2025-03-26,5712.2001953125,19916.990234375,5783.6201171875,20270.189453125,5694.41015625,19848.490234375,5771.66015625,20239.0390625,4183140000.0,9091510000.0
2025-03-27,5693.31005859375,19798.619140625,5732.27978515625,20003.359375,5670.93994140625,19740.220703125,5695.64013671875,19814.609375,4403460000.0,8002470000.0
2025-03-28,5580.93994140625,19281.400390625,5685.89013671875,19752.44921875,5572.419921875,19241.5390625,5679.2001953125,19718.4609375,4513330000.0,7015410000.0
2025-03-31,5611.85009765625,19278.44921875,5627.56005859375,19316.060546875,5488.72998046875,18799.19921875,5527.91015625,18998.5390625,5257250000.0,8122180000.0
2025-04-01,5633.06982421875,19436.419921875,5650.56982421875,19468.619140625,5558.52001953125,19095.169921875,5597.52978515625,19192.76953125,4434500000.0,7756540000.0
2025-04-02,5670.97021484375,19581.779296875,5695.31005859375,19707.33984375,5571.47998046875,19157.19921875,5580.759765625,19182.390625,4243830000.0,9126630000.0
2025-04-03,5396.52001953125,18521.470703125,5499.52978515625,18902.0703125,5390.830078125,18502.970703125,5492.740234375,18774.150390625,7210470000.0,9461330000.0
2025-04-04,5074.080078125,17397.69921875,5292.14013671875,18089.25,5069.89990234375,17387.830078125,5292.14013671875,18022.16015625,8853500000.0,11038180000.0
2025-04-07,5062.25,17430.6796875,5246.56982421875,18191.5,4835.0400390625,16542.19921875,4953.7900390625,16771.76953125,8691980000.0,12483580000.0
2025-04-08,4982.77001953125,17090.400390625,5267.47021484375,18207.009765625,4910.419921875,16850.1796875,5193.56982421875,18034.4609375,7408140000.0,10496650000.0
2025-04-09,5456.89990234375,19145.060546875,5481.33984375,19234.01953125,4948.43017578125,17082.359375,4965.27978515625,17116.529296875,9489600000.0,13479740000.0
2025-04-10,5268.0498046875,18343.5703125,5353.14990234375,18710.580078125,5115.27001953125,17794.5,5353.14990234375,18626.109375,6677140000.0,11861670000.0
2025-04-11,5363.35986328125,18690.05078125,5381.4599609375,18728.94921875,5220.77001953125,18153.3203125,5255.56005859375,18309.2890625,5602550000.0,9444890000.0
2025-04-14,5405.97021484375,18796.01953125,5459.4599609375,19115.150390625,5358.02001953125,18614.759765625,5441.9599609375,19095.490234375,5031440000.0,9667260000.0
2025-04-15,5396.6298828125,18830.23046875,5450.41015625,19004.169921875,5386.43994140625,18754.869140625,5411.990234375,18831.98046875,4317110000.0,7483050000.0
2025-04-16,5275.7001953125,18257.640625,5367.240234375,18597.3203125,5220.7900390625,17995.9609375,5335.75,18475.759765625,4607750000.0,7909190000.0
2025-04-17,5282.7001953125,18258.08984375,5328.31005859375,18401.05078125,5255.580078125,18144.4609375,5305.4501953125,18369.900390625,4714880000.0,7046290000.0
2025-04-21,5158.2001953125,17808.30078125,5232.93994140625,18043.080078125,5101.6298828125,17592.919921875,5232.93994140625,18023.009765625,4226340000.0,6678730000.0
2025-04-22,5287.759765625,18276.41015625,5309.60986328125,18396.390625,5207.669921875,17993.240234375,5207.669921875,18033.900390625,4666950000.0,6981900000.0
2025-04-23,5375.85986328125,18693.259765625,5469.68994140625,19043.009765625,5356.169921875,18618.890625,5395.919921875,18870.630859375,5371390000.0,8564870000.0
2025-04-24,5484.77001953125,19214.400390625,5489.39990234375,19224.80078125,5371.9599609375,18744.470703125,5381.3798828125,18756.529296875,4697710000.0,7607400000.0
2025-04-25,5525.2099609375,19432.560546875,5528.10986328125,19447.560546875,5455.85986328125,19133.23046875,5489.72998046875,19209.720703125,4236580000.0,7412930000.0
2025-04-28,5528.75,19427.2890625,5553.66015625,19519.330078125,5468.64013671875,19162.4609375,5529.22021484375,19432.720703125,4257880000.0,10313290000.0
2025-04-29,5560.830078125,19544.94921875,5571.9501953125,19582.76953125,5505.7001953125,19304.830078125,5508.8701171875,19315.94921875,4747150000.0,13001930000.0
2025-04-30,5569.06005859375,19571.01953125,5581.83984375,19612.759765625,5433.240234375,19011.98046875,5499.43994140625,19168.08984375,5449490000.0,8595330000.0
2025-05-01,5604.14013671875,19786.7109375,5658.91015625,20024.48046875,5597.35009765625,19763.140625,5625.14013671875,19866.830078125,4935270000.0,8409690000.0
2025-05-02,5686.669921875,20102.609375,5700.7001953125,20176.599609375,5642.27978515625,19936.669921875,5645.8798828125,19986.609375,4854380000.0,8180190000.0
2025-05-05,5650.3798828125,19967.939453125,5683.3798828125,20100.609375,5634.47998046875,19899.279296875,5655.31982421875,19928.8203125,4358260000.0,7075320000.0
2025-05-06,5606.91015625,19791.349609375,5649.580078125,19927.23046875,5586.0400390625,19659.3203125,5605.8701171875,19709.640625,4717260000.0,6958220000.0
2025-05-07,5631.27978515625,19867.970703125,5654.72998046875,19960.859375,5578.64013671875,19605.0703125,5614.18017578125,19804.5,4987440000.0,7977870000.0
2025-05-08,5663.93994140625,20063.560546875,5720.10009765625,20249.759765625,5635.3798828125,19907.669921875,5663.60009765625,20067.4296875,5627400000.0,8500390000.0
2025-05-09,5659.91015625,20061.44921875,5691.68994140625,20203.580078125,5644.14990234375,19984.529296875,5679.64990234375,20170.369140625,4645090000.0,8835140000.0
2025-05-12,5844.18994140625,20868.150390625,5845.3701171875,20870.119140625,5786.080078125,20613.26953125,5807.2001953125,20818.779296875,6014580000.0,10717670000.0
2025-05-13,5886.5498046875,21197.69921875,5906.64013671875,21259.390625,5845.02001953125,20891.1796875,5854.14990234375,20906.919921875,5516290000.0,9242230000.0
2025-05-14,5892.580078125,21319.2109375,5906.5498046875,21336.48046875,5872.10986328125,21199.849609375,5896.740234375,21254.470703125,5233450000.0,11744820000.0
2025-05-15,5916.93017578125,21335.8203125,5924.2099609375,21443.880859375,5865.16015625,21168.169921875,5869.81982421875,21206.73046875,4991290000.0,10546350000.0
2025-05-16,5958.3798828125,21427.939453125,5958.6201171875,21428.7890625,5907.35986328125,21246.419921875,5929.08984375,21375.630859375,4850850000.0,10509820000.0
2025-05-19,5963.60009765625,21447.05078125,5968.60986328125,21464.560546875,5895.68994140625,21138.130859375,5902.8798828125,21138.130859375,4144010000.0,13080030000.0
2025-05-20,5940.4599609375,21367.369140625,5953.06005859375,21399.990234375,5909.259765625,21226.66015625,5944.66015625,21347.630859375,4416850000.0,9047100000.0
2025-05-21,5844.60986328125,21080.359375,5938.3701171875,21482.98046875,5830.91015625,21002.099609375,5910.18017578125,21217.310546875,5254250000.0,11112460000.0
2025-05-22,5842.009765625,21112.470703125,5878.080078125,21263.1796875,5825.81982421875,21046.220703125,5841.259765625,21097.4609375,5157050000.0,8289710000.0
2025-05-23,5802.81982421875,20915.66015625,5829.509765625,21025.580078125,5767.41015625,20777.970703125,5781.89013671875,20806.369140625,4662820000.0,8730370000.0
2025-05-27,5921.5400390625,21414.990234375,5924.330078125,21429.3203125,5854.06982421875,21145.130859375,5854.06982421875,21201.44921875,5366380000.0,8927760000.0
2025-05-28,5888.5498046875,21318.169921875,5939.919921875,21508.080078125,5881.8798828125,21296.509765625,5925.5400390625,21451.689453125,4665050000.0,8087530000.0
2025-05-29,5912.169921875,21363.94921875,5943.1298828125,21611.5390625,5873.7998046875,21260.73046875,5939.9599609375,21611.5390625,4569750000.0,11016850000.0
2025-05-30,5911.68994140625,21340.990234375,5922.14013671875,21386.2890625,5843.66015625,21032.560546875,5903.669921875,21330.849609375,6378540000.0,9042260000.0
2025-06-02,5935.93994140625,21491.75,5937.39990234375,21500.359375,5861.43017578125,21199.369140625,5896.68017578125,21270.5703125,4832240000.0,7779940000.0
2025-06-03,5970.3701171875,21662.580078125,5981.35009765625,21715.9609375,5929.0,21474.509765625,5938.56005859375,21529.98046875,5026680000.0,7990230000.0
2025-06-04,5970.81005859375,21721.919921875,5990.47998046875,21761.369140625,5966.10986328125,21607.330078125,5978.93994140625,21689.01953125,4767050000.0,7695660000.0
2025-06-05,5939.2998046875,21547.4296875,5999.7001953125,21891.890625,5921.2001953125,21472.76953125,5985.669921875,21782.33984375,5091850000.0,8782360000.0
2025-06-06,6000.35986328125,21761.7890625,6016.8701171875,21836.5703125,5978.6298828125,21696.689453125,5987.06005859375,21777.5,4355710000.0,7291590000.0
2025-06-09,6005.8798828125,21797.869140625,6021.31005859375,21855.150390625,5994.18017578125,21729.30078125,6004.6298828125,21779.1796875,4642360000.0,9538700000.0
2025-06-10,6038.81005859375,21941.919921875,6043.009765625,21961.419921875,6000.27978515625,21727.33984375,6009.91015625,21819.7890625,4882880000.0,11221560000.0
2025-06-11,6022.240234375,21860.80078125,6059.39990234375,22041.830078125,6002.31982421875,21775.26953125,6049.3798828125,21994.16015625,5111550000.0,10214190000.0
2025-06-12,6045.259765625,21913.3203125,6045.43017578125,21952.0,6003.8798828125,21807.0,6009.89990234375,21826.7890625,4669500000.0,16308730000.0
2025-06-13,5976.97021484375,21631.0390625,6026.16015625,21838.470703125,5963.2099609375,21591.109375,6000.56005859375,21675.939453125,5258910000.0,9001850000.0
2025-06-16,6033.10986328125,21937.5703125,6050.830078125,21979.76953125,6004.0,21783.080078125,6004.0,21783.080078125,5111710000.0,9619130000.0
2025-06-17,5982.72021484375,21719.080078125,6023.25,21896.419921875,5974.7998046875,21680.1796875,6012.14990234375,21858.890625,4955700000.0,8519930000.0
2025-06-18,5980.8701171875,21719.689453125,6018.25,21863.0,5971.89013671875,21660.51953125,5987.93017578125,21745.5,5106470000.0,7818790000.0
2025-06-20,5967.83984375,21626.390625,6018.2001953125,21902.990234375,5952.56005859375,21552.810546875,5999.669921875,21834.490234375,7451500000.0,9969140000.0
2025-06-23,6025.169921875,21856.330078125,6028.77001953125,21871.869140625,5943.22998046875,21532.3203125,5969.669921875,21632.779296875,5597000000.0,9088000000.0
2025-06-24,6092.18017578125,22190.51953125,6101.759765625,22220.640625,6059.25,22045.630859375,6061.2099609375,22053.330078125,5443690000.0,8330090000.0
2025-06-25,6092.16015625,22237.740234375,6108.509765625,22329.23046875,6080.08984375,22175.080078125,6104.22998046875,22279.689453125,5171110000.0,8256120000.0
2025-06-26,6141.02001953125,22447.2890625,6146.52001953125,22466.990234375,6107.27001953125,22255.26953125,6112.08984375,22328.240234375,5308140000.0,8383380000.0
2025-06-27,6173.06982421875,22534.19921875,6187.68017578125,22603.220703125,6132.35009765625,22382.7890625,6150.7001953125,22484.869140625,7889350000.0,10951070000.0
2025-06-30,6204.9501953125,22679.009765625,6215.080078125,22721.5,6174.97021484375,22565.109375,6193.35986328125,22632.919921875,5782900000.0,8220420000.0
2025-07-01,6198.009765625,22478.130859375,6210.77978515625,22631.259765625,6177.97021484375,22388.08984375,6187.25,22594.48046875,6275310000.0,8631710000.0
2025-07-02,6227.419921875,22641.890625,6227.60009765625,22644.720703125,6188.2900390625,22448.0703125,6193.8798828125,22451.810546875,5645710000.0,8378750000.0
2025-07-03,6279.35009765625,22866.970703125,6284.64990234375,22896.009765625,6246.4599609375,22736.080078125,6246.4599609375,22751.640625,3378110000.0,6177910000.0
2025-07-07,6229.97998046875,22685.5703125,6262.06982421875,22776.2109375,6201.0,22587.470703125,6259.0400390625,22754.380859375,5236740000.0,8345710000.0
2025-07-08,6225.52001953125,22702.25,6242.7001953125,22761.80078125,6217.75,22652.439453125,6234.02978515625,22735.259765625,5739030000.0,8437480000.0
2025-07-09,6263.259765625,22864.91015625,6269.16015625,22915.330078125,6231.43017578125,22733.650390625,6243.330078125,22800.359375,4813340000.0,9978310000.0
2025-07-10,6280.4599609375,22829.259765625,6290.22021484375,22907.0390625,6251.43994140625,22716.41015625,6266.7998046875,22890.4296875,5367350000.0,9781380000.0
2025-07-11,6259.75,22780.599609375,6269.43994140625,22837.380859375,6237.60009765625,22692.80078125,6255.68017578125,22757.990234375,4656210000.0,8135800000.0
2025-07-14,6268.56005859375,22855.630859375,6273.31005859375,22886.939453125,6239.22021484375,22675.279296875,6255.14990234375,22780.189453125,4722250000.0,8010060000.0
2025-07-15,6243.759765625,22884.58984375,6302.0400390625,23051.869140625,6241.68017578125,22876.470703125,6295.2900390625,23036.859375,5133670000.0,8399060000.0
2025-07-16,6263.7001953125,22907.970703125,6268.1201171875,22928.55078125,6201.58984375,22669.369140625,6254.5,22895.30078125,5177460000.0,9056640000.0
2025-07-17,6297.35986328125,23081.05078125,6304.68994140625,23104.720703125,6262.27001953125,22905.509765625,6263.39990234375,22931.01953125,5512290000.0,9994550000.0
2025-07-18,6296.7900390625,23065.470703125,6315.60986328125,23153.2109375,6285.27001953125,23018.359375,6312.9501953125,23135.08984375,5184700000.0,9354580000.0
2025-07-21,6305.60009765625,23180.060546875,6336.080078125,23264.44921875,6303.7900390625,23122.9296875,6304.740234375,23124.970703125,5010840000.0,12046970000.0
2025-07-22,6309.6201171875,23063.580078125,6316.1201171875,23186.359375,6281.7099609375,22953.849609375,6306.60009765625,23182.01953125,5662040000.0,10583710000.0
2025-07-23,6358.91015625,23162.41015625,6360.64013671875,23168.490234375,6317.490234375,23000.4609375,6326.89990234375,23100.25,5642510000.0,10972770000.0
2025-07-24,6363.35009765625,23219.869140625,6381.31005859375,23268.490234375,6360.56982421875,23150.26953125,6368.60009765625,23228.7890625,5282720000.0,12741070000.0
2025-07-25,6388.64013671875,23272.25,6395.81982421875,23326.30078125,6368.52978515625,23193.990234375,6370.009765625,23204.66015625,4470720000.0,11028310000.0
2025-07-28,6389.77001953125,23356.26953125,6401.06982421875,23386.759765625,6375.7900390625,23299.810546875,6397.68994140625,23343.130859375,4565620000.0,10612580000.0
2025-07-29,6370.85986328125,23308.30078125,6409.259765625,23510.919921875,6363.919921875,23283.400390625,6405.6201171875,23477.83984375,5076120000.0,10040610000.0
2025-07-30,6362.89990234375,23345.41015625,6396.5400390625,23447.150390625,6336.3798828125,23226.919921875,6381.22998046875,23337.330078125,5375070000.0,9311770000.0
2025-07-31,6339.39013671875,23218.119140625,6427.02001953125,23589.369140625,6327.64013671875,23176.119140625,6427.02001953125,23589.369140625,6077080000.0,9917220000.0
2025-08-01,6238.009765625,22763.310546875,6287.27978515625,22972.470703125,6212.68994140625,22673.880859375,6287.27978515625,22941.060546875,5827150000.0,9667420000.0
2025-08-04,6329.93994140625,23188.609375,6330.68994140625,23191.0390625,6271.7099609375,22973.599609375,6271.7099609375,22986.76953125,4842580000.0,7355970000.0
2025-08-05,6299.18994140625,23018.560546875,6346.0,23286.05078125,6289.3701171875,23008.140625,6336.6298828125,23235.310546875,5517410000.0,7982940000.0
2025-08-06,6345.06005859375,23315.0390625,6352.830078125,23330.490234375,6301.10986328125,23042.26953125,6309.2998046875,23070.94921875,5408560000.0,8580020000.0
2025-08-07,6340.0,23389.529296875,6389.7099609375,23560.73046875,6310.31982421875,23225.720703125,6374.31982421875,23483.419921875,5306090000.0,8979190000.0
2025-08-08,6389.4501953125,23611.26953125,6395.16015625,23619.240234375,6355.22021484375,23437.609375,6355.22021484375,23458.130859375,4769910000.0,8669200000.0
2025-08-11,6373.4501953125,23526.630859375,6407.25,23698.0,6364.06005859375,23484.25,6389.669921875,23629.01953125,4652400000.0,9099730000.0
2025-08-12,6445.759765625,23839.19921875,6446.5498046875,23849.5,6385.759765625,23524.279296875,6395.169921875,23651.609375,5135300000.0,8382820000.0
2025-08-13,6466.580078125,23849.0390625,6480.27978515625,23969.279296875,6445.02001953125,23789.119140625,6462.669921875,23935.060546875,5195950000.0,8763080000.0
2025-08-14,6468.5400390625,23832.439453125,6473.919921875,23908.259765625,6441.06982421875,23748.98046875,6453.4599609375,23775.009765625,4462050000.0,9110860000.0
2025-08-15,6449.7998046875,23712.0703125,6481.33984375,23813.990234375,6441.85009765625,23651.2109375,6477.3798828125,23809.0,4575060000.0,8158830000.0
2025-08-18,6449.14990234375,23713.759765625,6455.35009765625,23733.5,6437.7001953125,23637.41015625,6445.02001953125,23692.130859375,4162290000.0,8260970000.0
2025-08-19,6411.3701171875,23384.76953125,6456.47998046875,23695.640625,6400.22021484375,23346.33984375,6446.240234375,23689.01953125,4377440000.0,8461660000.0
2025-08-20,6395.77978515625,23249.5703125,6408.39990234375,23343.41015625,6343.85986328125,22959.69921875,6406.6201171875,23343.41015625,4470390000.0,7810310000.0
2025-08-21,6370.169921875,23142.580078125,6393.64990234375,23264.26953125,6352.7099609375,23046.390625,6380.830078125,23182.759765625,4013560000.0,6530580000.0
2025-08-22,6466.91015625,23498.119140625,6478.89013671875,23575.359375,6384.58984375,23140.0390625,6384.58984375,23184.990234375,5046860000.0,9401300000.0
2025-08-25,6439.31982421875,23425.609375,6466.89013671875,23546.44921875,6438.06005859375,23382.189453125,6457.669921875,23454.279296875,4059070000.0,8443200000.0
2025-08-26,6465.93994140625,23525.2890625,6468.3701171875,23532.509765625,6429.2099609375,23369.0390625,6435.490234375,23420.849609375,4867680000.0,9087930000.0
2025-08-27,6481.39990234375,23565.849609375,6487.06005859375,23591.05078125,6457.83984375,23434.310546875,6462.259765625,23499.669921875,4143680000.0,8040510000.0
2025-08-28,6501.85986328125,23703.44921875,6508.22998046875,23741.23046875,6466.9599609375,23514.69921875,6483.83984375,23601.349609375,4283760000.0,7807080000.0
2025-08-29,6460.259765625,23415.419921875,6491.759765625,23607.5390625,6444.56982421875,23353.9609375,6489.27978515625,23607.5390625,4234840000.0,7715430000.0
2025-09-02,6415.5400390625,23231.109375,6416.5400390625,23242.279296875,6360.580078125,22977.880859375,6401.509765625,23020.470703125,4784000000.0,8183410000.0
2025-09-03,6448.259765625,23414.83984375,6453.669921875,23478.009765625,6416.169921875,23279.119140625,6445.81982421875,23388.279296875,4465360000.0,7488290000.0
2025-09-04,6502.080078125,23633.009765625,6502.5400390625,23639.0390625,6445.97998046875,23371.330078125,6456.60009765625,23442.189453125,4670770000.0,7282150000.0
2025-09-05,6481.5,23652.439453125,6532.64990234375,23860.25,6443.97998046875,23475.330078125,6529.080078125,23841.98046875,5066120000.0,8413730000.0
2025-09-08,6495.14990234375,23762.30078125,6508.669921875,23851.810546875,6483.2900390625,23725.0390625,6498.08984375,23759.619140625,5211500000.0,8435850000.0
2025-09-09,6512.60986328125,23839.80078125,6518.22998046875,23852.419921875,6483.080078125,23698.0,6503.330078125,23824.330078125,4798350000.0,7877410000.0
2025-09-10,6532.0400390625,23849.26953125,6555.97021484375,23958.5390625,6516.33984375,23760.099609375,6550.2900390625,23931.3203125,5253010000.0,9090550000.0
2025-09-11,6587.47021484375,23992.560546875,6592.89013671875,24016.529296875,6545.7998046875,23883.009765625,6554.41015625,23956.5703125,5426460000.0,10025020000.0
2025-09-12,6584.2900390625,24092.189453125,6600.2099609375,24137.060546875,6579.490234375,23983.630859375,6590.66015625,24030.76953125,4641640000.0,9023140000.0
2025-09-15,6615.27978515625,24293.779296875,6619.6201171875,24297.33984375,6602.06982421875,24173.140625,6603.490234375,24178.599609375,5045020000.0,8904030000.0
2025-09-16,6606.759765625,24274.25,6626.990234375,24343.349609375,6600.10986328125,24244.2109375,6624.1298828125,24342.75,5359510000.0,8592240000.0
2025-09-17,6600.35009765625,24223.689453125,6624.39013671875,24292.060546875,6551.14990234375,23999.75,6604.8701171875,24286.4296875,5805340000.0,9325980000.0
2025-09-18,6631.9599609375,24454.890625,6656.7998046875,24554.51953125,6611.89013671875,24347.5390625,6626.85009765625,24421.2109375,5292400000.0,10478450000.0
2025-09-19,6664.35986328125,24626.25,6671.81982421875,24641.9296875,6630.31005859375,24469.279296875,6647.10986328125,24528.439453125,9125960000.0,14632360000.0
2025-09-22,6693.75,24761.0703125,6698.8798828125,24781.73046875,6648.06982421875,24578.08984375,6654.27978515625,24588.1796875,5642620000.0,9736270000.0
2025-09-23,6656.919921875,24580.169921875,6699.52001953125,24764.30078125,6645.580078125,24536.5,6692.43994140625,24752.740234375,5633620000.0,9822620000.0
2025-09-24,6637.97021484375,24503.5703125,6672.66015625,24650.419921875,6621.759765625,24388.58984375,6669.7900390625,24648.970703125,5459180000.0,9184030000.0
2025-09-25,6604.72021484375,24397.310546875,6619.0,24460.66015625,6569.22021484375,24186.369140625,6608.18994140625,24321.73046875,5874670000.0,9960330000.0
2025-09-26,6643.7001953125,24503.849609375,6648.97021484375,24510.369140625,6604.43017578125,24297.69921875,6615.3798828125,24410.94921875,5103110000.0,8488400000.0
2025-09-29,6661.2099609375,24611.349609375,6677.31005859375,24741.76953125,6644.490234375,24560.220703125,6661.580078125,24629.01953125,5358760000.0,9046720000.0
2025-09-30,6688.4599609375,24679.990234375,6691.25,24691.23046875,6641.0,24505.140625,6656.18994140625,24597.400390625,6057210000.0,8928070000.0
2025-10-01,6711.2001953125,24800.859375,6718.47998046875,24816.669921875,6656.2001953125,24517.759765625,6664.919921875,24539.25,6037950000.0,10043980000.0
2025-10-02,6715.35009765625,24892.759765625,6731.93994140625,24944.75,6693.22998046875,24780.109375,6731.31005859375,24933.490234375,5416130000.0,9633200000.0
2025-10-03,6715.7900390625,24785.51953125,6750.8701171875,24958.259765625,6705.669921875,24713.580078125,6722.14013671875,24931.419921875,5713110000.0,10515730000.0
2025-10-06,6740.27978515625,24978.560546875,6749.52001953125,25044.259765625,6717.77978515625,24907.599609375,6733.85986328125,24986.259765625,5604460000.0,10468830000.0
2025-10-07,6714.58984375,24840.23046875,6754.490234375,25062.9609375,6699.9599609375,24783.94921875,6746.14013671875,25031.779296875,5546150000.0,10375920000.0
2025-10-08,6753.72021484375,25136.619140625,6755.64013671875,25142.189453125,6718.08984375,24882.349609375,6723.8701171875,24887.3203125,5383130000.0,10925520000.0
2025-10-09,6735.10986328125,25098.1796875,6764.580078125,25139.349609375,6716.169921875,24966.810546875,6760.5,25124.7890625,5385020000.0,10713200000.0
2025-10-10,6552.509765625,24221.740234375,6762.39990234375,25195.279296875,6550.77978515625,24207.150390625,6740.490234375,25116.830078125,6596610000.0,10713200000.0
2025-10-13,6654.72021484375,24750.25,6668.68017578125,24779.650390625,6620.7099609375,24540.419921875,6622.52978515625,24625.740234375,5303960000.0,9018770000.0
2025-10-14,6644.31005859375,24579.3203125,6680.7001953125,24766.369140625,6555.06982421875,24256.279296875,6602.490234375,24442.9296875,5666920000.0,9776720000.0
2025-10-15,6671.06005859375,24745.359375,6724.1201171875,24933.23046875,6612.10986328125,24496.0703125,6688.27001953125,24807.33984375,5633060000.0,11374850000.0
2025-10-16,6629.06982421875,24657.240234375,6709.33984375,24998.30078125,6593.990234375,24481.169921875,6689.02001953125,24882.220703125,6048180000.0,11343620000.0
2025-10-17,6664.009765625,24817.94921875,6678.8798828125,24881.470703125,6603.759765625,24511.58984375,6613.27001953125,24600.55078125,5358120000.0,9552150000.0
2025-10-20,6735.1298828125,25141.01953125,6744.35009765625,25183.810546875,6690.0498046875,24988.669921875,6690.0498046875,24991.099609375,4672170000.0,9440620000.0
2025-10-21,6735.35009765625,25127.130859375,6752.16015625,25178.23046875,6722.02978515625,25043.060546875,6736.75,25139.80078125,5245020000.0,10845130000.0
2025-10-22,6699.39990234375,24879.009765625,6741.75,25127.060546875,6655.68994140625,24652.109375,6741.33984375,25093.640625,5710010000.0,14361150000.0
2025-10-23,6738.43994140625,25097.41015625,6749.52978515625,25126.779296875,6700.14013671875,24856.33984375,6703.64990234375,24869.599609375,5565750000.0,10363600000.0
2025-10-24,6791.68994140625,25358.16015625,6807.10986328125,25418.640625,6772.06982421875,25288.7109375,6772.06982421875,25307.75,5058220000.0,10308620000.0
2025-10-27,6875.16015625,25821.55078125,6877.27978515625,25839.029296875,6843.93994140625,25656.380859375,6845.4599609375,25701.94921875,5290650000.0,10757830000.0
2025-10-28,6890.89013671875,26012.150390625,6911.2998046875,26087.48046875,6870.72998046875,25864.490234375,6897.740234375,25932.640625,5695930000.0,10640830000.0
2025-10-29,6890.58984375,26119.849609375,6920.33984375,26182.099609375,6851.91015625,25907.44921875,6910.9501953125,26147.720703125,6280130000.0,10089540000.0
2025-10-30,6822.33984375,25734.810546875,6880.75,26031.6796875,6820.68994140625,25732.390625,6860.5,25953.779296875,6052700000.0,10564160000.0
2025-10-31,6840.2001953125,25858.130859375,6879.169921875,26063.490234375,6814.259765625,25761.279296875,6879.169921875,26055.970703125,6398280000.0,10909250000.0
2025-11-03,6851.97021484375,25972.939453125,6882.31982421875,26132.869140625,6820.6201171875,25887.880859375,6882.31982421875,26114.109375,6065720000.0,10360170000.0
2025-11-04,6771.5498046875,25435.69921875,6820.2099609375,25762.23046875,6766.7099609375,25415.619140625,6788.52001953125,25580.33984375,5739510000.0,10227700000.0
2025-11-05,6796.2900390625,25620.029296875,6829.77978515625,25750.880859375,6763.10986328125,25364.900390625,6769.77001953125,25433.220703125,5939600000.0,10026890000.0
2025-11-06,6720.31982421875,25130.0390625,6796.68017578125,25568.240234375,6707.509765625,25083.240234375,6787.58984375,25568.240234375,6051900000.0,11085130000.0
2025-11-07,6728.7998046875,25059.810546875,6730.10986328125,25065.140625,6631.43994140625,24603.779296875,6696.18017578125,24977.73046875,5926070000.0,10141910000.0
2025-11-10,6832.43017578125,25611.740234375,6841.31982421875,25655.509765625,6770.56005859375,25354.439453125,6785.35986328125,25418.169921875,5366050000.0,9297320000.0
2025-11-11,6846.60986328125,25533.490234375,6855.1298828125,25588.259765625,6806.8701171875,25380.859375,6815.64013671875,25500.9296875,4983490000.0,7756810000.0
2025-11-12,6850.919921875,25517.330078125,6869.91015625,25663.169921875,6829.6201171875,25389.73046875,6867.77001953125,25662.189453125,5293610000.0,8449920000.0
2025-11-13,6737.490234375,24993.4609375,6828.0498046875,25396.009765625,6724.72021484375,24908.599609375,6826.47021484375,25386.94921875,5473720000.0,11351410000.0
2025-11-14,6734.10986328125,25008.240234375,6774.31005859375,25198.9296875,6646.8701171875,24534.900390625,6672.14013671875,24658.55078125,5042660000.0,10841540000.0
2025-11-17,6672.41015625,24799.919921875,6754.5,25166.150390625,6638.89990234375,24649.359375,6713.60986328125,24890.099609375,5204220000.0,9744800000.0
2025-11-18,6617.31982421875,24503.099609375,6666.6298828125,24735.119140625,6574.31982421875,24299.2890625,6641.18994140625,24651.779296875,5159390000.0,8606260000.0
2025-11-19,6642.16015625,24640.51953125,6689.75,24904.66015625,6603.5,24432.189453125,6625.83984375,24517.26953125,5021610000.0,8434200000.0
2025-11-20,6538.759765625,24054.380859375,6770.35009765625,25222.94921875,6534.0498046875,24021.439453125,6737.93017578125,25131.490234375,5596080000.0,10548620000.0
2025-11-21,6602.990234375,24239.5703125,6660.0498046875,24521.83984375,6521.919921875,23854.029296875,6555.77001953125,24137.66015625,5929930000.0,9931240000.0
2025-11-24,6705.1201171875,24873.849609375,6715.75,24923.58984375,6630.7001953125,24455.650390625,6636.5400390625,24462.869140625,6039740000.0,9232160000.0
2025-11-25,6765.8798828125,25018.359375,6776.39990234375,25069.5390625,6659.97998046875,24542.7109375,6697.02978515625,24790.0703125,5003330000.0,8498500000.0
2025-11-26,6812.60986328125,25236.939453125,6831.43994140625,25309.150390625,6783.8701171875,25077.859375,6793.5498046875,25168.310546875,4485000000.0,7291400000.0
2025-11-28,6849.08984375,25434.890625,6850.85986328125,25435.76953125,6819.75,25280.9609375,6822.52001953125,25310.279296875,2558540000.0,4541070000.0
2025-12-01,6812.6298828125,25342.849609375,6843.64990234375,25443.2109375,6799.93994140625,25158.630859375,6812.2998046875,25232.75,4549370000.0,7859560000.0
2025-12-02,6829.3701171875,25555.859375,6851.5498046875,25622.580078125,6806.7099609375,25369.359375,6830.9599609375,25449.869140625,4582290000.0,7588580000.0
2025-12-03,6849.72021484375,25606.5390625,6862.419921875,25639.990234375,6810.43017578125,25388.439453125,6815.2900390625,25443.7109375,4736780000.0,7962730000.0
2025-12-04,6857.1201171875,25581.69921875,6866.47021484375,25658.26953125,6827.1201171875,25450.380859375,6866.47021484375,25658.140625,4872440000.0,7456860000.0
2025-12-05,6870.39990234375,25692.05078125,6895.77978515625,25827.080078125,6858.2900390625,25617.349609375,6866.31982421875,25657.779296875,4944560000.0,8248280000.0
2025-12-08,6846.509765625,25627.94921875,6878.27001953125,25828.16015625,6827.18994140625,25531.75,6875.2001953125,25758.8203125,4757130000.0,8533670000.0
2025-12-09,6840.509765625,25668.689453125,6864.919921875,25698.259765625,6837.43017578125,25532.33984375,6840.60986328125,25593.669921875,4508050000.0,7192600000.0
2025-12-10,6886.68017578125,25776.439453125,6900.669921875,25835.029296875,6824.68994140625,25504.30078125,6833.490234375,25631.58984375,5526570000.0,7987900000.0
2025-12-11,6901.0,25686.689453125,6903.4599609375,25696.2890625,6833.4501953125,25372.1796875,6861.2998046875,25598.390625,5021060000.0,8337770000.0
2025-12-12,6827.41015625,25196.73046875,6899.85009765625,25605.880859375,6801.7900390625,25104.6796875,6886.85009765625,25531.55078125,4910160000.0,8724070000.0
2025-12-15,6816.509765625,25067.26953125,6861.58984375,25377.619140625,6801.490234375,25022.810546875,6860.18994140625,25352.869140625,4975600000.0,8649240000.0
2025-12-16,6800.259765625,25132.939453125,6819.27001953125,25188.759765625,6759.740234375,24922.939453125,6800.1201171875,24991.490234375,4983180000.0,7759960000.0
2025-12-17,6721.43017578125,24647.609375,6812.259765625,25193.41015625,6720.43017578125,24647.609375,6802.8798828125,25167.859375,5122120000.0,8616140000.0
2025-12-18,6774.759765625,25019.369140625,6816.1298828125,25164.1796875,6758.5,24921.44921875,6778.06005859375,25031.490234375,5101190000.0,7977920000.0
2025-12-19,6834.5,25346.1796875,6840.02001953125,25354.8203125,6792.6201171875,25134.259765625,6792.6201171875,25147.30078125,8554470000.0,12874560000.0
2025-12-22,6878.490234375,25461.69921875,6882.02978515625,25554.029296875,6855.740234375,25401.58984375,6865.2099609375,25527.6796875,4465030000.0,7244910000.0
2025-12-23,6909.7900390625,25587.830078125,6910.8798828125,25590.029296875,6868.81005859375,25403.259765625,6872.41015625,25441.419921875,3820560000.0,7518190000.0
2025-12-24,6932.0498046875,25656.150390625,6937.31982421875,25665.279296875,6904.91015625,25556.849609375,6904.91015625,25582.33984375,1798270000.0,3885190000.0
2025-12-26,6929.93994140625,25644.390625,6945.77001953125,25716.7109375,6921.60009765625,25620.3203125,6936.02001953125,25692.6796875,2586550000.0,5170300000.0
2025-12-29,6905.740234375,25525.560546875,6920.2099609375,25598.140625,6888.759765625,25440.970703125,6903.60009765625,25462.25,3541750000.0,6527530000.0
2025-12-30,6896.240234375,25462.560546875,6913.25,25577.580078125,6893.47021484375,25456.9296875,6900.43994140625,25509.880859375,3309930000.0,6769300000.0
2025-12-31,6845.5,25249.849609375,6901.419921875,25483.76953125,6844.5498046875,25244.859375,6898.81982421875,25464.7109375,3261830000.0,5895130000.0
2026-01-02,6858.47021484375,25206.169921875,6894.8701171875,25597.650390625,6824.31005859375,25086.359375,6878.10986328125,25524.26953125,4184120000.0,7331460000.0
2026-01-05,6902.0498046875,25401.3203125,6920.3798828125,25520.51953125,6891.56005859375,25354.66015625,6892.18994140625,25471.7890625,5771930000.0,8737320000.0
2026-01-06,6944.81982421875,25639.7109375,6948.68994140625,25655.119140625,6904.02001953125,25428.080078125,6908.02978515625,25462.060546875,5509680000.0,9012640000.0
2026-01-07,6920.93017578125,25653.900390625,6965.68994140625,25813.169921875,6919.18994140625,25592.400390625,6945.06982421875,25617.80078125,5214480000.0,8396920000.0
2026-01-08,6921.4599609375,25507.099609375,6931.27978515625,25622.310546875,6899.330078125,25400.16015625,6914.10986328125,25615.349609375,5333200000.0,7723140000.0
2026-01-09,6966.27978515625,25766.259765625,6978.35986328125,25811.44921875,6917.64013671875,25455.970703125,6927.830078125,25518.8203125,5163900000.0,8124420000.0
2026-01-12,6977.27001953125,25787.66015625,6986.330078125,25850.859375,6934.06982421875,25602.560546875,6944.1201171875,25616.810546875,5019040000.0,8707170000.0
2026-01-13,6963.740234375,25741.94921875,6985.830078125,25873.1796875,6938.77001953125,25642.109375,6977.41015625,25779.279296875,5091730000.0,9416400000.0
2026-01-14,6926.60009765625,25465.939453125,6941.2998046875,25624.189453125,6885.740234375,25266.19921875,6937.41015625,25575.5703125,5530830000.0,12165220000.0
2026-01-15,6944.47021484375,25547.0703125,6979.33984375,25781.029296875,6937.93017578125,25520.19921875,6969.4599609375,25767.30078125,5114050000.0,9740630000.0
2026-01-16,6940.009765625,25529.259765625,6967.2998046875,25735.48046875,6925.08984375,25444.279296875,6960.5400390625,25710.599609375,5356550000.0,9514500000.0
2026-01-20,6796.85986328125,24987.5703125,6871.169921875,25279.779296875,6789.0498046875,24954.1796875,6865.240234375,25155.029296875,5769500000.0,9469480000.0
2026-01-21,6875.6201171875,25326.580078125,6910.39013671875,25498.810546875,6804.9599609375,24993.98046875,6810.7099609375,25048.55078125,5835520000.0,9162740000.0
2026-01-22,6913.35009765625,25518.349609375,6934.75,25576.51953125,6893.6201171875,25399.490234375,6914.43994140625,25548.380859375,5307580000.0,9034850000.0
2026-01-23,6915.60986328125,25605.470703125,6932.9599609375,25709.740234375,6895.5,25435.01953125,6907.85009765625,25501.91015625,4871930000.0,8228760000.0
2026-01-26,6950.22998046875,25713.2109375,6964.66015625,25797.099609375,6921.60009765625,25578.76953125,6923.22998046875,25631.009765625,4968050000.0,7505250000.0
2026-01-27,6978.60009765625,25939.740234375,6988.81982421875,25982.58984375,6958.830078125,25791.75,6965.9599609375,25852.0390625,5331720000.0,8026050000.0
2026-01-28,6978.02978515625,26022.7890625,7002.27978515625,26165.080078125,6963.4599609375,25974.66015625,7002.0,26121.740234375,5507670000.0,8151580000.0
2026-01-29,6969.009765625,25884.30078125,6992.83984375,26046.33984375,6870.7998046875,25418.5390625,6977.740234375,26030.080078125,6877780000.0,8782210000.0
2026-01-30,6939.02978515625,25552.390625,6964.08984375,25823.2890625,6893.47998046875,25456.1796875,6947.27001953125,25740.189453125,6697340000.0,9255930000.0
2026-02-02,6976.43994140625,25738.609375,6991.919921875,25833.119140625,6914.33984375,25478.5,6916.64013671875,25491.640625,5772050000.0,8882530000.0
2026-02-03,6917.81005859375,25338.619140625,6993.080078125,25840.0390625,6862.0498046875,25112.4609375,6985.4501953125,25811.05078125,7017660000.0,10306320000.0
2026-02-04,6882.72021484375,24891.240234375,6936.08984375,25275.259765625,6838.7998046875,24681.26953125,6924.5,25240.380859375,7475750000.0,10862000000.0
2026-02-05,6798.39990234375,24548.689453125,6857.85009765625,24854.560546875,6780.1298828125,24455.400390625,6837.39013671875,24614.859375,6989120000.0,10109230000.0
2026-02-06,6932.2998046875,25075.76953125,6944.89013671875,25131.33984375,6816.740234375,24622.330078125,6816.740234375,24655.25,6283680000.0,9054400000.0
2026-02-09,6964.81982421875,25268.140625,6980.10009765625,25337.5390625,6905.8701171875,24876.279296875,6917.259765625,24953.6796875,5650260000.0,8174050000.0
2026-02-10,6941.81005859375,25127.640625,6986.830078125,25363.119140625,6937.52978515625,25113.4296875,6974.490234375,25314.23046875,5595950000.0,8513440000.0
2026-02-11,6941.47021484375,25201.259765625,6993.47998046875,25382.83984375,6911.97021484375,24980.2890625,6976.47998046875,25335.91015625,6175510000.0,9927010000.0
2026-02-12,6832.759765625,24687.609375,6973.22021484375,25310.560546875,6824.0400390625,24643.73046875,6957.5400390625,25261.330078125,7118700000.0,8855290000.0
2026-02-13,6836.169921875,24732.73046875,6881.9599609375,24921.470703125,6794.5498046875,24514.9609375,6834.27001953125,24662.94921875,5718360000.0,7964830000.0
2026-02-17,6843.22021484375,24701.599609375,6866.990234375,24818.30078125,6775.5,24387.470703125,6819.85986328125,24567.5390625,5418480000.0,7654300000.0
2026-02-18,6881.31005859375,24898.869140625,6909.1201171875,25057.2109375,6849.66015625,24696.830078125,6855.47998046875,24744.880859375,5098160000.0,7705590000.0
2026-02-19,6861.89013671875,24797.33984375,6879.1201171875,24890.119140625,6833.06005859375,24690.869140625,6861.33984375,24771.650390625,5151690000.0,6984780000.0
2026-02-20,6909.509765625,25012.619140625,6915.85986328125,25077.560546875,6836.330078125,24633.599609375,6843.259765625,24637.3203125,5432480000.0,8063070000.0
2026-02-23,6837.75,24708.939453125,6916.9599609375,24984.8203125,6819.81982421875,24618.23046875,6901.25,24935.51953125,5638350000.0,8263920000.0
2026-02-24,6890.06982421875,24977.0390625,6899.169921875,25022.919921875,6815.43017578125,24643.689453125,6837.3701171875,24763.83984375,5266090000.0,7932270000.0
2026-02-25,6946.1298828125,25329.0390625,6952.509765625,25343.970703125,6915.14990234375,25137.619140625,6915.14990234375,25137.720703125,5328060000.0,8427450000.0
2026-02-26,6908.85986328125,25034.369140625,6947.25,25288.23046875,6859.72998046875,24820.55078125,6944.740234375,25278.25,5889550000.0,9033470000.0
2026-02-27,6878.8798828125,24960.0390625,6882.9599609375,24987.9609375,6831.740234375,24747.25,6856.5400390625,24808.0,6665660000.0,9552610000.0
2026-03-02,6881.6201171875,24992.599609375,6901.009765625,25059.169921875,6796.85009765625,24575.5390625,6824.35986328125,24599.41015625,6079080000.0,8303030000.0
2026-03-03,6816.6298828125,24720.080078125,6840.0498046875,24810.25,6710.419921875,24315.83984375,6800.259765625,24497.380859375,6442080000.0,9705500000.0
2026-03-04,6869.5,25093.6796875,6885.93994140625,25179.359375,6811.64013671875,24795.529296875,6831.68994140625,24850.939453125,5252170000.0,10918410000.0
2026-03-05,6830.7099609375,25020.41015625,6870.43017578125,25174.310546875,6770.77978515625,24744.560546875,6851.080078125,24992.73046875,5989300000.0,10994660000.0
2026-03-06,6740.02001953125,24643.01953125,6773.419921875,24886.69921875,6711.56005859375,24579.859375,6769.02978515625,24663.740234375,5793120000.0,9300220000.0
2026-03-09,6795.990234375,24967.25,6810.43994140625,25019.16015625,6636.0400390625,24289.220703125,6699.7998046875,24429.669921875,6709410000.0,9797740000.0
2026-03-10,6781.47998046875,24956.470703125,6845.080078125,25189.169921875,6759.740234375,24871.439453125,6796.56005859375,25002.609375,5944950000.0,8800580000.0
2026-03-11,6775.7998046875,24965.009765625,6811.14990234375,25152.119140625,6745.58984375,24856.599609375,6790.08984375,25053.240234375,5511090000.0,8348570000.0
2026-03-12,6672.6201171875,24533.580078125,6740.8798828125,24809.26953125,6670.39990234375,24522.240234375,6740.8798828125,24771.3203125,6292170000.0,8490850000.0
2026-03-13,6632.18994140625,24380.73046875,6733.2998046875,24786.650390625,6623.919921875,24336.529296875,6673.490234375,24660.189453125,5337120000.0,8278740000.0
2026-03-16,6699.3798828125,24655.33984375,6729.7900390625,24794.2890625,6674.3701171875,24606.4609375,6674.3701171875,24646.1796875,5176290000.0,8208800000.0
2026-03-17,6716.08984375,24780.419921875,6754.2998046875,24884.6796875,6710.7998046875,24721.560546875,6722.35009765625,24760.26953125,5063390000.0,8505210000.0
2026-03-18,6624.7001953125,24425.08984375,6705.18017578125,24763.580078125,6621.66015625,24417.380859375,6697.16015625,24727.0703125,5275480000.0,9325170000.0
2026-03-19,6606.490234375,24355.279296875,6636.740234375,24462.150390625,6557.81982421875,24100.880859375,6583.1201171875,24119.369140625,5973390000.0,8547870000.0
2026-03-20,6506.47998046875,23898.150390625,6594.66015625,24267.33984375,6473.52001953125,23759.970703125,6594.66015625,24257.560546875,10025820000.0,11743490000.0
2026-03-23,6581.0,24188.58984375,6651.6201171875,24465.16015625,6565.5498046875,24097.6796875,6574.9599609375,24270.76953125,6020650000.0,8895880000.0
2026-03-24,6556.3701171875,24002.44921875,6595.75,24170.830078125,6525.10986328125,23927.689453125,6552.08984375,24042.23046875,5278580000.0,8488380000.0
2026-03-25,6591.89990234375,24162.98046875,6633.93994140625,24314.25,6568.41015625,24081.380859375,6598.35009765625,24236.400390625,4936720000.0,8056920000.0
2026-03-26,6477.16015625,23586.990234375,6573.22021484375,24029.509765625,6473.7900390625,23574.720703125,6555.85986328125,23913.189453125,4845560000.0,7726590000.0
2026-03-27,6368.85009765625,23132.76953125,6453.89013671875,23472.890625,6356.080078125,23088.990234375,6453.89013671875,23463.740234375,5303490000.0,8713310000.0
2026-03-30,6343.72021484375,22953.380859375,6427.31005859375,23356.75,6316.91015625,22841.419921875,6403.3701171875,23307.75,5458640000.0,9234380000.0
2026-03-31,6528.52001953125,23740.189453125,6539.0498046875,23789.599609375,6395.8798828125,23198.640625,6395.8798828125,23208.0,6396100000.0,10645070000.0
2026-04-01,6575.31982421875,24019.990234375,6609.669921875,24162.6796875,6554.2900390625,23871.609375,6556.56005859375,23883.2890625,5637260000.0,8801740000.0
2026-04-02,6582.68994140625,24045.529296875,6601.91015625,24076.349609375,6474.93994140625,23512.599609375,6512.60986328125,23621.73046875,4740740000.0,8134780000.0
2026-04-06,6611.830078125,24192.169921875,6618.1298828125,24265.140625,6579.72021484375,24039.029296875,6587.66015625,24143.01953125,3906440000.0,7907270000.0
2026-04-07,6616.85009765625,24202.369140625,6618.259765625,24209.279296875,6534.5498046875,23779.849609375,6601.93017578125,24109.5703125,4555680000.0,10796020000.0
2026-04-08,6782.81005859375,24903.169921875,6793.5,25045.359375,6740.27978515625,24756.9296875,6754.35986328125,25045.359375,5904880000.0,10411670000.0
2026-04-09,6824.66015625,25082.08984375,6835.31005859375,25097.44921875,6761.5498046875,24788.919921875,6783.68994140625,24918.279296875,4912410000.0,8662470000.0
2026-04-10,6816.89013671875,25116.33984375,6845.77001953125,25226.060546875,6808.4599609375,25057.650390625,6839.240234375,25165.060546875,4393220000.0,8700640000.0
2026-04-13,6886.240234375,25383.720703125,6887.0,25387.689453125,6790.02001953125,24999.19921875,6806.47021484375,25069.0703125,4785840000.0,7925320000.0
2026-04-14,6967.3798828125,25842.0,6969.419921875,25842.0,6905.169921875,25514.55078125,6910.2001953125,25514.55078125,5032380000.0,9105660000.0
2026-04-15,7022.9501953125,26204.580078125,7026.240234375,26214.5703125,6967.1298828125,25828.759765625,6978.169921875,25859.189453125,5278610000.0,10206480000.0
2026-04-16,7041.27978515625,26333.0,7051.22998046875,26400.51953125,7008.52001953125,26113.650390625,7037.77978515625,26256.880859375,5173650000.0,9963610000.0
2026-04-17,7126.06005859375,26672.4296875,7147.52001953125,26719.560546875,7074.5498046875,26481.240234375,7074.5498046875,26551.16015625,6145300000.0,10159120000.0
2026-04-20,7109.14013671875,26590.33984375,7122.64990234375,26670.119140625,7084.41015625,26412.51953125,7117.0498046875,26662.3203125,4661130000.0,8379940000.0
2026-04-21,7064.009765625,26479.470703125,7137.27001953125,26730.640625,7050.2001953125,26405.30078125,7122.64013671875,26658.849609375,5160270000.0,9309940000.0
2026-04-22,7137.89990234375,26937.279296875,7138.64013671875,26942.130859375,7102.91015625,26662.880859375,7102.91015625,26715.919921875,4919460000.0,8080930000.0
2026-04-23,7108.39990234375,26782.630859375,7147.77978515625,27007.869140625,7046.5498046875,26540.3203125,7118.7998046875,26844.609375,5307260000.0,7956600000.0
2026-04-24,7165.080078125,27303.669921875,7168.58984375,27314.2109375,7112.81982421875,26986.390625,7136.47998046875,27082.419921875,4608830000.0,10203070000.0
2026-04-27,7173.91015625,27305.6796875,7178.740234375,27315.23046875,7146.72021484375,27158.880859375,7152.72021484375,27278.279296875,4783750000.0,8126500000.0
2026-04-28,7138.7998046875,27029.009765625,7152.52001953125,27115.76953125,7115.169921875,26877.58984375,7133.740234375,26988.76953125,4900650000.0,7441950000.0
2026-04-29,7135.9501953125,27186.98046875,7145.6298828125,27199.720703125,7107.85986328125,26995.380859375,7131.60986328125,27069.359375,5123100000.0,8147470000.0
2026-04-30,7209.009765625,27452.119140625,7219.830078125,27488.029296875,7126.14990234375,27029.41015625,7161.75,27328.98046875,5723790000.0,8139190000.0
2026-05-01,7230.1201171875,27710.359375,7272.52001953125,27787.119140625,7229.31982421875,27501.4296875,7234.5400390625,27508.5703125,4847390000.0,7534290000.0
2026-05-04,7200.75,27651.8203125,7244.5400390625,27822.369140625,7174.1201171875,27504.08984375,7228.3798828125,27731.33984375,5215480000.0,7849180000.0
2026-05-05,7259.22021484375,28015.060546875,7273.259765625,28065.630859375,7233.6201171875,27844.23046875,7233.6201171875,27895.05078125,5279760000.0,8090030000.0
2026-05-06,7365.1201171875,28599.169921875,7369.22021484375,28608.6796875,7294.14013671875,28208.23046875,7294.14013671875,28234.01953125,6579640000.0,8864150000.0
2026-05-07,7337.10986328125,28563.94921875,7385.02001953125,28825.51953125,7321.25,28440.05078125,7376.77978515625,28612.5390625,6237040000.0,9118880000.0
2026-05-08,7398.93017578125,29234.990234375,7401.5,29234.990234375,7362.97021484375,28751.2109375,7362.97021484375,28768.119140625,5302740000.0,9577150000.0
2026-05-11,7412.83984375,29320.66015625,7428.97021484375,29372.4296875,7384.2001953125,29143.19921875,7385.31005859375,29185.830078125,5821910000.0,11989910000.0
2026-05-12,7400.9599609375,29064.80078125,7409.56982421875,29188.0703125,7338.5400390625,28628.640625,7390.6298828125,29067.359375,5624790000.0,9631840000.0
2026-05-13,7444.25,29366.939453125,7460.0400390625,29452.259765625,7375.1298828125,28968.55078125,7409.1201171875,29159.94921875,5716600000.0,9734720000.0
2026-05-14,7501.240234375,29580.30078125,7517.1201171875,29678.890625,7454.39990234375,29350.099609375,7454.39990234375,29372.650390625,5267050000.0,9860060000.0
2026-05-15,7408.5,29125.19921875,7454.85009765625,29387.439453125,7397.5,28991.419921875,7445.10986328125,29191.359375,5582070000.0,9584430000.0
2026-05-18,7403.0498046875,28994.369140625,7434.06005859375,29250.150390625,7353.169921875,28717.5703125,7415.06982421875,29246.19921875,5489500000.0,10327940000.0
2026-05-19,7353.60986328125,28818.83984375,7395.31982421875,29031.919921875,7333.68017578125,28567.16015625,7375.75,28795.01953125,5441140000.0,9895620000.0
2026-05-20,7432.97021484375,29297.69921875,7435.68994140625,29301.279296875,7357.4599609375,28919.439453125,7369.18994140625,29006.5703125,5384150000.0,9268370000.0
2026-05-21,7445.72021484375,29357.26953125,7465.9599609375,29463.490234375,7389.47998046875,29040.0390625,7410.77978515625,29150.130859375,5440620000.0,8627780000.0
2026-05-22,7473.47021484375,29481.640625,7506.31982421875,29663.890625,7463.2900390625,29423.630859375,7468.81982421875,29476.2890625,4952440000.0,9265090000.0
2026-05-25,,,,,,,,,,
2026-05-26,7519.1201171875,30001.3203125,7539.08984375,30044.490234375,7501.10009765625,29753.08984375,7511.7900390625,29854.580078125,5496060000.0,9718120000.0
2026-05-27,7520.35986328125,29973.5703125,7530.72021484375,30099.7890625,7499.72021484375,29808.890625,7526.009765625,30081.279296875,5524250000.0,9240640000.0
2026-05-28,7563.6298828125,30223.890625,7568.72021484375,30263.189453125,7508.0400390625,29848.759765625,7519.81982421875,30030.630859375,5494860000.0,9224620000.0
2026-05-29,7580.06005859375,30333.1796875,7599.3798828125,30470.029296875,7563.5498046875,30210.009765625,7579.330078125,30333.859375,7858290000.0,11906000000.0
2026-06-01,7599.9599609375,30513.859375,7617.66015625,30633.55078125,7562.60986328125,30241.19921875,7582.2900390625,30295.25,6583960000.0,10199240000.0
2026-06-02,7609.77978515625,30660.599609375,7620.89990234375,30670.109375,7582.990234375,30372.9609375,7595.39990234375,30471.609375,5904410000.0,9675650000.0
2026-06-03,7553.68017578125,30571.240234375,7605.35009765625,30762.19921875,7551.22021484375,30441.80078125,7605.31005859375,30730.109375,5753860000.0,9267670000.0
2026-06-04,7584.31005859375,30407.810546875,7598.18994140625,30541.4296875,7516.5400390625,30092.23046875,7516.5400390625,30174.58984375,5398910000.0,8999970000.0
2026-06-05,7383.740234375,28957.599609375,7541.81005859375,30051.080078125,7368.6298828125,28929.880859375,7537.35986328125,29992.369140625,5591290000.0,11550140000.0
2026-06-08,7405.72998046875,29414.259765625,7466.81005859375,29697.900390625,7395.1298828125,29294.01953125,7440.56982421875,29482.189453125,4898180000.0,10077650000.0
2026-06-09,7386.64990234375,29084.5,7483.14990234375,29805.30078125,7237.85009765625,28196.900390625,7438.66015625,29647.349609375,6006390000.0,12106940000.0
2026-06-10,7266.990234375,28508.029296875,7396.56005859375,29212.380859375,7265.93017578125,28462.919921875,7350.5400390625,28893.8203125,5247300000.0,9519620000.0
2026-06-11,7394.2998046875,29446.1796875,7412.68017578125,29506.669921875,7257.330078125,28548.5,7287.669921875,28731.16015625,5658920000.0,10101910000.0
2026-06-12,7431.4599609375,29635.94921875,7456.39990234375,29733.890625,7363.009765625,29220.830078125,7410.85009765625,29380.6796875,4950530000.0,10337400000.0
2026-06-15,7554.2900390625,30543.919921875,7577.919921875,30587.16015625,7516.75,30285.630859375,7516.75,30289.970703125,5674670000.0,10590270000.0
2026-06-16,7511.35009765625,29968.130859375,7564.9599609375,30560.080078125,7508.68017578125,29962.869140625,7548.77978515625,30455.490234375,5286210000.0,11132830000.0
2026-06-17,7420.10009765625,29670.94921875,7532.169921875,30208.939453125,7402.60986328125,29604.9296875,7524.5,30160.740234375,5883740000.0,11443600000.0
2026-06-18,7500.580078125,30406.189453125,7511.06982421875,30463.76953125,7468.31982421875,30089.349609375,7487.35986328125,30261.599609375,9061110000.0,18286150000.0
2026-06-22,7472.7900390625,30347.080078125,7530.009765625,30642.5703125,7460.009765625,30194.25,7500.43994140625,30529.990234375,5976740000.0,12844290000.0
2026-06-23,7365.4599609375,29347.26953125,7424.169921875,29748.720703125,7347.60009765625,29276.98046875,7366.509765625,29369.25,5640530000.0,14631520000.0
2026-06-24,7358.22021484375,29220.060546875,7428.06005859375,29592.900390625,7336.81982421875,28963.099609375,7370.8798828125,29328.400390625,5994860000.0,14936190000.0
2026-06-25,7357.490234375,29440.3203125,7419.080078125,29843.890625,7323.5,29000.55078125,7404.91015625,29843.890625,5565760000.0,9870860000.0
2026-06-26,7354.02001953125,29118.240234375,7392.9501953125,29413.80078125,7294.18017578125,28890.740234375,7312.740234375,29040.119140625,9105600000.0,16594580000.0
2026-06-29,7440.43017578125,29774.75,7444.31982421875,29792.630859375,7348.8798828125,28991.51953125,7391.8798828125,29310.259765625,5794570000.0,9776230000.0
2026-06-30,7499.35986328125,30276.349609375,7508.2900390625,30328.7890625,7438.0400390625,29767.759765625,7441.27001953125,29792.9296875,6037540000.0,9809990000.0
2026-07-01,7483.22998046875,29809.130859375,7521.81005859375,30084.779296875,7449.6298828125,29787.41015625,7478.83984375,29914.279296875,5782730000.0,9094410000.0
2026-07-02,7483.240234375,29329.2109375,7540.75,30044.5,7427.5498046875,29087.330078125,7495.14013671875,29778.69921875,5463520000.0,9529580000.0
2026-07-06,7537.43017578125,29697.869140625,7551.31005859375,29847.740234375,7500.97021484375,29553.619140625,7506.9599609375,29575.5703125,4971110000.0,7827050000.0
2026-07-07,7503.85009765625,29173.01953125,7536.06005859375,29426.44921875,7478.6298828125,28974.470703125,7516.6298828125,29362.19921875,5049590000.0,8244680000.0
2026-07-08,7482.7099609375,29252.560546875,7488.509765625,29280.580078125,7421.81982421875,28814.5703125,7476.5400390625,29030.330078125,5102020000.0,7935740000.0
2026-07-09,7543.64013671875,29727.099609375,7546.89013671875,29773.740234375,7481.72998046875,29398.470703125,7491.60009765625,29486.609375,4442950000.0,7312220000.0
2026-07-10,7575.39013671875,29825.109375,7579.93017578125,29856.939453125,7508.16015625,29484.490234375,7547.64013671875,29618.33984375,4006370000.0,7094480000.0
2026-07-13,7515.33984375,29264.099609375,7565.3701171875,29541.0,7506.41015625,29189.2109375,7547.52978515625,29471.01953125,4729990000.0,7231310000.0
2026-07-14,7543.58984375,29586.2890625,7557.43994140625,29693.76953125,7513.22998046875,29368.869140625,7536.7001953125,29561.349609375,4836950000.0,7397960000.0
2026-07-15,7572.39990234375,29502.599609375,7581.5,29771.890625,7526.9501953125,29192.890625,7571.72021484375,29759.80078125,5236550000.0,7379560000.0
2026-07-16,7533.77001953125,29025.76953125,7570.740234375,29333.060546875,7504.02001953125,28881.23046875,7558.7998046875,29318.30078125,5365300000.0,8294880000.0
2026-07-17,7457.68994140625,28592.66015625,7498.47021484375,28867.400390625,7431.259765625,28231.3203125,7447.52001953125,28457.330078125,5303290000.0,7820470000.0
2026-07-20,7443.27978515625,28604.23046875,7513.22998046875,29017.23046875,7440.52978515625,28590.400390625,7489.18017578125,28871.16015625,5152910000.0,7184070000.0
2026-07-21,7509.2001953125,29155.1796875,7515.31005859375,29192.2890625,7467.85986328125,28891.0703125,7489.9501953125,29059.439453125,5149030000.0,8001540000.0
2026-07-22,7498.9599609375,28998.099609375,7525.93994140625,29176.91015625,7485.85009765625,28934.51953125,7497.47021484375,28949.810546875,4890390000.0,7473050000.0
2026-07-23,7408.2998046875,28454.810546875,7450.1201171875,28726.619140625,7376.0,28274.51953125,7418.2900390625,28545.98046875,5515210000.0,7655810000.0
2026-07-24,7411.97998046875,28128.33984375,7460.97998046875,28471.48046875,7396.52978515625,28053.080078125,7406.2998046875,28362.150390625,4860620000.0,7266300000.0
2026-07-27,7413.18017578125,28039.2109375,7480.56982421875,28460.19921875,7382.740234375,27786.5390625,7464.2001953125,28412.310546875,5038290000.0,7797890000.0
2026-07-28,7428.77978515625,27763.130859375,7452.08984375,27926.529296875,7382.9501953125,27452.94921875,7395.5498046875,27810.390625,5590890000.0,8584960000.0
2026-07-29,7316.14990234375,27192.310546875,7450.83984375,27954.91015625,7313.919921875,27176.029296875,7418.16015625,27780.4609375,5836350000.0,8276280000.0
2026-07-30,7437.6298828125,28106.349609375,7448.75,28168.419921875,7370.97998046875,27686.369140625,7390.4501953125,27755.4609375,5594430000.0,9048570000.0
2026-07-31,7489.72021484375,28274.19921875,7512.0400390625,28606.779296875,7399.830078125,27954.240234375,7462.1298828125,28446.990234375,5391020000.0,11942500000.0
2026-08-03,7600.5,28776.80078125,7610.0400390625,28842.359375,7504.77978515625,28196.880859375,7504.77978515625,28278.58984375,5201470000.0,11118460000.0
2026-08-04,7736.52001953125,29733.16015625,7758.2099609375,29831.400390625,7629.10009765625,29109.259765625,7630.6201171875,29109.259765625,5906940000.0,9717920000.0
2026-08-05,7723.5498046875,29487.7890625,7793.68017578125,29946.939453125,7720.169921875,29468.330078125,7771.6201171875,29863.26953125,5615640000.0,9116070000.0
2026-08-06,7709.9599609375,29373.330078125,7742.85009765625,29569.759765625,7698.14990234375,29123.380859375,7713.7900390625,29224.380859375,5330830000.0,8936850000.0
2026-08-07,7757.64013671875,29722.30078125,7763.080078125,29747.150390625,7719.18994140625,29452.7109375,7735.18017578125,29596.44921875,5019970000.0,8183970000.0
2026-08-10,7753.10986328125,29621.80078125,7773.759765625,29784.2109375,7743.10986328125,29606.470703125,7751.740234375,29709.490234375,4879540000.0,7675200000.0
2026-08-11,7728.2001953125,29525.48046875,7767.509765625,29705.80078125,7717.25,29427.609375,7767.509765625,29694.69921875,4739500000.0,7684920000.0
2026-08-12,7748.5,29742.599609375,7766.009765625,29881.5,7737.9501953125,29715.880859375,7765.4599609375,29875.1796875,4574170000.0,7873190000.0
2026-08-13,7798.990234375,30084.5,7816.7001953125,30168.05078125,7763.18017578125,29757.619140625,7763.18017578125,29784.060546875,4833230000.0,8380820000.0
2026-08-14,7785.759765625,30046.140625,7810.009765625,30179.8203125,7776.31005859375,29934.66015625,7806.60009765625,30167.130859375,4159900000.0,7212180000.0
2026-08-17,7745.06005859375,29995.380859375,7790.68017578125,30195.720703125,7744.8798828125,29971.919921875,7790.68017578125,30150.779296875,4452630000.0,7644090000.0
2026-08-18,7691.759765625,29490.9609375,7713.9501953125,29677.2890625,7688.6298828125,29425.08984375,7700.0400390625,29594.890625,4602700000.0,7360790000.0
2026-08-19,7707.97998046875,29426.01953125,7743.93017578125,29652.30078125,7700.06982421875,29288.75,7716.740234375,29580.849609375,5184100000.0,8173140000.0
2026-08-20,7641.16015625,29213.16015625,7699.9599609375,29378.80078125,7639.009765625,29118.0703125,7690.490234375,29295.150390625,4759610000.0,8244680000.0
2026-08-21,7674.3701171875,29308.859375,7697.10986328125,29405.119140625,7660.06005859375,29142.439453125,7665.68017578125,29359.599609375,4497270000.0,7410100000.0
2026-08-24,7652.85986328125,29023.1796875,7670.2998046875,29151.970703125,7638.169921875,28875.9609375,7663.3798828125,29094.720703125,4400800000.0,7318150000.0
2026-08-25,7677.27978515625,29209.23046875,7686.10986328125,29338.76953125,7650.919921875,29077.720703125,7676.66015625,29231.1796875,4260240000.0,7483990000.0
2026-08-26,7675.7001953125,29224.51953125,7690.72998046875,29296.76953125,7657.41015625,29096.83984375,7666.8798828125,29130.76953125,4100600000.0,7065320000.0
2026-08-27,7730.990234375,29641.560546875,7741.27001953125,29643.529296875,7689.89013671875,29366.419921875,7710.33984375,29480.990234375,4362240000.0,7448410000.0
2026-08-28,7711.759765625,29433.4296875,7771.47998046875,29752.779296875,7700.91015625,29383.919921875,7735.169921875,29545.900390625,4297560000.0,8457870000.0
2026-08-31,7686.14013671875,29456.970703125,7697.52001953125,29483.900390625,7665.06005859375,29304.490234375,7697.52001953125,29404.2890625,5386090000.0,7679730000.0
2026-09-01,7631.47021484375,29077.220703125,7663.6298828125,29267.419921875,7611.2001953125,28953.259765625,7635.47021484375,29056.580078125,4858180000.0,6750660000.0
2026-09-02,7666.60009765625,29143.330078125,7681.18994140625,29165.619140625,7633.6201171875,28971.900390625,7634.580078125,29016.0,4738910000.0,7442550000.0
2026-09-03,7747.7099609375,29482.3203125,7756.759765625,29538.759765625,7686.7099609375,29160.9609375,7686.7099609375,29234.419921875,4726400000.0,7600140000.0
2026-09-04,7718.60009765625,29544.150390625,7750.18994140625,29655.220703125,7706.1201171875,29440.150390625,7750.18994140625,29539.5703125,4103570000.0,6529110000.0
2026-09-07,,,,,,,,,,
2026-09-08,7673.52001953125,29507.69921875,7717.81005859375,29655.73046875,7666.990234375,29400.69921875,7717.81005859375,29645.1796875,4966930000.0,7714560000.0
2026-09-09,7636.35986328125,29421.55078125,7660.68017578125,29563.599609375,7624.16015625,29334.400390625,7660.68017578125,29431.939453125,4896940000.0,7379700000.0
2026-09-10,7591.7001953125,29103.509765625,7612.85986328125,29250.41015625,7580.06005859375,29038.220703125,7594.740234375,29097.33984375,4893500000.0,7174170000.0
2026-09-11,7656.97998046875,29368.439453125,7677.02001953125,29473.119140625,7636.75,29313.509765625,7636.75,29331.48046875,4722480000.0,6587900000.0
2026-09-14,7619.97998046875,29127.16015625,7647.990234375,29285.5,7592.27978515625,28867.669921875,7611.43994140625,28890.9296875,4963750000.0,7179780000.0
2026-09-15,7585.72998046875,28937.83984375,7617.259765625,29142.80078125,7572.68994140625,28899.4296875,7612.2998046875,29100.16015625,5154930000.0,7934200000.0
2026-09-16,7551.81005859375,28945.060546875,7626.7900390625,29235.890625,7507.77001953125,28753.2890625,7601.25,29110.0390625,5307920000.0,9968640000.0
2026-09-17,7637.759765625,29446.98046875,7646.85986328125,29494.94921875,7611.81005859375,29305.900390625,7631.43994140625,29401.5390625,5058210000.0,9884890000.0
2026-09-18,7650.5,29644.169921875,7657.169921875,29647.80078125,7610.52001953125,29371.890625,7657.169921875,29529.640625,8858350000.0,13286960000.0
2026-09-21,7764.7001953125,30482.349609375,7779.22021484375,30557.33984375,7691.18994140625,29933.220703125,7692.830078125,29947.16015625,4828050000.0,8813260000.0
2026-09-22,7764.64013671875,30732.400390625,7782.18994140625,30770.630859375,7756.259765625,30496.4296875,7770.81005859375,30496.4296875,5286270000.0,9334690000.0
2026-09-23,7706.02978515625,30470.2890625,7761.93994140625,30706.23046875,7694.89013671875,30353.880859375,7761.93994140625,30706.23046875,5110910000.0,8491740000.0
2026-09-24,7704.1298828125,30478.859375,7719.009765625,30529.349609375,7662.56982421875,30204.16015625,7666.990234375,30225.189453125,5316390000.0,8078820000.0
2026-09-25,7743.41015625,30608.130859375,7752.06982421875,30667.560546875,7693.080078125,30413.58984375,7709.85986328125,30517.4609375,4499180000.0,7275260000.0
2026-09-28,7683.68994140625,30276.810546875,7724.14990234375,30480.400390625,7666.60009765625,30081.060546875,7721.7001953125,30426.630859375,5129710000.0,7030730000.0
2026-09-29,7670.83984375,30339.330078125,7699.60009765625,30429.970703125,7653.5498046875,30235.66015625,7699.60009765625,30412.2890625,5023590000.0,7097250000.0
2026-09-30,7651.5400390625,30408.5,7722.8798828125,30630.44921875,7651.5400390625,30408.5,7688.990234375,30421.6796875,4276550000.0,8300260000.0
2026-10-01,7666.4501953125,30501.560546875,7684.75,30616.240234375,7616.77978515625,30274.650390625,7666.47021484375,30533.599609375,5783800000.0,7329610000.0
2026-10-02,7722.72021484375,30807.9296875,7754.669921875,31017.529296875,7700.509765625,30737.0703125,7726.240234375,30869.140625,5277430000.0,7954430000.0
